-- phpMyAdmin SQL Dump
-- version 3.2.0.1
-- http://www.phpmyadmin.net
--
-- 主机: localhost
-- 生成日期: 2013 年 08 月 01 日 15:49
-- 服务器版本: 5.5.8
-- PHP 版本: 5.3.3

SET SQL_MODE="NO_AUTO_VALUE_ON_ZERO";


/*!40101 SET @OLD_CHARACTER_SET_CLIENT=@@CHARACTER_SET_CLIENT */;
/*!40101 SET @OLD_CHARACTER_SET_RESULTS=@@CHARACTER_SET_RESULTS */;
/*!40101 SET @OLD_COLLATION_CONNECTION=@@COLLATION_CONNECTION */;
/*!40101 SET NAMES utf8 */;

--
-- 数据库: `uublog`
--

-- --------------------------------------------------------

--
-- 表的结构 `accounts_userprofile`
--

CREATE TABLE IF NOT EXISTS `accounts_userprofile` (
  `id` int(11) NOT NULL AUTO_INCREMENT,
  `user_id` int(11) NOT NULL,
  `avatar` varchar(100) CHARACTER SET utf8 NOT NULL,
  `nickname` varchar(80) CHARACTER SET utf8 NOT NULL,
  `realname` varchar(80) CHARACTER SET utf8 NOT NULL,
  `gender` int(11) NOT NULL,
  `birthday` datetime NOT NULL,
  `birthcity` varchar(80) CHARACTER SET utf8 NOT NULL,
  `residecity` varchar(80) CHARACTER SET utf8 NOT NULL,
  `affectivestatus` int(11) NOT NULL,
  `lookingfor` int(11) NOT NULL,
  `bloodtype` int(11) NOT NULL,
  `site` varchar(80) CHARACTER SET utf8 NOT NULL,
  `bio` varchar(255) CHARACTER SET utf8 NOT NULL,
  `interest` varchar(255) CHARACTER SET utf8 NOT NULL,
  `sightml` varchar(255) CHARACTER SET utf8 NOT NULL,
  `timeoffset` varchar(80) CHARACTER SET utf8 NOT NULL,
  `qq` varchar(80) CHARACTER SET utf8 NOT NULL,
  `msn` varchar(80) CHARACTER SET utf8 NOT NULL,
  `taobao` varchar(80) CHARACTER SET utf8 NOT NULL,
  `email` varchar(80) CHARACTER SET utf8 NOT NULL,
  `phone` varchar(80) CHARACTER SET utf8 NOT NULL,
  `mobile` varchar(80) CHARACTER SET utf8 NOT NULL,
  `address` varchar(80) CHARACTER SET utf8 NOT NULL,
  `zipcode` varchar(80) CHARACTER SET utf8 NOT NULL,
  PRIMARY KEY (`id`),
  UNIQUE KEY `user_id` (`user_id`)
) ENGINE=InnoDB  DEFAULT CHARSET=gbk AUTO_INCREMENT=29 ;

--
-- 转存表中的数据 `accounts_userprofile`
--

INSERT INTO `accounts_userprofile` (`id`, `user_id`, `avatar`, `nickname`, `realname`, `gender`, `birthday`, `birthcity`, `residecity`, `affectivestatus`, `lookingfor`, `bloodtype`, `site`, `bio`, `interest`, `sightml`, `timeoffset`, `qq`, `msn`, `taobao`, `email`, `phone`, `mobile`, `address`, `zipcode`) VALUES
(1, 1, 'avatar/000/00/01.gif', 'admin', '', 1, '2013-06-21 06:23:14', '', '', 1, 1, 1, '', '', '', '', '', '', '', '', '', '', '', '', ''),
(2, 2, 'avatar/000/00/02.gif', 'uublog', '', 0, '2013-06-21 06:23:14', '', '', 0, 0, 0, '', '', '', '', '', '', '', '', '', '', '', '', ''),
(3, 3, 'avatar/000/00/03.jpg', 'test5', '', 0, '2013-06-28 04:55:10', '', '', 0, 0, 0, '', '', '', '', '', '', '', '', '', '', '', '', ''),
(4, 4, 'avatar/000/00/04.jpg', 'test6', '', 0, '2013-06-28 05:49:48', '', '', 0, 0, 0, '', '', '', '', '', '', '', '', '', '', '', '', ''),
(5, 5, '', 'xiaohuang', '', 0, '2013-06-29 10:36:41', '', '', 0, 0, 2, '', '', '', '', '', '', '', '', '', '', '', '', ''),
(6, 6, '', 'dd', '', 0, '2013-06-30 00:12:12', '', '', 0, 0, 0, '', '', '', '', '', '', '', '', '', '', '', '', ''),
(7, 7, '', 'kongjian1', '', 0, '2013-06-30 12:52:09', '', '', 0, 0, 0, '', '', '', '', '', '', '', '', '', '', '', '', ''),
(8, 8, '', 'kongjian2', '', 0, '2013-06-30 12:52:09', '', '', 0, 0, 0, '', '', '', '', '', '', '', '', '', '', '', '', ''),
(9, 9, '', 'kongjian3', '', 0, '2013-06-30 12:52:09', '', '', 0, 0, 0, '', '', '', '', '', '', '', '', '', '', '', '', ''),
(10, 10, '', 'kongjian4', '', 0, '2013-06-30 12:52:09', '', '', 0, 0, 0, '', '', '', '', '', '', '', '', '', '', '', '', ''),
(11, 11, '', 'qiqi', '', 0, '2013-06-30 13:06:42', '', '', 0, 0, 0, '', '', '', '', '', '', '', '', '', '', '', '', ''),
(12, 12, 'avatar/000/00/12.jpg', 'didi', 'a', 1, '2013-07-01 04:40:08', 'b', 'c', 0, 0, 0, '', '', '', '', '', '', '', '', '', '', '', '', ''),
(13, 13, '', 'bbb', '', 0, '2013-07-02 15:15:49', '', '', 0, 0, 0, '', '', '', '', '', '', '', '', '', '', '', '', ''),
(14, 14, '', 'ddd', '', 0, '2013-07-02 15:34:17', '', '', 0, 0, 0, '', '', '', '', '', '', '', '', '', '', '', '', ''),
(18, 15, '', 'ccc', '', 0, '2013-07-03 01:10:43', '', '', 0, 0, 0, '', '', '', '', '', '', '', '', '', '', '', '', ''),
(19, 16, '', 'ttt', '', 0, '2013-07-03 12:19:10', '', '', 0, 0, 0, '', '', '', '', '', '', '', '', '', '', '', '', ''),
(20, 17, '', 'aaa', '', 0, '2013-07-06 12:07:34', '', '', 0, 0, 0, '', '', '', '', '', '', '', '', '', '', '', '', ''),
(21, 18, '', 'night', '', 0, '2013-07-06 14:38:12', '', '', 0, 0, 0, '', '', '', '', '', '', '', '', '', '', '', '', ''),
(22, 19, '', 'one', '', 1, '2013-07-08 04:46:19', '', '北京 海淀', 0, 0, 0, '', '', '', '', '', '', '', '', '', '', '', '', ''),
(23, 20, '', 'ni', '', 0, '2013-07-08 13:10:57', '', '', 0, 0, 0, '', '', '', '', '', '', '', '', '', '', '', '', ''),
(24, 22, '', 'gg', '', 0, '2013-07-09 12:40:16', '', '', 0, 0, 0, '', '', '', '', '', '', '', '', '', '', '', '', ''),
(25, 23, '', 'tt', '', 0, '2013-07-09 13:41:26', '', '', 0, 0, 0, '', '', '', '', '', '', '', '', '', '', '', '', ''),
(26, 28, '', 'aa', '', 0, '2013-07-10 04:59:31', '', '', 0, 0, 0, '', '', '', '', '', '', '', '', '', '', '', '', ''),
(27, 30, '', 'aab', '', 0, '2013-07-10 05:11:48', '', '北京市 海淀区', 0, 0, 0, '', '', '', '', '', '', '', '', '', '', '', '', ''),
(28, 31, '', 'jianjian', '', 0, '2013-07-21 12:44:41', '', '', 0, 0, 0, '', '', '', '', '', '', '', '', '', '', '', '', '');

-- --------------------------------------------------------

--
-- 表的结构 `auth_group`
--

CREATE TABLE IF NOT EXISTS `auth_group` (
  `id` int(11) NOT NULL AUTO_INCREMENT,
  `name` varchar(80) NOT NULL,
  PRIMARY KEY (`id`),
  UNIQUE KEY `name` (`name`)
) ENGINE=InnoDB DEFAULT CHARSET=gbk AUTO_INCREMENT=1 ;

--
-- 转存表中的数据 `auth_group`
--


-- --------------------------------------------------------

--
-- 表的结构 `auth_permission`
--

CREATE TABLE IF NOT EXISTS `auth_permission` (
  `id` int(11) NOT NULL AUTO_INCREMENT,
  `name` varchar(50) NOT NULL,
  `content_type_id` int(11) NOT NULL,
  `codename` varchar(100) NOT NULL,
  PRIMARY KEY (`id`),
  UNIQUE KEY `content_type_id` (`content_type_id`,`codename`),
  KEY `auth_permission_37ef4eb4` (`content_type_id`)
) ENGINE=InnoDB  DEFAULT CHARSET=gbk AUTO_INCREMENT=46 ;

--
-- 转存表中的数据 `auth_permission`
--

INSERT INTO `auth_permission` (`id`, `name`, `content_type_id`, `codename`) VALUES
(1, 'Can add permission', 1, 'add_permission'),
(2, 'Can change permission', 1, 'change_permission'),
(3, 'Can delete permission', 1, 'delete_permission'),
(4, 'Can add group', 2, 'add_group'),
(5, 'Can change group', 2, 'change_group'),
(6, 'Can delete group', 2, 'delete_group'),
(7, 'Can add user', 3, 'add_user'),
(8, 'Can change user', 3, 'change_user'),
(9, 'Can delete user', 3, 'delete_user'),
(10, 'Can add content type', 4, 'add_contenttype'),
(11, 'Can change content type', 4, 'change_contenttype'),
(12, 'Can delete content type', 4, 'delete_contenttype'),
(13, 'Can add session', 5, 'add_session'),
(14, 'Can change session', 5, 'change_session'),
(15, 'Can delete session', 5, 'delete_session'),
(16, 'Can add site', 6, 'add_site'),
(17, 'Can change site', 6, 'change_site'),
(18, 'Can delete site', 6, 'delete_site'),
(19, 'Can add log entry', 7, 'add_logentry'),
(20, 'Can change log entry', 7, 'change_logentry'),
(21, 'Can delete log entry', 7, 'delete_logentry'),
(22, 'Can add poll', 8, 'add_poll'),
(23, 'Can change poll', 8, 'change_poll'),
(24, 'Can delete poll', 8, 'delete_poll'),
(25, 'Can add choice', 9, 'add_choice'),
(26, 'Can change choice', 9, 'change_choice'),
(27, 'Can delete choice', 9, 'delete_choice'),
(28, 'Can add category', 10, 'add_category'),
(29, 'Can change category', 10, 'change_category'),
(30, 'Can delete category', 10, 'delete_category'),
(31, 'Can add article', 11, 'add_article'),
(32, 'Can change article', 11, 'change_article'),
(33, 'Can delete article', 11, 'delete_article'),
(34, 'Can add comment', 12, 'add_comment'),
(35, 'Can change comment', 12, 'change_comment'),
(36, 'Can delete comment', 12, 'delete_comment'),
(37, 'Can add user profile', 13, 'add_userprofile'),
(38, 'Can change user profile', 13, 'change_userprofile'),
(39, 'Can delete user profile', 13, 'delete_userprofile'),
(40, 'Can add blog', 14, 'add_blog'),
(41, 'Can change blog', 14, 'change_blog'),
(42, 'Can delete blog', 14, 'delete_blog'),
(43, 'Can add user profile', 15, 'add_userprofile'),
(44, 'Can change user profile', 15, 'change_userprofile'),
(45, 'Can delete user profile', 15, 'delete_userprofile');

-- --------------------------------------------------------

--
-- 表的结构 `auth_user`
--

CREATE TABLE IF NOT EXISTS `auth_user` (
  `id` int(11) NOT NULL AUTO_INCREMENT,
  `password` varchar(128) NOT NULL,
  `last_login` datetime NOT NULL,
  `is_superuser` tinyint(1) NOT NULL,
  `username` varchar(30) NOT NULL,
  `first_name` varchar(30) NOT NULL,
  `last_name` varchar(30) NOT NULL,
  `email` varchar(75) NOT NULL,
  `is_staff` tinyint(1) NOT NULL,
  `is_active` tinyint(1) NOT NULL,
  `date_joined` datetime NOT NULL,
  PRIMARY KEY (`id`),
  UNIQUE KEY `username` (`username`)
) ENGINE=InnoDB  DEFAULT CHARSET=gbk AUTO_INCREMENT=32 ;

--
-- 转存表中的数据 `auth_user`
--

INSERT INTO `auth_user` (`id`, `password`, `last_login`, `is_superuser`, `username`, `first_name`, `last_name`, `email`, `is_staff`, `is_active`, `date_joined`) VALUES
(1, 'pbkdf2_sha256$10000$RQkItPnH8YaA$L3sSVZ9fx3IiB+tURKAu2V//cysI0DgvtbfNhUfZpwg=', '2013-07-21 13:12:24', 1, 'admin', '', '', 'admin@uublog.me', 1, 1, '2013-06-21 06:14:25'),
(2, 'pbkdf2_sha256$10000$0mUKHTw3HM9E$tDna0fE8Wi+kEzq9J0UTnuNqv9ZP4ZFIZqtH0BD/oc4=', '2013-07-25 02:27:24', 0, 'uublog', 'uublog', '', 'uublog@sina.com', 0, 1, '2013-06-21 06:47:08'),
(3, 'pbkdf2_sha256$10000$IOHN3DUOYQE0$gqCi+gqQmFqVHzQVxtO45bH31nzmLCmXvjWSzQnj7tM=', '2013-07-25 02:31:14', 0, 'test5', 'test5', '', 'test5@qq.com', 0, 1, '2013-06-28 04:53:05'),
(4, 'pbkdf2_sha256$10000$oUou0un4rs2k$ripZqXRrkFrx1dSIO1M3TUulUBijRulvSx3h/ZxIRxI=', '2013-07-25 02:47:22', 0, 'test6', 'test6', '', 'test6@qq.com', 0, 1, '2013-06-28 06:21:41'),
(5, 'pbkdf2_sha256$10000$mYk4Efs08xDI$6DkQCYDEJnhCXSGvbCR6jc+D7I31s449wZrQ65y7Y5w=', '2013-07-25 02:48:22', 0, 'xiaohuang', 'xiaohuang', '', 'xiaohuang@qq.com', 0, 1, '2013-06-29 10:37:35'),
(6, 'pbkdf2_sha256$10000$y4VTLTmtsPbx$HzXsgLXlV0JJEmGF5mf9xIREiHU5W8DyDikJ44x5Nj4=', '2013-07-25 02:49:44', 0, 'dd', 'dd', '', 'dd@ss.com', 0, 1, '2013-06-30 12:46:42'),
(7, 'pbkdf2_sha256$10000$p4AHhNiNMo5F$0nMVach9vG8Z/QcldgjYHKRVyxEcVOt/xFRecJCH4AU=', '2013-07-25 03:00:49', 0, 'kongjian1', 'kongjian1', '', 'kongjian1', 0, 1, '2013-06-30 12:55:25'),
(8, 'pbkdf2_sha256$10000$xOJzvBRKqZfB$tck/NPcQIZQIGp0dIc5Nds+ijHr8EjYYgznTfirrl3c=', '2013-07-25 04:26:18', 0, 'kongjian2', 'kongjian2', '', 'kongjian2', 0, 1, '2013-06-30 12:55:35'),
(9, 'pbkdf2_sha256$10000$aKyuapmTvy5Y$ju7DprXfMGesATeDCRg7U/c8M1r9+4ckywt9iVIeB68=', '2013-07-25 04:26:35', 0, 'kongjian3', 'kongjian3', '', 'kongjian3', 0, 1, '2013-06-30 12:55:44'),
(10, 'pbkdf2_sha256$10000$aHxTTan3UG27$JDDmDv4hF5a8XiaxvxfoN3cVOzCOv+/tfbELveflYw0=', '2013-07-21 10:28:33', 0, 'kongjian4', 'kongjian4', '', 'kongjian4', 0, 1, '2013-06-30 12:55:54'),
(11, 'pbkdf2_sha256$10000$Opy3n56oaHST$Eo4mGSw4I0yI+ySVHXwcgEdxFuaxJms2wYSThUpRYYY=', '2013-06-30 13:07:16', 0, 'qiqi', 'qiqi', '', 'qiqi', 0, 1, '2013-06-30 13:06:57'),
(12, 'pbkdf2_sha256$10000$4yrKj9hw3bvP$waLBi0eygby0SF7BwCfvKOrtjTWqZ/poVrAh/+JVJOQ=', '2013-07-01 04:49:52', 0, 'didi', 'didi', '', 'didi', 0, 1, '2013-07-01 04:49:43'),
(13, 'pbkdf2_sha256$10000$icBzi2zKue6L$UxNesVA/ndlDuOri3Eh4jOWwYnjfwcGXMrfLxhRLbBs=', '2013-07-02 15:30:15', 0, 'bbb', 'bbb', '', 'bbb', 0, 1, '2013-07-02 15:30:15'),
(14, 'pbkdf2_sha256$10000$cSRHUfMH1sMO$VzkY7J++it7SUskUIkMHwhHi0gK7Gru9DA23SV74te4=', '2013-07-03 01:04:03', 0, 'ddd', 'ddd', '', 'ddd', 0, 1, '2013-07-02 15:34:17'),
(15, 'pbkdf2_sha256$10000$VHI7Ct4ls5Bm$JgQS2bw21fYpgdXxtwpCHfuwj8L60DvUafA+3nOqXbA=', '2013-07-03 01:11:13', 0, 'ccc', 'ccc', '', 'ccc', 0, 1, '2013-07-03 01:11:02'),
(16, 'pbkdf2_sha256$10000$H8dZTbK9C6VI$bWUT0cq0+6i3ieifvhTtFaqfN38FcII1RoNsChlQbuY=', '2013-07-03 12:20:20', 0, 'ttt', 'ttt', '', 'ttt', 0, 1, '2013-07-03 12:20:06'),
(17, 'pbkdf2_sha256$10000$kmOcQqxBylvO$eovLDn6vM7fDPQo1ZfVTQitTB2B6pQc8TiuheXV14Jc=', '2013-07-06 12:08:46', 0, 'aaa', 'aaa', '', 'aaa', 0, 1, '2013-07-06 12:08:32'),
(18, 'pbkdf2_sha256$10000$REm0LX6IIV7e$3JQ+HbTglD0AYioBQDoRgVQjVrFKAyN08VFEy6q79f4=', '2013-07-06 14:46:16', 0, 'night', 'night', '', 'night', 0, 1, '2013-07-06 14:45:59'),
(19, 'pbkdf2_sha256$10000$EP4yNxa9K6Nq$YtUCfneLdEbZw/3bF7rzCLNRL8VMhLLAwgv60Iy88v8=', '2013-07-17 08:03:36', 0, 'one', 'one', '', 'one@ssi.com', 0, 1, '2013-07-08 06:23:16'),
(20, 'pbkdf2_sha256$10000$Uwudg3BjVkjM$cAJLR4CYFQ92sGoB8jVoy2zqInfOTTIySZs8lL+UxpE=', '2013-07-08 13:11:49', 0, 'ni', 'ni', '', 'ni', 0, 1, '2013-07-08 13:11:37'),
(22, 'pbkdf2_sha256$10000$36rJYBZH0VHD$x+mrkTsJFr2Zmq5Vuo8/Hno10pKZf5+HEaLTkTf34bo=', '2013-07-09 12:49:03', 0, 'gg', 'gg', '', 'gg', 0, 1, '2013-07-09 12:48:54'),
(23, 'pbkdf2_sha256$10000$80fT7oyKm6ic$rCcNpYXJ62U9d/2aXw4ZG1sK0fbbi6ypWbM7RnZOTrg=', '2013-07-10 04:33:20', 0, 'tt', 'tt', '', 't@aa.com', 0, 1, '2013-07-09 14:13:29'),
(28, '!', '2013-07-10 05:06:42', 0, 'aa', 'aa', '', '', 0, 1, '2013-07-10 05:06:42'),
(30, 'pbkdf2_sha256$10000$PZ9rxFZCfaJf$q/9SbHQxSe/+2+hTGHMl9bD5MaRojQBzKBVSNoWvut8=', '2013-07-21 12:22:43', 0, 'aab', 'aab', '', 'a@a.com', 0, 1, '2013-07-10 06:45:15'),
(31, 'pbkdf2_sha256$10000$sz0FszGbMfsh$ByBR119CkM2El8MO3fKw7pAh9hELC0Krl4JpfhmgCUo=', '2013-07-21 12:48:40', 0, 'jianjian', 'jianjian', '', 'jianjian@sina.com', 0, 1, '2013-07-21 12:48:27');

-- --------------------------------------------------------

--
-- 表的结构 `auth_user_groups`
--

CREATE TABLE IF NOT EXISTS `auth_user_groups` (
  `id` int(11) NOT NULL AUTO_INCREMENT,
  `user_id` int(11) NOT NULL,
  `group_id` int(11) NOT NULL,
  PRIMARY KEY (`id`),
  UNIQUE KEY `user_id` (`user_id`,`group_id`),
  KEY `auth_user_groups_6340c63c` (`user_id`),
  KEY `auth_user_groups_5f412f9a` (`group_id`)
) ENGINE=InnoDB DEFAULT CHARSET=gbk AUTO_INCREMENT=1 ;

--
-- 转存表中的数据 `auth_user_groups`
--


-- --------------------------------------------------------

--
-- 表的结构 `auth_user_user_permissions`
--

CREATE TABLE IF NOT EXISTS `auth_user_user_permissions` (
  `id` int(11) NOT NULL AUTO_INCREMENT,
  `user_id` int(11) NOT NULL,
  `permission_id` int(11) NOT NULL,
  PRIMARY KEY (`id`),
  UNIQUE KEY `user_id` (`user_id`,`permission_id`),
  KEY `auth_user_user_permissions_6340c63c` (`user_id`),
  KEY `auth_user_user_permissions_83d7f98b` (`permission_id`)
) ENGINE=InnoDB DEFAULT CHARSET=gbk AUTO_INCREMENT=1 ;

--
-- 转存表中的数据 `auth_user_user_permissions`
--


-- --------------------------------------------------------

--
-- 表的结构 `blog_article`
--

CREATE TABLE IF NOT EXISTS `blog_article` (
  `id` int(11) NOT NULL AUTO_INCREMENT,
  `channel1_id` int(11) DEFAULT '0',
  `channel2_id` int(11) NOT NULL DEFAULT '0',
  `category_id` int(11) NOT NULL,
  `title` varchar(200) CHARACTER SET utf8 NOT NULL,
  `titlestyle` varchar(80) CHARACTER SET utf8 DEFAULT NULL,
  `titlepic` varchar(512) CHARACTER SET utf8 NOT NULL,
  `tags` varchar(120) CHARACTER SET utf8 NOT NULL,
  `summary` varchar(500) CHARACTER SET utf8 NOT NULL,
  `content` longtext CHARACTER SET utf8 NOT NULL,
  `createtime` datetime NOT NULL,
  `views` int(11) NOT NULL,
  `comments` int(11) NOT NULL,
  `goods` int(11) NOT NULL,
  `bads` int(11) NOT NULL,
  `status` tinyint(1) NOT NULL DEFAULT '1',
  `user_id` int(11) NOT NULL,
  `username` varchar(80) CHARACTER SET utf8 NOT NULL,
  `istop` tinyint(1) NOT NULL DEFAULT '1',
  `isoriginal` tinyint(1) NOT NULL DEFAULT '1',
  `cancomment` tinyint(1) NOT NULL DEFAULT '1',
  `password` varchar(80) CHARACTER SET utf8 NOT NULL,
  `ishome` tinyint(1) NOT NULL DEFAULT '0' COMMENT '系统首页',
  `isrecommend` tinyint(1) NOT NULL DEFAULT '0' COMMENT '系统推荐',
  PRIMARY KEY (`id`),
  KEY `blog_article_6f33f001` (`category_id`)
) ENGINE=InnoDB  DEFAULT CHARSET=gbk AUTO_INCREMENT=105 ;

--
-- 转存表中的数据 `blog_article`
--

INSERT INTO `blog_article` (`id`, `channel1_id`, `channel2_id`, `category_id`, `title`, `titlestyle`, `titlepic`, `tags`, `summary`, `content`, `createtime`, `views`, `comments`, `goods`, `bads`, `status`, `user_id`, `username`, `istop`, `isoriginal`, `cancomment`, `password`, `ishome`, `isrecommend`) VALUES
(1, 10, 0, 2, 'Python 笔记——2 数据运算', '', '', '', '昨天写了关于Python文法，今天写点关于Python的数据运算的基本知识。1.数字类型运算　　在Python的 / 这个符号的运算中，只会返回float类型的数据。&nbsp;　当然你发现了，上述的最后一个例子中，或许和你想象的不大一样，\\&#39;不应该转义了么？这种情况下就不就结了。　　这时我们就可以使用print()函数来输出字符串，这种方式可读性更强。它会把所有转义字符都处理掉。&gt;', '<p style="; ; line-height: 19px; font-size: 13px; font-family: Verdana, Arial, Helvetica, sans-serif; orphans: 2; white-space: normal; widows: 2; background-color: rgb(254, 254, 242);"><span style="margin-top: 0px; margin-right: 0px; margin-bottom: 0px; margin-left: 0px; padding-top: 0px; padding-right: 0px; padding-bottom: 0px; padding-left: 0px; line-height: 1.5; font-size: 16px; ">昨天写了关于Python文法，今天写点关于Python的数据运算的基本知识。</span></p><p style="; ; line-height: 19px; font-size: 13px; font-family: Verdana, Arial, Helvetica, sans-serif; orphans: 2; white-space: normal; widows: 2; background-color: rgb(254, 254, 242);"><span style="margin-top: 0px; margin-right: 0px; margin-bottom: 0px; margin-left: 0px; padding-top: 0px; padding-right: 0px; padding-bottom: 0px; padding-left: 0px; line-height: 1.5; color: rgb(163, 133, 233); "><strong style="margin-top: 0px; margin-right: 0px; margin-bottom: 0px; margin-left: 0px; padding-top: 0px; padding-right: 0px; padding-bottom: 0px; padding-left: 0px; "><span style="margin-top: 0px; margin-right: 0px; margin-bottom: 0px; margin-left: 0px; padding-top: 0px; padding-right: 0px; padding-bottom: 0px; padding-left: 0px; line-height: 1.5; font-size: 16px; ">1.数字类型运算</span></strong></span></p><p style="; ; line-height: 19px; font-size: 13px; font-family: Verdana, Arial, Helvetica, sans-serif; orphans: 2; white-space: normal; widows: 2; background-color: rgb(254, 254, 242);"><span style="margin-top: 0px; margin-right: 0px; margin-bottom: 0px; margin-left: 0px; padding-top: 0px; padding-right: 0px; padding-bottom: 0px; padding-left: 0px; line-height: 1.5; font-size: 16px; ">　　在Python的 / 这个符号的运算中，只会返回float类型的数据。</span>&nbsp;</p><p style="; ; line-height: 19px; font-size: 13px; font-family: Verdana, Arial, Helvetica, sans-serif; orphans: 2; white-space: normal; widows: 2; background-color: rgb(254, 254, 242);">　<span style="margin-top: 0px; margin-right: 0px; margin-bottom: 0px; margin-left: 0px; padding-top: 0px; padding-right: 0px; padding-bottom: 0px; padding-left: 0px; line-height: 1.5; font-size: 16px; ">当然你发现了，上述的最后一个例子中，或许和你想象的不大一样，\\&#39;不应该转义了么？这种情况下就不就结了。</span></p><p style="; ; line-height: 19px; font-size: 13px; font-family: Verdana, Arial, Helvetica, sans-serif; orphans: 2; white-space: normal; widows: 2; background-color: rgb(254, 254, 242);"><span style="margin-top: 0px; margin-right: 0px; margin-bottom: 0px; margin-left: 0px; padding-top: 0px; padding-right: 0px; padding-bottom: 0px; padding-left: 0px; line-height: 1.5; font-size: 16px; ">　　这时我们就可以使用print()函数来输出字符串，这种方式可读性更强。它会把所有转义字符都处理掉。</span></p><p><span class="cnblogs_code_copy" style="margin: 0px; padding: 0px 5px 0px 0px; line-height: 1.5;"><a title="复制代码" style="margin: 0px; padding: 0px; color: rgb(7, 93, 179); text-decoration: underline; border: none !important;"><img src="http://common.cnblogs.com/images/copycode.gif" alt="复制代码" style="margin: 0px; padding: 0px; border: none !important;"/></a></span></p><pre style="margin-top: 0px; margin-bottom: 0px; padding: 0px; white-space: pre-wrap; word-wrap: break-word; font-family: &#39;Courier New&#39;;">&gt;&gt;&gt;&nbsp;print(&#39;&quot;I\\&#39;m&nbsp;Programmer.&quot;I&nbsp;said.&#39;)\r\n&quot;I&#39;m&nbsp;Programmer.&quot;I&nbsp;said.\r\n&gt;&gt;&gt;&nbsp;a&nbsp;=&nbsp;&#39;C++&nbsp;\\n&nbsp;java&#39;\r\n&gt;&gt;&gt;&nbsp;a\r\n&#39;C++&nbsp;\\n&nbsp;java&#39;\r\n&gt;&gt;&gt;&nbsp;print(a)\r\nC++&nbsp;\r\n&nbsp;java</pre><p><span class="cnblogs_code_copy" style="margin: 0px; padding: 0px 5px 0px 0px; line-height: 1.5;"><a title="复制代码" style="margin: 0px; padding: 0px; color: rgb(7, 93, 179); text-decoration: underline; border: none !important;"><img src="http://common.cnblogs.com/images/copycode.gif" alt="复制代码" style="margin: 0px; padding: 0px; border: none !important;"/></a></span></p><p style="; ; line-height: 19px; font-size: 13px; font-family: Verdana, Arial, Helvetica, sans-serif; orphans: 2; white-space: normal; widows: 2; background-color: rgb(254, 254, 242);">&nbsp;</p><p style="; ; line-height: 19px; font-size: 13px; font-family: Verdana, Arial, Helvetica, sans-serif; orphans: 2; white-space: normal; widows: 2; background-color: rgb(254, 254, 242);">&nbsp;<span style="margin-top: 0px; margin-right: 0px; margin-bottom: 0px; margin-left: 0px; padding-top: 0px; padding-right: 0px; padding-bottom: 0px; padding-left: 0px; line-height: 1.5; font-size: 16px; ">　　有时候会输入文件路径，万一输入了c:\\name，岂不是一个很纠结的情况。这就需要在字符串前面加r，防止转义。</span></p><pre style="margin-top: 0px; margin-bottom: 0px; padding: 0px; white-space: pre-wrap; word-wrap: break-word; font-family: &#39;Courier New&#39;;">&gt;&gt;&gt;&nbsp;print(&#39;c:\\name&#39;)\r\nc:\r\name\r\n&gt;&gt;&gt;&nbsp;print(r&#39;c:\\name&#39;)\r\nc:\\name</pre><p style="; ; line-height: 19px; font-size: 13px; font-family: Verdana, Arial, Helvetica, sans-serif; orphans: 2; white-space: normal; widows: 2; background-color: rgb(254, 254, 242);">&nbsp;<span style="margin-top: 0px; margin-right: 0px; margin-bottom: 0px; margin-left: 0px; padding-top: 0px; padding-right: 0px; padding-bottom: 0px; padding-left: 0px; line-height: 1.5; font-size: 16px; ">　　需要打印跨行字符串时，使用&#39;&#39;&#39;....&#39;&#39;&#39;三引号符，在第一个三引号后面加反斜杠。</span></p><p><span class="cnblogs_code_copy" style="margin: 0px; padding: 0px 5px 0px 0px; line-height: 1.5;"><a title="复制代码" style="margin: 0px; padding: 0px; color: rgb(7, 93, 179); text-decoration: underline; border: none !important;"><img src="http://common.cnblogs.com/images/copycode.gif" alt="复制代码" style="margin: 0px; padding: 0px; border: none !important;"/></a></span></p><pre style="margin-top: 0px; margin-bottom: 0px; padding: 0px; white-space: pre-wrap; word-wrap: break-word; font-family: &#39;Courier New&#39;;">&gt;&gt;&gt;&nbsp;print(&#39;&#39;&#39;\\\r\nList&nbsp;of&nbsp;Number:\r\n&nbsp;&nbsp;&nbsp;&nbsp;one\r\n&nbsp;&nbsp;&nbsp;&nbsp;two\r\n&#39;&#39;&#39;)\r\nList&nbsp;of&nbsp;Number:\r\n&nbsp;&nbsp;&nbsp;&nbsp;one\r\n&nbsp;&nbsp;&nbsp;&nbsp;two</pre><p><span class="cnblogs_code_copy" style="margin: 0px; padding: 0px 5px 0px 0px; line-height: 1.5;"><a title="复制代码" style="margin: 0px; padding: 0px; color: rgb(7, 93, 179); text-decoration: underline; border: none !important;"><img src="http://common.cnblogs.com/images/copycode.gif" alt="复制代码" style="margin: 0px; padding: 0px; border: none !important;"/></a></span></p><p style="; ; line-height: 19px; font-size: 13px; font-family: Verdana, Arial, Helvetica, sans-serif; orphans: 2; white-space: normal; widows: 2; background-color: rgb(254, 254, 242);"><span style="margin-top: 0px; margin-right: 0px; margin-bottom: 0px; margin-left: 0px; padding-top: 0px; padding-right: 0px; padding-bottom: 0px; padding-left: 0px; line-height: 1.5; font-size: 15px; ">&nbsp;　　接下来讲解一下字符串的连接，使用+加号连接，或者不加符号。另外可以用*乘号表示几个字符串连接。</span></p><pre style="margin-top: 0px; margin-bottom: 0px; padding: 0px; white-space: pre-wrap; word-wrap: break-word; font-family: &#39;Courier New&#39;;">&gt;&gt;&gt;&nbsp;3&nbsp;*&nbsp;&#39;hi&#39;&nbsp;+&nbsp;&#39;,tom&#39;\r\n&#39;hihihi,tom&#39;\r\n&gt;&gt;&gt;&nbsp;&#39;hi&#39;&#39;,tom&#39;\r\n&#39;hi,tom&#39;</pre><p style="; ; line-height: 19px; font-size: 13px; font-family: Verdana, Arial, Helvetica, sans-serif; orphans: 2; white-space: normal; widows: 2; background-color: rgb(254, 254, 242);"><span style="margin-top: 0px; margin-right: 0px; margin-bottom: 0px; margin-left: 0px; padding-top: 0px; padding-right: 0px; padding-bottom: 0px; padding-left: 0px; line-height: 1.5; font-size: 15px; ">　　字符串可作为一个数组使用，它的每一个元素便是一个字符。从左边开始的话，第一个元素的索引（index）是0；从右边开始的话，第一个元素的索引是-1。</span></p><p style="; ; line-height: 19px; font-size: 13px; font-family: Verdana, Arial, Helvetica, sans-serif; orphans: 2; white-space: normal; widows: 2; background-color: rgb(254, 254, 242);"><span style="margin-top: 0px; margin-right: 0px; margin-bottom: 0px; margin-left: 0px; padding-top: 0px; padding-right: 0px; padding-bottom: 0px; padding-left: 0px; line-height: 1.5; font-size: 15px; ">　　随便一提，-0和0是一个概念。</span></p><p><span class="cnblogs_code_copy" style="margin: 0px; padding: 0px 5px 0px 0px; line-height: 1.5;"><a title="复制代码" style="margin: 0px; padding: 0px; color: rgb(7, 93, 179); text-decoration: underline; border: none !important;"><img src="http://common.cnblogs.com/images/copycode.gif" alt="复制代码" style="margin: 0px; padding: 0px; border: none !important;"/></a></span></p><pre style="margin-top: 0px; margin-bottom: 0px; padding: 0px; white-space: pre-wrap; word-wrap: break-word; font-family: &#39;Courier New&#39;;">&gt;&gt;&gt;&nbsp;word&nbsp;=&nbsp;&#39;Python&#39;\r\n&gt;&gt;&gt;&nbsp;word[0]\r\n&#39;P&#39;\r\n&gt;&gt;&gt;&nbsp;word[2]\r\n&#39;t&#39;\r\n&gt;&gt;&gt;&nbsp;word[-1]\r\n&#39;n&#39;\r\n&gt;&gt;&gt;&nbsp;word[-3]\r\n&#39;h&#39;</pre><p><span class="cnblogs_code_copy" style="margin: 0px; padding: 0px 5px 0px 0px; line-height: 1.5;"><a title="复制代码" style="margin: 0px; padding: 0px; color: rgb(7, 93, 179); text-decoration: underline; border: none !important;"><img src="http://common.cnblogs.com/images/copycode.gif" alt="复制代码" style="margin: 0px; padding: 0px; border: none !important;"/></a></span></p><p style="; ; line-height: 19px; font-size: 13px; font-family: Verdana, Arial, Helvetica, sans-serif; orphans: 2; white-space: normal; widows: 2; background-color: rgb(254, 254, 242);">　　<span style="margin-top: 0px; margin-right: 0px; margin-bottom: 0px; margin-left: 0px; padding-top: 0px; padding-right: 0px; padding-bottom: 0px; padding-left: 0px; line-height: 1.5; font-size: 15px; ">在Python中截取字符串，</span></p><p><br/></p>', '2013-06-21 07:23:12', 30, 1, 0, 0, 1, 2, 'uublog', 1, 1, 1, '', 0, 0),
(2, 0, 0, 2, '传微软欲收购诺基亚 但谈判已破裂', '', '', '', '发言人称，他们与微软有深度的合作，并且他们之间也经常有常规会谈。而微软发言人则拒绝对此作出评论。谈判破裂归结于价格和诺基亚的战略处境微软和诺基亚谈判破裂的部分原因是诺基亚的价格和其目前处境等问题。是的，在格局上诺基亚不仅落后于苹果和三星，而如今许多亚洲新贵公司在智能手机和其他移动设备上也能迅速获得市场份额。两年多前，微软与诺基亚达成战略合作，诺基亚同意在其智能手机中使用微软独家的操作系统，双方这次', '<p style="word-wrap: break-word; ; ; ; font-size: 14px; orphans: 2; white-space: normal; widows: 2; background-color: rgb(255, 255, 255); list-style-type: none; color: rgb(51, 51, 51); font-family: Helvetica, Tahoma, Arial, sans-serif; line-height: 24px;">发言人称，他们与微软有深度的合作，并且他们之间也经常有常规会谈。而微软发言人则拒绝对此作出评论。</p><p style="word-wrap: break-word; ; ; ; font-size: 14px; orphans: 2; white-space: normal; widows: 2; background-color: rgb(255, 255, 255); list-style-type: none; color: rgb(51, 51, 51); font-family: Helvetica, Tahoma, Arial, sans-serif; line-height: 24px;"><strong style="word-wrap: break-word; ">谈判破裂归结于价格和诺基亚的战略处境</strong></p><p style="word-wrap: break-word; ; ; ; font-size: 14px; orphans: 2; white-space: normal; widows: 2; background-color: rgb(255, 255, 255); list-style-type: none; color: rgb(51, 51, 51); font-family: Helvetica, Tahoma, Arial, sans-serif; line-height: 24px;">微软和诺基亚谈判破裂的部分原因是诺基亚的价格和其目前处境等问题。是的，在格局上诺基亚不仅落后于苹果和三星，而如今许多亚洲新贵公司在智能手机和其他移动设备上也能迅速获得市场份额。</p><p style="word-wrap: break-word; ; ; ; font-size: 14px; orphans: 2; white-space: normal; widows: 2; background-color: rgb(255, 255, 255); list-style-type: none; color: rgb(51, 51, 51); font-family: Helvetica, Tahoma, Arial, sans-serif; line-height: 24px;">两年多前，微软与诺基亚达成战略合作，诺基亚同意在其智能手机中使用微软独家的操作系统，双方这次的战略合作被称是美国软件巨头和手机领域先锋间的合作，在这方面双方都取得了重大进展。在达成战略合作后的两年时间，两家公司都很努力试图适应这个消费者偏爱苹果和三星手机的世界，但这次合作至今为止也未能显著提升这两家公司的移动命运。</p><p style="word-wrap: break-word; ; ; ; font-size: 14px; orphans: 2; white-space: normal; widows: 2; background-color: rgb(255, 255, 255); list-style-type: none; color: rgb(51, 51, 51); font-family: Helvetica, Tahoma, Arial, sans-serif; line-height: 24px;">诺基亚目前的股价约为3.84美元，较去年同期相比上涨了50％，其市值目前大约为140亿美元，这与历史最高点相比其价值是大幅下滑。对于这次可能会达成的收购，最有利的一个因素是微软可以使用离岸现金达成交易。据悉，微软在一海外的子公司目前大约有660亿美元的储备，但由于面临一大笔税单而最终没有带回美国。</p><p style="word-wrap: break-word; ; ; ; font-size: 14px; orphans: 2; white-space: normal; widows: 2; background-color: rgb(255, 255, 255); list-style-type: none; color: rgb(51, 51, 51); font-family: Helvetica, Tahoma, Arial, sans-serif; line-height: 24px;">尽管微软的移动操作系统Windows Phone目前已超越 BlackBerry，成为世界第三大智能手机系统，但它仍旧是在Android激烈的竞争中艰难前行。数据分析机构IDC表示，在今年第一季度Windows Phone出货量占了3.2％的市场份额，而三星、摩托罗拉等其他手机商城搭配Android系统的手机出货量则达到了75％。可以说不论是对诺基亚还是微软而言，他们目前这个战略合作并未达到人们预期想象的高度。（文/张勇 责编/魏兵）</p><p><br/></p>', '2013-06-22 01:13:51', 1, 0, 0, 0, 1, 2, 'uublog', 1, 1, 1, '', 0, 0),
(3, 0, 0, 2, '如何在django中 执行原始SQL', '', '', '', '如何在django中 执行原始SQLhttp://www.djangochina.cn/forum.php?mod=viewthread&amp;tid=167&amp;fromuid=2(出处: Django中国|Django中文社区)Django提供两种方式执行(performing)原始的SQL查询：（1）、Manager.raw():执行原始查询并返回模型实例（2）、Executing c', '<p>如何在django中 执行原始SQL</p><p>http://www.djangochina.cn/forum.php?mod=viewthread&amp;tid=167&amp;fromuid=2</p><p>(出处: Django中国|Django中文社区)</p><table cellspacing="0" cellpadding="0" data-find="_4" width="757"><tbody data-find="_3" style="word-wrap: break-word; "><tr data-find="_2" style="word-wrap: break-word; "><td class="t_f" id="postmessage_208" data-find="_1" style="word-wrap: break-word; font-size: 14px; "><br style="word-wrap: break-word; "/>Django提供两种方式执行(performing)原始的SQL查询：<br style="word-wrap: break-word; "/><br style="word-wrap: break-word; "/>（1）、Manager.raw():执行原始查询并返回模型实例<br style="word-wrap: break-word; "/><br style="word-wrap: break-word; "/>（2）、Executing custom SQL directly：直接执行自定义SQL，这种方式可以完全避免数据模型，而是直接执行原始的SQL语句。<br style="word-wrap: break-word; "/><br style="word-wrap: break-word; "/><span style="word-wrap: break-word; font-weight: 700; ">raw()方法</span><br style="word-wrap: break-word; "/>The raw() manager method can be used to perform raw SQL queries that return model instances:<br style="word-wrap: break-word; "/>　　Manager.raw(raw_query, params=None, translations=None)<br style="word-wrap: break-word; "/><br style="word-wrap: break-word; "/>用法：<ol style="word-wrap: break-word; margin-left: 10px !important; padding: 0px !important;" class=" list-paddingleft-2"><li><p>&gt;&gt;&gt; for p in Person.objects.raw(&#39;SELECT * FROM Person LIMIT 2&#39;):<br style="word-wrap: break-word; "/></p></li><li><p>...&nbsp; &nbsp;&nbsp;&nbsp;print p<br style="word-wrap: break-word; "/></p></li><li><p>John Smith<br style="word-wrap: break-word; "/></p></li><li><p>Jane Jones</p></li></ol><p><span style="word-wrap: break-word; margin-left: 43px; font-size: 12px; cursor: pointer; color: rgb(51, 102, 153) !important;">复制代码</span></p>注意，原始SQL里的model，如果在db_table 没有定义，则使用app的名称，后面下划线 后面接模型类的名称,如&quot;Myblog_New&quot;;上面的例子，在定义类的时候已经这样处理了：<ol style="word-wrap: break-word; margin-left: 10px !important; padding: 0px !important;" class=" list-paddingleft-2"><li><p>Class New(models.Model):<br style="word-wrap: break-word; "/></p></li><li><p>&nbsp; &nbsp; ......<br style="word-wrap: break-word; "/></p></li><li><p>&nbsp; &nbsp; ......<br style="word-wrap: break-word; "/></p></li><li><p>#自定义表名<br style="word-wrap: break-word; "/></p></li><li><p>&nbsp; &nbsp; class Meta:<br style="word-wrap: break-word; "/></p></li><li><p>&nbsp; &nbsp;&nbsp; &nbsp;&nbsp;&nbsp;db_table = &#39;New&#39;</p></li></ol><p><span style="word-wrap: break-word; margin-left: 43px; font-size: 12px; cursor: pointer; color: rgb(51, 102, 153) !important;">复制代码</span></p>2、查询字段隐射到模型字段（Mapping query fields to model fields）<br style="word-wrap: break-word; "/><br style="word-wrap: break-word; "/>raw() automatically maps fields in the query to fields on the model.并且是通过名称来匹配，这意味着我们可以使用SQL子句(clause)<ol style="word-wrap: break-word; margin-left: 10px !important; padding: 0px !important;" class=" list-paddingleft-2"><li><p>&gt;&gt;&gt; Person.objects.raw(&#39;&#39;&#39;SELECT first AS first_name,<br style="word-wrap: break-word; "/></p></li><li><p>...&nbsp; &nbsp;&nbsp; &nbsp;&nbsp; &nbsp;&nbsp; &nbsp;&nbsp; &nbsp;&nbsp; &nbsp;&nbsp; &nbsp;&nbsp; &nbsp;&nbsp; &nbsp;&nbsp; &nbsp;last AS last_name,<br style="word-wrap: break-word; "/></p></li><li><p>...&nbsp; &nbsp;&nbsp; &nbsp;&nbsp; &nbsp;&nbsp; &nbsp;&nbsp; &nbsp;&nbsp; &nbsp;&nbsp; &nbsp;&nbsp; &nbsp;&nbsp; &nbsp;&nbsp; &nbsp;bd AS birth_date,<br style="word-wrap: break-word; "/></p></li><li><p>...&nbsp; &nbsp;&nbsp; &nbsp;&nbsp; &nbsp;&nbsp; &nbsp;&nbsp; &nbsp;&nbsp; &nbsp;&nbsp; &nbsp;&nbsp; &nbsp;&nbsp; &nbsp;&nbsp; &nbsp;pk as id,<br style="word-wrap: break-word; "/></p></li><li><p>...&nbsp; &nbsp;&nbsp; &nbsp;&nbsp; &nbsp;&nbsp; &nbsp;&nbsp; &nbsp;&nbsp; &nbsp;&nbsp; &nbsp;&nbsp;&nbsp;FROM some_other_table&#39;&#39;&#39;)</p></li></ol><p><span style="word-wrap: break-word; margin-left: 43px; font-size: 12px; cursor: pointer; color: rgb(51, 102, 153) !important;">复制代码</span></p>返回一个RawQuerySet对象<br style="word-wrap: break-word; "/><br style="word-wrap: break-word; "/>3、索引查找(Index lookups)<ol style="word-wrap: break-word; margin-left: 10px !important; padding: 0px !important;" class=" list-paddingleft-2"><li><p>first_person = Person.objects.raw(&#39;SELECT * from myapp_person&#39;)[0]<br style="word-wrap: break-word; "/></p></li><li><p>first_person = Person.objects.raw(&#39;SELECT * from myapp_person LIMIT 1&#39;)[0]<br style="word-wrap: break-word; "/></p></li><li><p>#然而,索引和切片不是在数据库级别上执行(除LIMIT外)</p></li></ol><p><span style="word-wrap: break-word; margin-left: 43px; font-size: 12px; cursor: pointer; color: rgb(51, 102, 153) !important;">复制代码</span></p>4、延迟模型字段（Deferring model fields）<br style="word-wrap: break-word; "/><br style="word-wrap: break-word; "/>Fields may also be left out（left out：忽视，不考虑；被遗忘），这意味着该字段的查询将会被排除在根据需要时的加载。<ol style="word-wrap: break-word; margin-left: 10px !important; padding: 0px !important;" class=" list-paddingleft-2"><li><p>&gt;&gt;&gt; for p in Person.objects.raw(&#39;SELECT id, first_name FROM myapp_person&#39;):<br style="word-wrap: break-word; "/></p></li><li><p>...&nbsp; &nbsp;&nbsp;&nbsp;print p.first_name, # 这将检索到原始查询<br style="word-wrap: break-word; "/></p></li><li><p>...&nbsp; &nbsp;&nbsp;&nbsp;print p.last_name # 这将检索需求<br style="word-wrap: break-word; "/></p></li><li><p>...<br style="word-wrap: break-word; "/></p></li><li><p>John Smith<br style="word-wrap: break-word; "/></p></li><li><p>Jane Jones</p></li></ol><p><span style="word-wrap: break-word; margin-left: 43px; font-size: 12px; cursor: pointer; color: rgb(51, 102, 153) !important;">复制代码</span></p>这个例子其实检索了三个字段，一个主键(必需)、一个原始SQL字段、一个需求字段。这里主键字段不能省略，否则会出错，如下：<br style="word-wrap: break-word; "/><img id="aimg_CLmSm" class="zoom" width="600" height="209" file="http://images.cnitblog.com/blog/476998/201305/27114117-a12a23e0f4cb421e83e506c6fd6e0b14.png" border="0" alt="" src="http://images.cnitblog.com/blog/476998/201305/27114117-a12a23e0f4cb421e83e506c6fd6e0b14.png" lazyloaded="true" _load="1" style="word-wrap: break-word; cursor: pointer; "/><br style="word-wrap: break-word; "/><br style="word-wrap: break-word; "/>5、传递参数(Passing parameters into raw())<br style="word-wrap: break-word; "/><br style="word-wrap: break-word; "/>如果需要执行参数化查询,您可以使用params参数原始()<br style="word-wrap: break-word; "/><ignore_js_op style="word-wrap: break-word; "><p><img id="aimg_79" aid="79" src="http://www.djangochina.cn/data/attachment/forum/201305/27/123618uff54ov5hv55hnfk.png" zoomfile="data/attachment/forum/201305/27/123618uff54ov5hv55hnfk.png" file="data/attachment/forum/201305/27/123618uff54ov5hv55hnfk.png" class="zoom" width="600" inpost="1" lazyloaded="true" _load="1" initialized="true" style="word-wrap: break-word; cursor: pointer; "/></p></ignore_js_op><br style="word-wrap: break-word; "/>注意两点：<br style="word-wrap: break-word; "/>（1）、<br style="word-wrap: break-word; "/><ignore_js_op style="word-wrap: break-word; "><p><img id="aimg_80" aid="80" src="http://www.djangochina.cn/data/attachment/forum/201305/27/123715vw5oj3uuwf7uzdnu.png" zoomfile="data/attachment/forum/201305/27/123715vw5oj3uuwf7uzdnu.png" file="data/attachment/forum/201305/27/123715vw5oj3uuwf7uzdnu.png" class="zoom" width="502" inpost="1" lazyloaded="true" _load="1" initialized="true" style="word-wrap: break-word; cursor: pointer; "/></p></ignore_js_op><br style="word-wrap: break-word; "/>（2）、必须使用[参数]，否则出错：<br style="word-wrap: break-word; "/><ignore_js_op style="word-wrap: break-word; "><p><img id="aimg_81" aid="81" src="http://www.djangochina.cn/data/attachment/forum/201305/27/123735pnsgg0wgzgnlsw05.png" zoomfile="data/attachment/forum/201305/27/123735pnsgg0wgzgnlsw05.png" file="data/attachment/forum/201305/27/123735pnsgg0wgzgnlsw05.png" class="zoom" width="479" inpost="1" lazyloaded="true" _load="1" style="word-wrap: break-word; cursor: pointer; "/></p></ignore_js_op><br style="word-wrap: break-word; "/>（3）、这种方式不对：<ol style="word-wrap: break-word; margin-left: 10px !important; padding: 0px !important;" class=" list-paddingleft-2"><li><p>Error:<br style="word-wrap: break-word; "/></p></li><li><p>&gt;&gt;&gt; query = &#39;SELECT * FROM myapp_person WHERE last_name = %s&#39; % lname<br style="word-wrap: break-word; "/></p></li><li><p>&gt;&gt;&gt; Person.objects.raw(query)</p></li></ol><p><span style="word-wrap: break-word; margin-left: 43px; font-size: 12px; cursor: pointer; color: rgb(51, 102, 153) !important;">复制代码</span></p><span style="word-wrap: break-word; font-weight: 700; ">直接执行自定义SQL</span><br style="word-wrap: break-word; "/><br style="word-wrap: break-word; "/>Manager.raw()远远不够，可直接执行自定义SQL，directly execute UPDATE, INSERT, or DELETE queries.<br style="word-wrap: break-word; "/><br style="word-wrap: break-word; "/>django.db.connection：代表默认的数据库连接<br style="word-wrap: break-word; "/>django.db.transaction：代表默认数据库事务（transaction）<br style="word-wrap: break-word; "/>用database connection调用connection.cursor() 得到一个游标(cursor)对象。<br style="word-wrap: break-word; "/>然后调用cursor.execute(sql, [params])执行SQL<br style="word-wrap: break-word; "/>cursor.fetchone() 或者 cursor.fetchall()：返回结果行<br style="word-wrap: break-word; "/><br style="word-wrap: break-word; "/>如果执行修改操作，则调用transaction.commit_unless_managed()来保证你的更改提交到数据库。<ol style="word-wrap: break-word; margin-left: 10px !important; padding: 0px !important;" class=" list-paddingleft-2"><li><p>def my_custom_sql():<br style="word-wrap: break-word; "/></p></li><li><p>&nbsp; &nbsp; from django.db import connection, transaction<br style="word-wrap: break-word; "/></p></li><li><p>&nbsp; &nbsp; cursor = connection.cursor()<br style="word-wrap: break-word; "/></p></li><li><p><br style="word-wrap: break-word; "/></p></li><li><p>&nbsp; &nbsp; # 数据修改操作——提交要求<br style="word-wrap: break-word; "/></p></li><li><p>&nbsp; &nbsp; cursor.execute(&quot;UPDATE bar SET foo = 1 WHERE baz = %s&quot;, [self.baz])<br style="word-wrap: break-word; "/></p></li><li><p>&nbsp; &nbsp; transaction.commit_unless_managed()<br style="word-wrap: break-word; "/></p></li><li><p><br style="word-wrap: break-word; "/></p></li><li><p>&nbsp; &nbsp; # 数据检索操作,不需要提交<br style="word-wrap: break-word; "/></p></li><li><p>&nbsp; &nbsp; cursor.execute(&quot;SELECT foo FROM bar WHERE baz = %s&quot;, [self.baz])<br style="word-wrap: break-word; "/></p></li><li><p>&nbsp; &nbsp; row = cursor.fetchone()<br style="word-wrap: break-word; "/></p></li><li><p><br style="word-wrap: break-word; "/></p></li><li><p>&nbsp; &nbsp; return row</p></li></ol><p><span style="word-wrap: break-word; margin-left: 43px; font-size: 12px; cursor: pointer; color: rgb(51, 102, 153) !important;">复制代码</span></p>django.db.connections：针对使用多个数据库<ol style="word-wrap: break-word; margin-left: 10px !important; padding: 0px !important;" class=" list-paddingleft-2"><li><p>from django.db import connections<br style="word-wrap: break-word; "/></p></li><li><p>cursor = connections[&#39;my_db_alias&#39;].cursor()<br style="word-wrap: break-word; "/></p></li><li><p># Your code here...<br style="word-wrap: break-word; "/></p></li><li><p>transaction.commit_unless_managed(using=&#39;my_db_alias&#39;)</p></li></ol><p><span style="word-wrap: break-word; margin-left: 43px; font-size: 12px; cursor: pointer; color: rgb(51, 102, 153) !important;">复制代码</span></p>通常我们不需要手动调用transaction.commit_unless_managed(),我们可以这样做：<ol style="word-wrap: break-word; margin-left: 10px !important; padding: 0px !important;" class=" list-paddingleft-2"><li><p>@commit_on_success<br style="word-wrap: break-word; "/></p></li><li><p>def my_custom_sql_view(request, value):<br style="word-wrap: break-word; "/></p></li><li><p>&nbsp; &nbsp; from django.db import connection, transaction<br style="word-wrap: break-word; "/></p></li><li><p>&nbsp; &nbsp; cursor = connection.cursor()<br style="word-wrap: break-word; "/></p></li><li><p><br style="word-wrap: break-word; "/></p></li><li><p>&nbsp; &nbsp; # Data modifying operation<br style="word-wrap: break-word; "/></p></li><li><p>&nbsp; &nbsp; cursor.execute(&quot;UPDATE bar SET foo = 1 WHERE baz = %s&quot;, [value])<br style="word-wrap: break-word; "/></p></li><li><p><br style="word-wrap: break-word; "/></p></li><li><p>&nbsp; &nbsp; # Since we modified data, mark the transaction as dirty<br style="word-wrap: break-word; "/></p></li><li><p>&nbsp; &nbsp; &lt;span style=&quot;color: #ff0000;&quot;&gt;transaction.set_dirty()&lt;/span&gt;<br style="word-wrap: break-word; "/></p></li><li><p><br style="word-wrap: break-word; "/></p></li><li><p>&nbsp; &nbsp; # Data retrieval operation. This doesn&#39;t dirty the transaction,<br style="word-wrap: break-word; "/></p></li><li><p>&nbsp; &nbsp; # so no call to set_dirty() is required.<br style="word-wrap: break-word; "/></p></li><li><p>&nbsp; &nbsp; cursor.execute(&quot;SELECT foo FROM bar WHERE baz = %s&quot;, [value])<br style="word-wrap: break-word; "/></p></li><li><p>&nbsp; &nbsp;&lt;span style=&quot;color: #ff0000;&quot;&gt; row = cursor.fetchone()&lt;/span&gt;<br style="word-wrap: break-word; "/></p></li><li><p><br style="word-wrap: break-word; "/></p></li><li><p>&nbsp; &nbsp; &lt;span style=&quot;color: #ff0000;&quot;&gt;return render_to_response(&#39;template.html&#39;, {&#39;row&#39;: row})<br style="word-wrap: break-word; "/></p></li><li><p>&lt;/span&gt;</p></li></ol><p><span style="word-wrap: break-word; margin-left: 43px; font-size: 12px; cursor: pointer; color: rgb(51, 102, 153) !important;">复制代码</span></p><span style="word-wrap: break-word; font-weight: 700; ">个人常用：</span><ol style="word-wrap: break-word; margin-left: 10px !important; padding: 0px !important;" class=" list-paddingleft-2"><li><p>def Message(request,msg_id):<br style="word-wrap: break-word; "/></p></li><li><p>&nbsp; &nbsp; &nbsp; &nbsp; where=msg_id<br style="word-wrap: break-word; "/></p></li><li><p>&nbsp; &nbsp;&nbsp; &nbsp;&nbsp; &nbsp;&nbsp; &nbsp;sql=&#39;&#39;&#39;<br style="word-wrap: break-word; "/></p></li><li><p>&nbsp; &nbsp;&nbsp; &nbsp;&nbsp; &nbsp;&nbsp; &nbsp;select t.id, t.real_name, t2.* from auth_user t join (<br style="word-wrap: break-word; "/></p></li><li><p>&nbsp; &nbsp;&nbsp; &nbsp;&nbsp; &nbsp;&nbsp; &nbsp;select max(is_red) as is_red,add_user_id,task_id from oa_red_yellow_card 　　　　　　　where msg_id=%s GROUP BY task_id,add_user_id)<br style="word-wrap: break-word; "/></p></li><li><p>&nbsp; &nbsp;&nbsp; &nbsp;&nbsp; &nbsp;&nbsp; &nbsp;t2 ON t2.add_user_id=t.id<br style="word-wrap: break-word; "/></p></li><li><p><br style="word-wrap: break-word; "/></p></li><li><p>&nbsp; &nbsp;&nbsp; &nbsp;&nbsp; &nbsp;&nbsp; &nbsp;&nbsp; &nbsp; &#39;&#39;&#39; %where&nbsp;<br style="word-wrap: break-word; "/></p></li><li><p>&nbsp; &nbsp;&nbsp; &nbsp;&nbsp; &nbsp;&nbsp; &nbsp;cursor = connection.cursor()<br style="word-wrap: break-word; "/></p></li><li><p>&nbsp; &nbsp;&nbsp; &nbsp;&nbsp; &nbsp;&nbsp; &nbsp;cursor.execute(sql)<br style="word-wrap: break-word; "/></p></li><li><p>&nbsp; &nbsp;&nbsp; &nbsp;&nbsp; &nbsp;&nbsp; &nbsp;fetchall = cursor.fetchall()<br style="word-wrap: break-word; "/></p></li><li><p><br style="word-wrap: break-word; "/></p></li><li><p>&nbsp; &nbsp;&nbsp; &nbsp;&nbsp; &nbsp;&nbsp; &nbsp;red_yellow_card=[]<br style="word-wrap: break-word; "/></p></li><li><p>&nbsp; &nbsp;&nbsp; &nbsp;&nbsp; &nbsp;&nbsp; &nbsp;for obj in fetchall:<br style="word-wrap: break-word; "/></p></li><li><p>&nbsp; &nbsp;&nbsp; &nbsp;&nbsp; &nbsp;&nbsp; &nbsp;&nbsp; &nbsp; dic={}<br style="word-wrap: break-word; "/></p></li><li><p>&nbsp; &nbsp;&nbsp; &nbsp;&nbsp; &nbsp;&nbsp; &nbsp;&nbsp; &nbsp; dic[&#39;user_id&#39;]=obj[0]<br style="word-wrap: break-word; "/></p></li><li><p>&nbsp; &nbsp;&nbsp; &nbsp;&nbsp; &nbsp;&nbsp; &nbsp;&nbsp; &nbsp; dic[&#39;real_name&#39;]=obj[1]<br style="word-wrap: break-word; "/></p></li><li><p>&nbsp; &nbsp;&nbsp; &nbsp;&nbsp; &nbsp;&nbsp; &nbsp;&nbsp; &nbsp; dic[&#39;is_red&#39;]=obj[2]<br style="word-wrap: break-word; "/></p></li><li><p>&nbsp; &nbsp;&nbsp; &nbsp;&nbsp; &nbsp;&nbsp; &nbsp;&nbsp; &nbsp; dic[&#39;add_user&#39;]=obj[3]<br style="word-wrap: break-word; "/></p></li><li><p>&nbsp; &nbsp;&nbsp; &nbsp;&nbsp; &nbsp;&nbsp; &nbsp;&nbsp; &nbsp; dic[&#39;task_id&#39;]=obj[4]<br style="word-wrap: break-word; "/></p></li><li><p>&nbsp; &nbsp;&nbsp; &nbsp;&nbsp; &nbsp;&nbsp; &nbsp;&nbsp; &nbsp; red_yellow_card.append(dic)<br style="word-wrap: break-word; "/></p></li><li><p>&nbsp; &nbsp;&nbsp; &nbsp;&nbsp; &nbsp;&nbsp; &nbsp;context[&#39;red_yellow_card&#39;]=red_yellow_card</p></li></ol><p><span style="word-wrap: break-word; margin-left: 43px; font-size: 12px; cursor: pointer; color: rgb(51, 102, 153) !important;">复制代码</span></p></td></tr></tbody></table><p><a title="如何" href="http://www.djangochina.cn/misc.php?mod=tag&amp;id=54" target="_blank" style="word-wrap: break-word; color: rgb(51, 102, 153); text-decoration: none; ">如何</a></p><p><br/></p>', '2013-06-22 01:14:40', 2, 0, 0, 0, 1, 2, 'uublog', 1, 1, 1, '', 0, 0),
(4, 0, 0, 2, '中国联通ESS系统，读卡器插件异常，请确认插件是否正确安装', '', '', '', '中国联通ESS系统，读卡器插件异常，请确认插件是否正确安装', '<p><span style="color: rgb(68, 68, 68); font-family: &#39;Microsoft Yahei&#39;, Hei, Tahoma, SimHei, sans-serif; font-weight: bold; orphans: 2; text-align: -webkit-auto;  widows: 2; background-color: rgb(255, 255, 255);">中国联通ESS系统，读卡器插件异常，请确认插件是否正确安装</span></p>', '2013-06-22 01:15:25', 1, 0, 0, 0, 1, 2, 'uublog', 1, 1, 1, '', 0, 0),
(5, 0, 0, 2, '：军队要形成团结友爱和谐纯洁的内部关系', '', '', '', '全军党的群众路线教育实践活动工作会议在京召开　　范长龙许其亮出席　　新华网北京6月21日电（记者李宣良）中共中央总书记、国家主席、中央军委主席习近平日前作出重要指示，强调军队开展党的群众路线教育实践活动，既要贯彻中央统一要求，又要体现自身特点和建设规律，着眼永葆人民军队性质、宗旨、本色，着眼形成和发展团结友爱和谐纯洁的内部关系，着眼促进军队各项工作和建设。要坚决反对形式主义、官僚主义、享乐主义和奢', '<p style="; ; ; list-style: none; border: 0px; font-family: &#39;Times New Roman&#39;; font-size: 14px; line-height: 28px; color: rgb(51, 51, 51); orphans: 2; white-space: normal; widows: 2;"><strong style="margin: 0px; padding: 0px; list-style: none; border: 0px;">全军党的群众路线教育实践活动工作会议在京召开</strong></p><p style="; ; ; list-style: none; border: 0px; font-family: &#39;Times New Roman&#39;; font-size: 14px; line-height: 28px; color: rgb(51, 51, 51); orphans: 2; white-space: normal; widows: 2;"><strong style="margin: 0px; padding: 0px; list-style: none; border: 0px;">　　范长龙许其亮出席</strong></p><p style="; ; ; list-style: none; border: 0px; font-family: &#39;Times New Roman&#39;; font-size: 14px; line-height: 28px; color: rgb(51, 51, 51); orphans: 2; white-space: normal; widows: 2;">　　新华网北京6月21日电（记者李宣良）中共中央总书记、国家主席、中央军委主席习近平日前作出重要指示，强调军队开展党的群众路线教育实践活动，既要贯彻中央统一要求，又要体现自身特点和建设规律，着眼永葆人民军队性质、宗旨、本色，着眼形成和发展团结友爱和谐纯洁的内部关系，着眼促进军队各项工作和建设。要坚决反对形式主义、官僚主义、享乐主义和奢靡之风，着力在纠治官兵反映强烈的突出问题上见到成效，在解决深层次矛盾和问题上见到成效，在构建规范化、制度化的长效机制上见到成效，努力从思想上、组织上、作风上为实现党在新形势下的强军目标提供坚强保证。</p><p style="; ; ; list-style: none; border: 0px; font-family: &#39;Times New Roman&#39;; font-size: 14px; line-height: 28px; color: rgb(51, 51, 51); orphans: 2; white-space: normal; widows: 2;">　　经习主席批准，全军党的群众路线教育实践活动工作会议21日在京召开。会议主要任务是认真贯彻党中央的部署要求，坚决落实习主席和军委决策指示，对全军深入开展党的群众路线教育实践活动进行动员部署。中共中央政治局委员、中央军委副主席范长龙，中共中央政治局委员、中央军委副主席许其亮出席会议并讲话。中央军委委员常万全、房峰辉、赵克石、张又侠、吴胜利、马晓天、魏凤和出席，张阳主持。</p><p style="; ; ; list-style: none; border: 0px; font-family: &#39;Times New Roman&#39;; font-size: 14px; line-height: 28px; color: rgb(51, 51, 51); orphans: 2; white-space: normal; widows: 2;">　　范长龙强调，贯彻党中央、习主席的决策部署和重要指示，搞好军队的教育实践活动，进一步抓好作风建设，要围绕实现党在新形势下的强军目标，贯彻“照镜子、正衣冠、洗洗澡、治治病”的总要求，突出反对形式主义、官僚主义、享乐主义和奢靡之风这个重点，坚持领导带头、严字当头，标本兼治、综合施策，务求改进作风有新成效，官兵士气高，部队风气正，强军底气足，有效履行军队的使命任务。要深化思想认识，充分认清这次教育实践活动的重大意义，站在听党指挥的高度，树立走在前列的标准，打赢改作风这场硬仗。反对形式主义，要着重解决文山会海、贪图虚名、弄虚作假、工作不实的问题；反对官僚主义，要着重解决对广大官兵的根本态度问题；反对享乐主义，要着重克服贪图享受、及时行乐思想和精神懈怠、不思进取的现象；反对奢靡之风，要着重纠治铺张浪费、挥霍无度、骄奢淫逸的不良风气。要认真贯彻整风精神，敢于较真碰硬，抓正反两方面典型。要以具体管用的制度作保证，对于公务接待、军车管理、建房占房、选人用人、资源管理等，要一项一项研究。要把教育实践活动与部队正在开展的各项工作结合起来，与加强党委班子和干部队伍建设结合起来，聚焦到提高战斗力上，贯穿到以军事斗争准备为龙头的各项工作中，确保部队能经受各种考验，圆满完成各项任务。</p><p style="; ; ; list-style: none; border: 0px; font-family: &#39;Times New Roman&#39;; font-size: 14px; line-height: 28px; color: rgb(51, 51, 51); orphans: 2; white-space: normal; widows: 2;">　　许其亮指出，各级要坚持用党中央、习主席的决策指示统一思想，充分认清开展教育实践活动是永葆党的性质宗旨的内在要求、是传承我党我军优良传统和作风的现实需要、是推动实现中国梦强军梦的战略之举，切实以强烈的政治责任感，高标准抓好教育实践活动，确保取得党中央、习主席满意，人民群众和广大官兵满意的成效。要紧密结合军队特点和实际，着力增强开展教育实践活动的质量和实效。牢牢把握听党指挥、服务人民这一核心要求，突出抓好中国特色社会主义理论体系武装，抓好马克思主义群众观点和党的群众路线、我军性质宗旨和优良传统教育，强化官兵宗旨意识，从思想根源和灵魂深处坚定信念、铸牢军魂，确保部队绝对忠诚、绝对纯洁、绝对可靠，一切行动听从党中央、中央军委和习主席指挥。以整风精神解决作风上的突出问题，坚决贯彻“照镜子、正衣冠、洗洗澡、治治病”的总要求，突出“四反”整治，以解决问题的实际成效取信官兵。始终把提高战斗力作为根本出发点落脚点，促进军事斗争准备往深里抓往实里抓。构建规范化制度化的长效机制推动形成文化自觉，使为民务实清廉成为每个党员干部的信仰追求。要把开展教育实践活动作为重大政治任务，严格落实党委领导责任，尤其是领导干部要带头参加，勇于纠正自身问题。</p><p style="; ; ; list-style: none; border: 0px; font-family: &#39;Times New Roman&#39;; font-size: 14px; line-height: 28px; color: rgb(51, 51, 51); orphans: 2; white-space: normal; widows: 2;">　　张阳主持会议时指出，要把习主席和军委的决策指示学习领会好，结合实际把教育实践活动工作部署安排好，把教育实践活动与其他工作统筹兼顾好，把加强组织领导的各项要求认真落实好，推动教育实践活动深入发展。</p><p style="; ; ; list-style: none; border: 0px; font-family: &#39;Times New Roman&#39;; font-size: 14px; line-height: 28px; color: rgb(51, 51, 51); orphans: 2; white-space: normal; widows: 2;">　　会议以电视电话会议形式举行。四总部、驻京各大单位、军委办公厅领导和全军教育实践活动领导小组成员在主会场参加会议。全军和武警部队军以上单位党委常委、部门领导在分会场参加会议。</p><p><br/></p>', '2013-06-22 01:15:53', 0, 0, 0, 0, 1, 2, 'uublog', 1, 1, 1, '', 0, 0),
(6, 0, 0, 2, '大火启示录：拯救命悬一线的劳动权益', '', '', '', '　截止至6月4日早7时30分，吉林省德惠市吉林宝源丰禽业有限公司火灾，已造成120人遇难，70人受伤，事故发生后，企业法人代表已被控制。伤者描述，事发时，车间总计有300余人，工人上班后，车间大多数门都会被锁上。（6月4日 新华社）　　火灾猛于虎——吉林大火，再一次让世人看到了这一点。120人死亡、70人受伤的残酷现实，让无数个家庭陷入地狱般的深渊。虽然当地政府已经成立工作组做好维稳及善后工作，但', '<p style="; ; ; list-style: none; border: 0px; font-family: &#39;Times New Roman&#39;; font-size: 14px; line-height: 28px; color: rgb(51, 51, 51); orphans: 2; white-space: normal; widows: 2;">　截止至6月4日早7时30分，吉林省德惠市吉林宝源丰禽业有限公司火灾，已造成120人遇难，70人受伤，事故发生后，企业法人代表已被控制。伤者描述，事发时，车间总计有300余人，工人上班后，车间大多数门都会被锁上。（6月4日 新华社）</p><p style="; ; ; list-style: none; border: 0px; font-family: &#39;Times New Roman&#39;; font-size: 14px; line-height: 28px; color: rgb(51, 51, 51); orphans: 2; white-space: normal; widows: 2;">　　火灾猛于虎——吉林大火，再一次让世人看到了这一点。120人死亡、70人受伤的残酷现实，让无数个家庭陷入地狱般的深渊。虽然当地政府已经成立工作组做好维稳及善后工作，但是逝去的亡灵不再复活，造成的伤痛无法在短期内抚平。</p><p style="; ; ; list-style: none; border: 0px; font-family: &#39;Times New Roman&#39;; font-size: 14px; line-height: 28px; color: rgb(51, 51, 51); orphans: 2; white-space: normal; widows: 2;">　　我们不妨来看一下遇难者的身份。虽然当地政府并没有给出火灾发生的具体理由，但是可以肯定，这场火灾发生在了生产车间，死亡者基本都是普通工人。在笔者看来，这样的一场大火，烧出了我国众多普通劳动者的工作常态——车间大门紧锁、工人缺乏逃生训练、现场消防条件乏善可陈、现场没有火灾警报系统、没有自动喷水消防系统……</p><p style="; ; ; list-style: none; border: 0px; font-family: &#39;Times New Roman&#39;; font-size: 14px; line-height: 28px; color: rgb(51, 51, 51); orphans: 2; white-space: normal; widows: 2;">　　表面上看来，这是防火意识、防火条件的问题。实际上，这反映了我国普通劳动者的生命权益无法受到尊重和保护的现实。1995年实施的《劳动法》第六章是关于“劳动安全卫生”的内容。第五十二条规定，“用人单位必须建立、健全劳动安全卫生制度，严格执行国家劳动安全卫生规程和标准，对劳动者进行劳动安全卫生教育，防止劳动过程中的事故”；第五十三条规定，“劳动安全卫生设施必须符合国家规定的标准。”因此，我们有必要问一问当地政府，这家企业为什么没有按这样的标准进行消防配备？为什么没有对劳动者进行“安全教育”？当地劳动部门有没有进行负责任的监管？</p><p style="; ; ; list-style: none; border: 0px; font-family: &#39;Times New Roman&#39;; font-size: 14px; line-height: 28px; color: rgb(51, 51, 51); orphans: 2; white-space: normal; widows: 2;">　　作为“世界工厂”，如果对于劳动密集产业的安全监管不够，对于劳动者的权益尤其是生命权利不够尊重，则难免会产生惨烈的事故。而出事之后，政府不仅要将企业负责人和政府监管者进行问责，要对受害人及其家属进行到位和及时的赔偿，更要从根本上提高劳动者的权益、尊严和地位，让他们不再工作于命悬一线的危险车间。</p><p style="; ; ; list-style: none; border: 0px; font-family: &#39;Times New Roman&#39;; font-size: 14px; line-height: 28px; color: rgb(51, 51, 51); orphans: 2; white-space: normal; widows: 2;">　　关于立法进行权益保护，美国的三角内衣大火或许能够给我们一些启示。1911年3月25日，是美国纽约市历史上最大的工业灾难——三角内衣工厂火灾，火灾导致146名服装工人被烧死或因被迫跳楼致死。这也是纽约市2001年911事件之前最严重的工作场所的灾难。灾难的发生，促进了美国《劳动法》的通过实施。在1912年的美国《劳动法》之中，我们看到了这样的详细规定：工作场所每3个月就必须进行一次防火训练；在7层以上超过200名工作人员的楼层，必须安装自动防火喷淋系统；雇员超过25名的工作场所，都必须安装自动报警系统……这些在100年前的美国《劳动法》就已经出现的劳动权益保护规定，值得我们学习。</p><p style="; ; ; list-style: none; border: 0px; font-family: &#39;Times New Roman&#39;; font-size: 14px; line-height: 28px; color: rgb(51, 51, 51); orphans: 2; white-space: normal; widows: 2;">　　生命的价值重于财富——这是以人为本时代里，最需要普及的常识性价值理念。流水线的劳动者，不是机器，而是人。而人的生命价值是无法衡量的，是最宝贵的。而维护生命的尊严，只处理企业相关责任人，或是问责负责安全生产监管和劳动权益保护的官员，都是不够的。只有从用法律的方式去规范企业和安全生产行为，才可能改变劳动者的弱势地位，让劳动者有尊严的工作，让劳动者的生命不再为草芥。</p><p><br/></p>', '2013-06-22 01:16:20', 1, 0, 0, 0, 1, 2, 'uublog', 1, 1, 1, '', 0, 0);
INSERT INTO `blog_article` (`id`, `channel1_id`, `channel2_id`, `category_id`, `title`, `titlestyle`, `titlepic`, `tags`, `summary`, `content`, `createtime`, `views`, `comments`, `goods`, `bads`, `status`, `user_id`, `username`, `istop`, `isoriginal`, `cancomment`, `password`, `ishome`, `isrecommend`) VALUES
(7, 2, 0, 2, '张东健安七炫朴海镇 来中国捞金的韩男星/图', '', '', '', '张东健曾是韩国第一小生　　张东健，韩国著名男演员，顶级韩流明星。1992年参加韩国MBC电视台第21期演员培训班出道。出道以来演出多部影视作品，并凭借电视剧《天桥风云》《夏娃的诱惑》等风靡全亚洲。2004年凭借电影《太极旗飘扬》获得韩国电影青龙奖最佳男主角奖，这还使他成为青龙奖有史以来得到男演员类所有奖项大满贯的第一人。2010年5月2日张东健与演员高素荣结婚，2010年10月4日张东健喜得贵子。', '<p style="text-align:center;; ; ; list-style: none; border: 0px; font-family: &#39;Times New Roman&#39;; font-size: 14px; line-height: 28px; color: rgb(51, 51, 51); orphans: 2; white-space: normal; widows: 2;"><img alt="" src="http://pinglun.youth.cn/wywy/wysh/201306/W020130621373075210333.jpg" oldsrc="W020130621373075210333.jpg" style="margin: 0px; padding: 0px; list-style: none; border: 0px;"/></p><p style="text-align:center;; ; ; list-style: none; border: 0px; font-family: &#39;Times New Roman&#39;; font-size: 14px; line-height: 28px; color: rgb(51, 51, 51); orphans: 2; white-space: normal; widows: 2;">张东健曾是韩国第一小生</p><p style="; ; ; list-style: none; border: 0px; font-family: &#39;Times New Roman&#39;; font-size: 14px; line-height: 28px; color: rgb(51, 51, 51); orphans: 2; white-space: normal; widows: 2;">　　张东健，韩国著名男演员，顶级韩流明星。1992年参加韩国MBC电视台第21期演员培训班出道。出道以来演出多部影视作品，并凭借电视剧《天桥风云》《夏娃的诱惑》等风靡全亚洲。2004年凭借电影《太极旗飘扬》获得韩国电影青龙奖最佳男主角奖，这还使他成为青龙奖有史以来得到男演员类所有奖项大满贯的第一人。2010年5月2日张东健与演员高素荣结婚，2010年10月4日张东健喜得贵子。2012年时隔12年重返小银幕 ，以韩国SBS TV新剧《绅士的品格》中的&quot;毒舌&quot;金道振形象回归。</p><p><br/></p>', '2013-06-22 01:16:47', 4, 0, 0, 0, 1, 2, 'uublog', 1, 1, 1, '', 0, 0),
(8, 2, 0, 2, 'Windows 8.1最新版Build 9428曝光', '', '', '', '今天，一张名为 Windows 8.1 Milestone Preview 的截图出现在网上，如果图片并非伪造，那它就可能是微软将于 6 月 26 日发布的 Windows 8.1 公开预览版（也就是 Beta 公测版）。　　从截图中可以看到，Windows 8.1 Milestone Preview 的具体版本为 Build 9428，编译于 6 月 12 日。早在 5 月份就有传言称，Wind', '<p style="word-wrap: break-word; ; ; ; font-size: 14px; line-height: 25px; orphans: 2; text-align: -webkit-auto; white-space: normal; widows: 2; background-color: rgb(250, 250, 250); color: rgb(64, 64, 64); font-family: Verdana, Arial, Helvetica, sans-serif;">今天，一张名为 Windows 8.1 Milestone Preview 的截图出现在网上，如果图片并非伪造，那它就可能是微软将于 6 月 26 日发布的 Windows 8.1 公开预览版（也就是 Beta 公测版）。</p><p style="text-align:center;word-wrap: break-word; ; ; ; font-size: 14px; line-height: 25px; orphans: 2; white-space: normal; widows: 2; background-color: rgb(250, 250, 250); color: rgb(64, 64, 64); font-family: Verdana, Arial, Helvetica, sans-serif;"><img alt="Windows 8.1 最新版 Build 9428 曝光" src="http://images.cnitblog.com/news/66372/201306/19160229-c9974ebdc8f14c61b1b6b67f23382c7c.png" style="word-wrap: break-word; max-width: 620px; border-style: none; padding: 0px; margin: 0px; line-height: 1.5em;"/></p><p style="word-wrap: break-word; ; ; ; font-size: 14px; line-height: 25px; orphans: 2; text-align: -webkit-auto; white-space: normal; widows: 2; background-color: rgb(250, 250, 250); color: rgb(64, 64, 64); font-family: Verdana, Arial, Helvetica, sans-serif;">　　从截图中可以看到，Windows 8.1 Milestone Preview 的具体版本为 Build 9428，编译于 6 月 12 日。早在 5 月份就有传言称，Windows 8.1 公开预览版将选定 Build 9428，若此截图为真，那么上述传言就比较可信了。</p><p style="text-align:center;word-wrap: break-word; ; ; ; font-size: 14px; line-height: 25px; orphans: 2; white-space: normal; widows: 2; background-color: rgb(250, 250, 250); color: rgb(64, 64, 64);  font-family: Verdana, Arial, Helvetica, sans-serif;"><img alt="Windows 8.1 最新版 Build 9428 曝光" src="http://images.cnitblog.com/news/66372/201306/19160228-9b4743c8ac6f4f1ca12694b88e595d81.jpg" style="word-wrap: break-word; max-width: 620px; border-style: none; padding: 0px; margin: 0px; line-height: 1.5em;"/></p><p style="word-wrap: break-word; ; ; ; font-size: 14px; line-height: 25px; orphans: 2; white-space: normal; widows: 2; background-color: rgb(250, 250, 250); color: rgb(64, 64, 64); text-align: center; font-family: Verdana, Arial, Helvetica, sans-serif;">　　还有几张应用程序的截图：</p><p style="text-align:center;word-wrap: break-word; ; ; ; font-size: 14px; line-height: 25px; orphans: 2; white-space: normal; widows: 2; background-color: rgb(250, 250, 250); color: rgb(64, 64, 64);  font-family: Verdana, Arial, Helvetica, sans-serif;"><img alt="Windows 8.1 最新版 Build 9428 曝光" src="http://images.cnitblog.com/news/66372/201306/19160229-96b626131d1848b18403ef2836433f81.png" style="word-wrap: break-word; max-width: 620px; border-style: none; padding: 0px; margin: 0px; line-height: 1.5em;"/></p><p style="word-wrap: break-word; ; ; ; font-size: 14px; line-height: 25px; orphans: 2; white-space: normal; widows: 2; background-color: rgb(250, 250, 250); color: rgb(64, 64, 64); text-align: center; font-family: Verdana, Arial, Helvetica, sans-serif;">　　天气</p><p style="text-align:center;word-wrap: break-word; ; ; ; font-size: 14px; line-height: 25px; orphans: 2; white-space: normal; widows: 2; background-color: rgb(250, 250, 250); color: rgb(64, 64, 64);  font-family: Verdana, Arial, Helvetica, sans-serif;"><img alt="Windows 8.1 最新版 Build 9428 曝光" src="http://images.cnitblog.com/news/66372/201306/19160229-9ef9f093af4c45b8ac66cc8845a005cb.png" style="word-wrap: break-word; max-width: 620px; border-style: none; padding: 0px; margin: 0px; line-height: 1.5em;"/></p><p style="word-wrap: break-word; ; ; ; font-size: 14px; line-height: 25px; orphans: 2; white-space: normal; widows: 2; background-color: rgb(250, 250, 250); color: rgb(64, 64, 64); text-align: center; font-family: Verdana, Arial, Helvetica, sans-serif;">　　计算器</p><p style="text-align:center;word-wrap: break-word; ; ; ; font-size: 14px; line-height: 25px; orphans: 2; white-space: normal; widows: 2; background-color: rgb(250, 250, 250); color: rgb(64, 64, 64);  font-family: Verdana, Arial, Helvetica, sans-serif;"><img alt="Windows 8.1 最新版 Build 9428 曝光" src="http://images.cnitblog.com/news/66372/201306/19160228-4a54f0238df743c3bceb6af065bf455b.png" style="word-wrap: break-word; max-width: 620px; border-style: none; padding: 0px; margin: 0px; line-height: 1.5em;"/></p><p style="word-wrap: break-word; ; ; ; font-size: 14px; line-height: 25px; orphans: 2; white-space: normal; widows: 2; background-color: rgb(250, 250, 250); color: rgb(64, 64, 64); text-align: center; font-family: Verdana, Arial, Helvetica, sans-serif;">　　Movie Moments 电影时光</p><p style="text-align:center;word-wrap: break-word; ; ; ; font-size: 14px; line-height: 25px; orphans: 2; white-space: normal; widows: 2; background-color: rgb(250, 250, 250); color: rgb(64, 64, 64);  font-family: Verdana, Arial, Helvetica, sans-serif;"><img alt="Windows 8.1 最新版 Build 9428 曝光" src="http://images.cnitblog.com/news/66372/201306/19160229-7e0b08c652764ebab8586b189e99e8d1.png" style="word-wrap: break-word; max-width: 620px; border-style: none; padding: 0px; margin: 0px; line-height: 1.5em;"/></p><p style="word-wrap: break-word; ; ; ; font-size: 14px; line-height: 25px; orphans: 2; white-space: normal; widows: 2; background-color: rgb(250, 250, 250); color: rgb(64, 64, 64); text-align: center; font-family: Verdana, Arial, Helvetica, sans-serif;">　　录音</p><p style="text-align:center;word-wrap: break-word; ; ; ; font-size: 14px; line-height: 25px; orphans: 2; white-space: normal; widows: 2; background-color: rgb(250, 250, 250); color: rgb(64, 64, 64);  font-family: Verdana, Arial, Helvetica, sans-serif;"><img alt="Windows 8.1 最新版 Build 9428 曝光" src="http://images.cnitblog.com/news/66372/201306/19160229-a8780936da844105936d150f37cfc239.png" style="word-wrap: break-word; max-width: 620px; border-style: none; padding: 0px; margin: 0px; line-height: 1.5em;"/></p><p style="word-wrap: break-word; ; ; ; font-size: 14px; line-height: 25px; orphans: 2; white-space: normal; widows: 2; background-color: rgb(250, 250, 250); color: rgb(64, 64, 64); text-align: center; font-family: Verdana, Arial, Helvetica, sans-serif;">　　录音</p><p style="text-align:center;word-wrap: break-word; ; ; ; font-size: 14px; line-height: 25px; orphans: 2; white-space: normal; widows: 2; background-color: rgb(250, 250, 250); color: rgb(64, 64, 64);  font-family: Verdana, Arial, Helvetica, sans-serif;"><img alt="Windows 8.1 最新版 Build 9428 曝光" src="http://images.cnitblog.com/news/66372/201306/19160229-40268b0a3bd64df990c69fd99375232f.png" style="word-wrap: break-word; max-width: 620px; border-style: none; padding: 0px; margin: 0px; line-height: 1.5em;"/></p><p style="word-wrap: break-word; ; ; ; font-size: 14px; line-height: 25px; orphans: 2; white-space: normal; widows: 2; background-color: rgb(250, 250, 250); color: rgb(64, 64, 64); text-align: center; font-family: Verdana, Arial, Helvetica, sans-serif;">　　闹钟</p><p style="text-align:center;word-wrap: break-word; ; ; ; font-size: 14px; line-height: 25px; orphans: 2; white-space: normal; widows: 2; background-color: rgb(250, 250, 250); color: rgb(64, 64, 64);  font-family: Verdana, Arial, Helvetica, sans-serif;"><img alt="Windows 8.1 最新版 Build 9428 曝光" src="http://images.cnitblog.com/news/66372/201306/19160229-2c92a647a39145dd8ab64f9a9993c15e.png" style="word-wrap: break-word; max-width: 620px; border-style: none; padding: 0px; margin: 0px; line-height: 1.5em;"/></p><p style="word-wrap: break-word; ; ; ; font-size: 14px; line-height: 25px; orphans: 2; white-space: normal; widows: 2; background-color: rgb(250, 250, 250); color: rgb(64, 64, 64); text-align: center; font-family: Verdana, Arial, Helvetica, sans-serif;">　　Windows Store</p><p style="text-align:center;word-wrap: break-word; ; ; ; font-size: 14px; line-height: 25px; orphans: 2; white-space: normal; widows: 2; background-color: rgb(250, 250, 250); color: rgb(64, 64, 64);  font-family: Verdana, Arial, Helvetica, sans-serif;"><img alt="Windows 8.1 最新版 Build 9428 曝光" src="http://images.cnitblog.com/news/66372/201306/19160230-64c2edf1ffa74c7db809ca9fef07854a.png" style="word-wrap: break-word; max-width: 620px; border-style: none; padding: 0px; margin: 0px; line-height: 1.5em;"/></p><p style="word-wrap: break-word; ; ; ; font-size: 14px; line-height: 25px; orphans: 2; white-space: normal; widows: 2; background-color: rgb(250, 250, 250); color: rgb(64, 64, 64); text-align: center; font-family: Verdana, Arial, Helvetica, sans-serif;">　　Windows Store 中的 Skype</p><p style="text-align:center;word-wrap: break-word; ; ; ; font-size: 14px; line-height: 25px; orphans: 2; white-space: normal; widows: 2; background-color: rgb(250, 250, 250); color: rgb(64, 64, 64);  font-family: Verdana, Arial, Helvetica, sans-serif;"><img alt="Windows 8.1 最新版 Build 9428 曝光" src="http://images.cnitblog.com/news/66372/201306/19160230-1a0996eb73e24612b7cc2ddd73fe2fac.png" style="word-wrap: break-word; max-width: 620px; border-style: none; padding: 0px; margin: 0px; line-height: 1.5em;"/></p><p style="word-wrap: break-word; ; ; ; font-size: 14px; line-height: 25px; orphans: 2; white-space: normal; widows: 2; background-color: rgb(250, 250, 250); color: rgb(64, 64, 64); text-align: center; font-family: Verdana, Arial, Helvetica, sans-serif;">　　Windows Store 中的 Skype</p><p><br/></p>', '2013-06-22 01:17:26', 7, 1, 0, 0, 1, 2, 'uublog', 1, 1, 1, '', 0, 0),
(9, 1, 1, 2, '创造别人想要的东西（1）----创业的本质', '', '', '', '　创业的本质是从自己出发，从身边的朋友出发，深度了解用户，发现用户的潜需求，做出一款满足用户刚需的产品或者服务。　　一个创业公司想要成功，必要条件（甚至可以说是充要条件）是它能够为人们提供人们想要的东西。这听起来是一个显而易见，无需赘述的道理，但却是创业公司经常没有充分考虑的问题。大张旗鼓，轰轰烈烈的创业，最终却做出了一些没人想要的产品，这样的例子在中外都常见。　　举个例子，Webvan，1999', '<p style=";"><strong>　<span style="background-color: rgb(128, 0, 128); color: rgb(255, 255, 255); font-size: 18pt; ">创业的本质</span></strong><span style="font-size: 15px; ">是从自己出发，从身边的朋友出发，深度了解用户，发现用户的潜需求，做出一款满足用户刚需的产品或者服务。</span></p><p style=";"><span style="font-size: 15px; ">　　一个创业公司想要成功，必要条件（甚至可以说是充要条件）是它能够为人们提供人们想要的东西。这听起来是一个显而易见，无需赘述的道理，但却是创业公司经常没有充分考虑的问题。大张旗鼓，轰轰烈烈的创业，最终却做出了一些没人想要的产品，这样的例子在中外都常见。</span></p><p style=";"><span style="font-size: 15px; ">　　举个例子，Webvan，1999年在加州创立的线上杂货（grocery）销售网站，在融资额高达12亿美金之后，2001年宣告破产！这被证明<strong><span style="background-color: rgb(255, 255, 255); color: rgb(0, 0, 255); ">至少在当时不是一个人们需要的服务</span></strong>。</span></p><p style=";"><span style="font-size: 15px; ">　　创业是艰辛的，从产品设计，到技术实现，到上线，到运营，到营销，到融资，再到面对媒体。</span></p><p style=";"><span style="font-size: 15px; ">　　我以前在的公司就是一个例子，购物搜索，比价，情感挖掘，让用户更便捷的买到自己的宝贝，09年就萌发的想法，时间远远超前于一淘，涉及到技术也比较前沿，但最后成就了一款没用户量的产品，失败在哪里？我个人觉得是在运营。工作几年后发现，发现运营真心重要。</span></p><p style=";">&nbsp;</p><p style=";">　　<span style="font-size: 18pt; "><strong><span style="background-color: rgb(128, 0, 128); color: rgb(255, 255, 255); ">困难</span></strong></span><span style="font-size: 15px; ">是多重的，创造出别人需要的东西，不是一件简单的事情。单单从统计数字上看，大多数创业公司是失败的。华尔街日报曾有报道，3/4的创业公司连投资者的本钱都无法挣回来。找到别人生活中存在的某个问题或者某种需求，然后（用技术手段）创造一个产品或服务将其解决。很多创业者就是这么想的。但实际上，<span style="color: rgb(0, 0, 255); "><strong>发现一个真正的问题，是比找到解决方法，是更有难度的事情</strong></span>。创造新的东西本就是在摸索未知。一次一次的迭代想法，通过数据分析，通过调查，来改进自己的产品服务。</span></p><p style=";"><span style="font-size: 15px; ">　　<span style="color: rgb(0, 0, 255); "><strong>创造者面临的另一个困难是，而真正巨大的需求，往往因为我们所处时代的局限而不能够被察觉</strong></span>。试想我们回到5年前，调研当时的互联网用户，恐怕还没有人会觉得有接收来自不相识的人140个字微博的需求。回想06年左右，Youtube公司于2005年2月15日注册，世界最大的视频分享网站，表现你自己，show出你的风采，你很难理解发现几年后，视频行业这么火。淘宝网2003年成立，你也很难相信你可以在网上与不见面老板进行买卖，这种信用机制在当时很难想象，而现在一天一亿次的亲，也改变了用户的购物习惯。</span></p><p data-find="_9" style=";"><span data-find="_8" style="font-size: 15px; ">　　<strong><span style="color: rgb(0, 0, 255); ">雪上加霜的是</span></strong>，对于天朝互联网界来说，更有一个值得担忧的传统。天朝的互联网行业发展几十年，很长时间一直处在追赶美国的硅谷。形成了一个C2C (copy to China) 的传统。最早一批成功的互联网公司也往往是复制美国已经成型的模式，包括实时通信工具，到搜索引擎，到门户网站。C2C带来了快速成功的可能，但是培养了很多人的思考习惯：更多在关注其他市场的成功案例，而忽略了手边客户的需求。比如视频行业，优酷土豆爱奇艺56酷6模仿youtube，百度搜搜360模仿谷歌，花瓣美丽说蘑菇街模仿pinterest，腾腾讯模仿qicq，知乎模仿quora，人人网模仿facebook但越走越偏，等等，这就是中国的悲剧，从来都是一个没有创意的国度，而模仿能力超级强。让我想起了中国教育，爱国爱社会，从小的洗脑，学微积分却不知道到底有毛用，就tmd知道解题，现在还是不太懂它的来历它到底在那些方面实现了它的价值，从小的教育培养了独特变态的你，这是应试教育的悲哀！</span></p><p style=";"><span style="font-size: 15px; ">　　<span style="color: rgb(0, 0, 255); "><strong>要敢于革自己的命</strong></span>，敢于回避知道的风险赶紧业务转型，敢于不吃老底而一次次的迭代变革自己的产品，在变革中成就自己。想想曾经的暴风影音，现在远没有前几年火了，想想网际快车，不知道还有几个人记得？想想电驴，我已经很久没上电驴了。想想人人网，至少2年没登陆过了。曾经风光无限的开心网，正在被遗忘。还有猫扑，不上了不玩了。怎么让自己的产品接地气，怎么让在残酷的竞争中杀出一条血路。</span></p><p style=";"><span style="font-size: 15px; ">　　中国内互联网企业的厮杀也异常激烈，大企业瞬间复制模仿你，秒杀你，2004年9月，QQ游戏平台将联众赶下了中国第一休闲游戏门户的宝座。我记得那个时候室友还在上面玩游戏，现在联众早已被网民遗忘，以至于记得当时的新闻是，&quot;多年以后，在北京知春路的一家咖啡馆，联众创始人鲍岳桥谈起当年腾讯对联众的围剿和逼迫，仍然耿耿于怀。在两个小时的采访中，他连续抽了两包烟&quot;。2006年底，鲍岳桥离开了江河日下的联众，成为了一名天使投资人。他告诉记者，现在他做投资的原则之一就是：<span style="color: rgb(0, 0, 255); "><strong>只做腾讯不会做、不能做的项目，</strong></span><span style="color: rgb(0, 0, 255); "><strong>别让腾讯盯上</strong></span>。腾讯，都是山寨。</span><em><br/></em></p><p style=";">&nbsp;</p><p style=";">　　<span style="background-color: rgb(128, 0, 128); color: rgb(255, 255, 255); font-size: 18pt; "><strong>己之所欲，可施于人</strong></span><span style="font-size: 15px; ">，我想说的是“实践是检验真理的唯一标准”。一个产品或者服务，是否是人们所要的，唯有试了才知道。逻辑的分析，其他市场，其他人的成功，只能作为一个维度或者指标来评判对产品的一个估计。从你自己的需求出发，你可以保证至少这个需求是确实存在，而不是你臆想出来。你有的问题，很有可能很多人都有。所谓”己之所欲，可施于人“。很多伟大的公司都如此诞生：苹果公司是因为 Steve Wozniak 自己想要一台个人电脑，Dropbox是因为Drew Houston 厌烦了每天拿着优盘，hotmail是几位程序员需要更方便的查自己的邮箱，Ben Silbermann 为他的女朋友寻找订婚戒指之时。他发现了很多还算中意的戒指，但又需要反复比较，于是他就开发了 Pinterest，把它们随手贴在同一个页面上。</span></p><p style=";"><span style="font-size: 15px; ">　　仅仅作为一个尝试，想想你能够简单快速的做出什么来，满足你自己的需求，进而满足别人的需求。也许，下一个让用户疯狂的产品就在从你这里诞生！轻松自己，轻松世界，改变自我，影响世界。</span></p><p style=";">　　<span style="font-size: 15px; ">本文参考网易公开课百科青年第二期峰哥的文章进行润色整理，</span><span style="font-size: 15px; ">欢迎微博互粉<span style="background-color: rgb(255, 255, 255); color: rgb(255, 0, 0); ">&nbsp;<strong>@板栗小羊</strong></span></span></p><p style=";">　　<img src="http://images.cnitblog.com/blog/388574/201306/22122557-6d04810b636748779ec95c84406b9592.jpg" alt="" style="border-top-width: 0px; border-right-width: 0px; border-bottom-width: 0px; border-left-width: 0px; border-style: initial; border-color: initial; border-image: initial; "/></p><p>分类:&nbsp;<a href="http://www.cnblogs.com/banli/category/479394.html" style="color: rgb(0, 102, 255); text-decoration: none; ">视野扩展</a></p><p><br/></p>', '2013-06-22 05:02:38', 9, 2, 0, 0, 1, 2, 'uublog', 1, 1, 1, '', 0, 0),
(10, 2, 0, 1, '普林斯顿大学算法公开课（1）----介绍', '', '', '', '课程概况这个课程是什么？（1）中级研究课程。（2）编程解决问题。（3）算法：解决问题的思路方法。（4）数据结构：存储信息的方法。课程分为两个部分为什么学习算法？算法的影响力是宽广和深远的。影响的领域不完全列表如下。（1）网络。包括搜索，包路由，分布式共享文件。（2）生物。包括基因工程，蛋白质折叠。（3）计算机。电路草图，文件系统，编译器。（4）计算机图形图像。电影，电子游戏，虚拟现实。（5）安全。', '<p style=";"><span style="font-size: 14px; background-color: rgb(0, 51, 0); color: rgb(255, 255, 255); "><strong>课程概况</strong></span></p><p style=";"><strong><span style="font-size: 14px; ">这个课程是什么？</span></strong></p><p style=";"><span style="font-size: 14px; ">（1）中级研究课程。</span></p><p style=";"><span style="font-size: 14px; ">（2）编程解决问题。</span></p><p style=";"><span style="font-size: 14px; ">（3）算法：解决问题的思路方法。</span></p><p style=";"><span style="font-size: 14px; ">（4）数据结构：存储信息的方法。</span></p><p style=";"><strong><span style="font-size: 14px; ">课程分为两个部分</span></strong></p><p style=";"><span style="font-size: 14px; "><img src="http://images.cnitblog.com/blog/388574/201306/16184114-f1d82ba5e5a244d7862a413ed6a2a5a7.jpg" alt="" width="666" height="321" style="border-top-width: 0px; border-right-width: 0px; border-bottom-width: 0px; border-left-width: 0px; border-style: initial; border-color: initial; border-image: initial; "/></span></p><p style=";"><span style="font-size: 14px; background-color: rgb(0, 51, 0); color: rgb(255, 255, 255); "><strong>为什么学习算法？</strong></span></p><p style=";"><strong><span style="font-size: 14px; ">算法的影响力是宽广和深远的。影响的领域不完全列表如下。</span></strong></p><p style=";"><span style="font-size: 14px; ">（1）网络。包括搜索，包路由，分布式共享文件。</span></p><p style=";"><span style="font-size: 14px; ">（2）生物。包括基因工程，蛋白质折叠。</span></p><p style=";"><span style="font-size: 14px; ">（3）计算机。电路草图，文件系统，编译器。</span></p><p style=";"><span style="font-size: 14px; ">（4）计算机图形图像。电影，电子游戏，虚拟现实。</span></p><p style=";"><span style="font-size: 14px; ">（5）安全。手机，电子商务，投票计算机。</span></p><p style=";"><span style="font-size: 14px; ">（6）多媒体。mp3，jpg，divx，hdtv，人脸识别。</span></p><p style=";"><span style="font-size: 14px; ">（7）社会网络。推荐系统，新闻feeding，广告学。</span></p><p style=";"><span style="font-size: 14px; ">（8）物理学。n体模拟，粒子碰撞模拟。</span></p><p style=";"><strong><span style="font-size: 14px; ">针对个人，公司，学习算法有什么好处？</span></strong></p><p style=";"><span style="font-size: 14px; ">（1）智力激发。</span></p><p style=";"><span style="font-size: 14px; ">（2）成为高效的程序员。</span></p><p style=";"><span style="font-size: 14px; ">（3）揭开宇宙中生活的秘密。</span></p><p style=";"><span style="font-size: 14px; ">（4）为了乐趣和利润。</span></p><p style=";"><span style="background-color: rgb(0, 51, 0); color: rgb(255, 255, 255); "><strong><span style="font-size: 14px; ">资源</span></strong></span></p><p style=";"><span style="font-size: 14px; ">textbook，<a href="http://pan.baidu.com/share/link?shareid=4082772650&amp;uk=2483086068" style="color: rgb(0, 102, 255); text-decoration: none; ">http://algs4.cs.princeton.edu/home/</a></span></p><p style=";"><span style="font-size: 14px; ">公开课的视频和课件可以从我的百度网盘下载，<a href="http://pan.baidu.com/share/link?shareid=4082772650&amp;uk=2483086068" style="color: rgb(0, 102, 255); text-decoration: none; ">http://pan.baidu.com/share/link?shareid=4082772650&amp;uk=2483086068</a></span></p><p style=";"><strong><span style="background-color: rgb(255, 0, 0); color: rgb(255, 255, 255); ">今天是父亲节，祝福所有的程序员爸爸和程序员的爸爸节日快乐！</span></strong></p><p style=";"><img src="http://images.cnitblog.com/blog/388574/201306/16191903-7ce1f92c0cc74dc6a41e8deb9daef5e1.jpg" alt="" style="border-top-width: 0px; border-right-width: 0px; border-bottom-width: 0px; border-left-width: 0px; border-style: initial; border-color: initial; border-image: initial; "/>　</p><p>分类:&nbsp;<a href="http://www.cnblogs.com/banli/category/479395.html" style="color: rgb(0, 102, 255); text-decoration: none; ">算法研究</a></p><p><br/></p>', '2013-06-22 05:03:09', 3, 0, 0, 0, 1, 2, 'uublog', 1, 1, 1, '', 0, 0),
(11, 1, 0, 2, '第一次当面试官', '', '', '', '　今天第一面试别人，感觉还行，大概80分钟的样子结束了我的第一次，其实还是蛮长。应该有80*60/12多雷。　　以前都是别人面试我，这次终于也当了一次面试官。这次才真正体会到，其实面试官有时候可能比求职者，要付出更多时间来准备面试。面试官要根据简历的情况，来准备面试题目，要在短短的几十分钟内，还是需要面试官根据面试情况来调整面试题目等，以最短的时间获得准确的信息，了解一个人，其实很多时候还是看感觉', '<p style=";"><span style="font-family: 宋体; font-size: 15px; ">　今天第一面试别人，感觉还行，大概80分钟的样子结束了我的第一次，其实还是蛮长。应该有80*60/12多雷。</span></p><p style=";"><span style="font-family: 宋体; font-size: 15px; ">　　以前都是别人面试我，这次终于也当了一次面试官。这次才真正体会到，其实面试官有时候可能比求职者，要付出更多时间来准备面试。面试官要根据简历的情况，来准备面试题目，要在短短的几十分钟内，还是需要面试官根据面试情况来调整面试题目等，以最短的时间获得准确的信息，了解一个人，其实很多时候还是看感觉的。</span></p><p style=";"><span style="font-family: 宋体; font-size: 15px; ">　　前几天看了下<span style="color: rgb(255, 0, 0); "><span style="color: rgb(0, 0, 255); ">@左耳朵耗子</span></span>博客上的关于面试的几篇文章，收获到很多干货。其实面试的目标是想获得下面三件事情：</span></p><p style=";"><span style="font-family: 宋体; font-size: 15px; ">　　（1）<span style="line-height: 22px; background-color: rgb(255, 255, 255);">这个</span><span style="line-height: 22px; background-color: rgb(255, 255, 255);">程序员的是否够聪明？</span></span></p><p style=";"><span style="font-family: 宋体; font-size: 15px; "><span style="line-height: 22px; background-color: rgb(255, 255, 255);">　　（2）</span><span style="line-height: 22px; background-color: rgb(255, 255, 255);">这个程序员能否把事情搞定？</span></span></p><p style=";"><span style="font-family: 宋体; font-size: 15px; "><span style="line-height: 22px; background-color: rgb(255, 255, 255);">　　（3）</span><span style="line-height: 22px; background-color: rgb(255, 255, 255);">这个程序员能和我的团队在一起工作吗？</span></span></p><p style=";"><span style="font-family: 宋体; font-size: 15px; "><span style="line-height: 22px; background-color: rgb(255, 255, 255);">　　我的处女面试大概分下面几个步骤：</span></span></p><p style=";"><span style="font-family: 宋体; font-size: 15px; "><span style="line-height: 22px; background-color: rgb(255, 255, 255);">　<span style="color: rgb(255, 0, 0); ">　<strong>开场</strong></span></span></span></p><p style=";"><span style="font-family: 宋体; font-size: 15px; "><span style="line-height: 22px; background-color: rgb(255, 255, 255);">　　我是XX的工程师，很高兴由我来和你聊聊技术，聊聊项目等，其实我也是第一次面试别人，可能我比你还紧张，所以也不用太紧张太严肃。Ok，我们开始！</span></span></p><p style=";"><span style="font-family: 宋体; font-size: 15px; "><span style="line-height: 22px; background-color: rgb(255, 255, 255);">　　<strong><span style="color: rgb(255, 0, 0); ">针对简历上提到的项目经验</span></strong></span></span></p><p style=";"><span style="font-family: 宋体; font-size: 15px; "><span style="line-height: 22px; background-color: rgb(255, 255, 255);">　　（1）根据详细问项目怎么做的，具体细节等，第一来考察求职者是不是真参与了这个项目。</span></span></p><p style=";"><span style="font-family: 宋体; font-size: 15px; "><span style="line-height: 22px; background-color: rgb(255, 255, 255);">　　（2）明白项目的用途，场景，或者指标等，做这个项目，哪里没做好，那些地方还有优化之处。　</span></span></p><p style=";"><span style="color: rgb(255, 0, 0); font-family: 宋体; font-size: 15px; "><span style="line-height: 22px; background-color: rgb(255, 255, 255);">　<strong>　针对简历上提到的技能</strong></span></span></p><p style=";"><span style="font-family: 宋体; font-size: 15px; "><span style="line-height: 22px; background-color: rgb(255, 255, 255);">　　这里针对“熟悉hadoop”来提的几个问题</span></span></p><p style=";"><span style="font-family: 宋体; font-size: 15px; "><span style="line-height: 22px; background-color: rgb(255, 255, 255);">　　（1）<span style="color: rgb(0, 0, 0); line-height: normal;">setMapOutputKeyClass</span>和<span style="color: rgb(0, 0, 0); line-height: normal;">setOutputKeyClass</span>的区别？</span></span></p><p style=";"><span style="font-family: 宋体; font-size: 15px; "><span style="line-height: 22px; background-color: rgb(255, 255, 255);">　　（2）<span lang="EN-US" style="color: rgb(0, 0, 0); line-height: 26px;">Combiner</span><span style="color: rgb(0, 0, 0); line-height: 26px;">的作用？partition的作用？</span></span></span></p><p style=";"><span style="font-family: 宋体; font-size: 15px; "><span style="line-height: 22px; background-color: rgb(255, 255, 255);"><span style="color: rgb(0, 0, 0); line-height: 26px;">　　（3）setup和cleanup函数的用途？</span></span></span></p><p style=";"><span style="font-family: 宋体; font-size: 15px; ">　　（4）mapreduce的流程？具体讲下shuffle的细节？</span></p><p style=";"><span style="font-family: 宋体; font-size: 15px; ">　　（5）hadoop的二次排序，代码上大概应该怎么写？具体内部原理是什么？</span></p><p style=";"><span style="font-family: 宋体; font-size: 15px; "><span style="line-height: 22px; background-color: rgb(255, 255, 255);">　<span style="color: rgb(255, 0, 0); "><strong>　针对面试的职位</strong></span></span></span></p><p style=";"><span style="font-family: 宋体; font-size: 15px; "><span style="line-height: 22px; background-color: rgb(255, 255, 255);">　　针对面试的岗位需要的技能面试，这里会针对数据挖掘面试一些基本知识。</span></span></p><p style=";"><span style="font-family: 宋体; font-size: 15px; "><span style="line-height: 22px; background-color: rgb(255, 255, 255);">　　（1）knn，k-means，svm关联规则等的一些知识。</span></span></p><p style=";"><span style="font-family: 宋体; font-size: 15px; "><span style="line-height: 22px; background-color: rgb(255, 255, 255);">　　（2）tf-idf的概念。</span></span></p><p style=";"><span style="font-family: 宋体; font-size: 15px; "><strong><span style="color: rgb(255, 0, 0); "><span style="line-height: 22px; background-color: rgb(255, 255, 255);">　　算法</span></span></strong></span></p><p style=";"><span style="font-family: 宋体; font-size: 15px; "><span style="line-height: 22px; background-color: rgb(255, 255, 255);">　　这里会出几个大数据的算法，几个可以引导求职者一起攻克的循环更新的面试题。</span></span></p><p style=";"><span style="font-family: 宋体; font-size: 15px; "><span style="line-height: 22px; background-color: rgb(255, 255, 255);">　　（1）快速从几亿个宝贝中找出今天点击量最大的top100个宝贝。</span></span></p><p style=";"><span style="font-family: 宋体; font-size: 15px; "><span style="line-height: 22px; background-color: rgb(255, 255, 255);">　　（2）hashmap的内部实现原理？</span></span></p><p style=";"><span style="font-family: 宋体; font-size: 15px; "><span style="line-height: 22px; background-color: rgb(255, 255, 255);">　　<span style="color: rgb(255, 0, 0); "><strong>产品</strong></span></span></span></p><p style=";"><span style="font-family: 宋体; font-size: 15px; "><span style="line-height: 22px; background-color: rgb(255, 255, 255);"><strong>　　</strong>（1）你觉得你现在做的产品那些地方，不管是ui，还是交互，还是算法上，有那些可以改进的？</span></span></p><p style=";"><span style="font-family: 宋体; font-size: 15px; "><span style="line-height: 22px; background-color: rgb(255, 255, 255);">　　（2）你觉得我们这的产品，那些地方设计的不够人性化，影响了用户体验的？哪些功能有些badcace？</span></span></p><p style=";"><span style="font-family: 宋体; font-size: 15px; "><span style="line-height: 22px; background-color: rgb(255, 255, 255);">　　（3）说一下你经常用的一个app中，优秀的设计和需要改进的地方？</span></span></p><p style=";"><span style="font-family: 宋体; font-size: 15px; "><span style="line-height: 22px; background-color: rgb(255, 255, 255);">　　<span style="color: rgb(255, 0, 0); "><strong>工作态度</strong></span></span></span></p><p style=";"><span style="font-family: 宋体; font-size: 15px; "><span style="line-height: 22px; background-color: rgb(255, 255, 255);">　　（1）为什么换工作？</span></span></p><p style=";"><span style="font-family: 宋体; font-size: 15px; "><span style="line-height: 22px; background-color: rgb(255, 255, 255);">　　（2）工作几年来，有什么心得感悟和恼火的经历？</span></span></p><p style=";"><span style="font-family: 宋体; font-size: 15px; "><span style="line-height: 22px; background-color: rgb(255, 255, 255);">　<strong><span style="color: rgb(255, 0, 0); ">　面试者提问</span></strong></span></span></p><p style=";"><span style="font-family: 宋体; font-size: 15px; "><span style="line-height: 22px; background-color: rgb(255, 255, 255);">　　（1）对我们团队，对我们公司，有什么需要，或者感兴趣想了解的？</span></span></p><p style=";"><span style="color: rgb(255, 0, 0); font-size: 15px; "><strong><span style="font-family: 宋体; "><span style="line-height: 22px; background-color: rgb(255, 255, 255);">　　结尾</span></span></strong></span></p><p style=";"><span style="font-family: 宋体; font-size: 15px; "><span style="line-height: 22px; background-color: rgb(255, 255, 255);">　　<span style="color: rgb(0, 0, 0); line-height: normal;">OK，那就先到这里，如果有后续面试的话，再通知你。拜拜。</span></span></span></p><p style=";"><span style="font-family: 宋体; font-size: 15px; "><span style="line-height: 22px; background-color: rgb(255, 255, 255);">　　<span style="color: rgb(255, 0, 0); "><strong>面试别人的收获总结：</strong></span></span></span></p><p style=";"><span style="font-family: 宋体; font-size: 15px; "><span style="line-height: 22px; background-color: rgb(255, 255, 255);">　　（1）在面试的过程中，不断穿插聊天方式的打断，来easy求职者，使得整个面试不那么严肃，就像同事之间的聊天，一个问题的解决探讨，这样才能让面试者发挥正常，也能让面试官更全面容易的了解求职者。我现在穿插的方式问一些平常有什么爱好，玩游戏嘛，玩dota吗，我们这经常和老大一起玩，老家哪里的等。</span></span></p><p style=";"><span style="font-family: 宋体; font-size: 15px; "><span style="line-height: 22px; background-color: rgb(255, 255, 255);">　　我的第一次面试，还是很粗糙，需要完善的地方好多，希望自己和求职者一起进步！也希望其他<span style="color: rgb(0, 0, 255); ">博友</span>能给我一些建议和经验之谈。谢谢。</span></span></p><p style=";"><span style="font-family: 宋体; font-size: 15px; "><span style="line-height: 22px; background-color: rgb(255, 255, 255);">　　<img src="http://images.cnitblog.com/blog/388574/201305/13234303-25bbf3100b9443938d4f8f8c5d6adade.jpg" alt="" style="border-top-width: 0px; border-right-width: 0px; border-bottom-width: 0px; border-left-width: 0px; border-style: initial; border-color: initial; border-image: initial; "/></span></span></p><p>分类:&nbsp;<a href="http://www.cnblogs.com/banli/category/479394.html" style="color: rgb(0, 102, 255); text-decoration: none; ">视野扩展</a></p><p><br/></p>', '2013-06-22 05:03:49', 38, 1, 0, 0, 1, 2, 'uublog', 1, 1, 1, '', 0, 0);
INSERT INTO `blog_article` (`id`, `channel1_id`, `channel2_id`, `category_id`, `title`, `titlestyle`, `titlepic`, `tags`, `summary`, `content`, `createtime`, `views`, `comments`, `goods`, `bads`, `status`, `user_id`, `username`, `istop`, `isoriginal`, `cancomment`, `password`, `ishome`, `isrecommend`) VALUES
(12, 1, 1, 2, 'Python的静态方法和类成员方法', '', '', '', 'Python的静态方法和类成员方法都可以被类或实例访问，两者概念不容易理清，但还是有区别的：1）静态方法无需传入self参数，类成员方法需传入代表本类的cls参数；2）从第1条，静态方法是无法访问实例变量的，而类成员方法也同样无法访问实例变量，但可以访问类变量；3）静态方法有点像函数工具库的作用，而类成员方法则更接近类似Java面向对象概念中的静态方法。&nbsp;实现静态方法和类方法的两种方式一', '<p>Python的静态方法和类成员方法都可以被类或实例访问，两者概念不容易理清，但还是有区别的：</p><p>1）静态方法无需传入self参数，类成员方法需传入代表本类的cls参数；</p><p>2）从第1条，静态方法是无法访问实例变量的，而类成员方法也同样无法访问实例变量，但可以访问类变量；</p><p>3）静态方法有点像函数工具库的作用，而类成员方法则更接近类似Java面向对象概念中的静态方法。</p><p>&nbsp;</p><p><strong style="margin-top: 0px; margin-right: 0px; margin-bottom: 0px; margin-left: 0px; padding-top: 0px; padding-right: 0px; padding-bottom: 0px; padding-left: 0px; ">实现静态方法和类方法的两种方式</strong></p><p><strong style="margin-top: 0px; margin-right: 0px; margin-bottom: 0px; margin-left: 0px; padding-top: 0px; padding-right: 0px; padding-bottom: 0px; padding-left: 0px; ">一、在Python 2.3及之前，用staticmethod和classmethod类型对象包装实现</strong></p><p>例子如下（注意print里的说明）：</p><p>class MyClass:<br style="margin-top: 0px; margin-right: 0px; margin-bottom: 0px; margin-left: 0px; padding-top: 0px; padding-right: 0px; padding-bottom: 0px; padding-left: 0px; "/>&nbsp;&nbsp;&nbsp;&nbsp;val1 = &#39;Value 1&#39;<br style="margin-top: 0px; margin-right: 0px; margin-bottom: 0px; margin-left: 0px; padding-top: 0px; padding-right: 0px; padding-bottom: 0px; padding-left: 0px; "/>&nbsp;&nbsp;&nbsp;&nbsp;def __init__(self):<br style="margin-top: 0px; margin-right: 0px; margin-bottom: 0px; margin-left: 0px; padding-top: 0px; padding-right: 0px; padding-bottom: 0px; padding-left: 0px; "/>&nbsp;&nbsp;&nbsp;&nbsp;&nbsp;&nbsp;&nbsp;&nbsp;self.val2 = &#39;Value 2&#39;<br style="margin-top: 0px; margin-right: 0px; margin-bottom: 0px; margin-left: 0px; padding-top: 0px; padding-right: 0px; padding-bottom: 0px; padding-left: 0px; "/>&nbsp;&nbsp;&nbsp;&nbsp;def staticmd():<br style="margin-top: 0px; margin-right: 0px; margin-bottom: 0px; margin-left: 0px; padding-top: 0px; padding-right: 0px; padding-bottom: 0px; padding-left: 0px; "/>&nbsp;&nbsp;&nbsp;&nbsp;&nbsp;&nbsp;&nbsp;&nbsp;print &#39;静态方法，无法访问val1和val2&#39;<br style="margin-top: 0px; margin-right: 0px; margin-bottom: 0px; margin-left: 0px; padding-top: 0px; padding-right: 0px; padding-bottom: 0px; padding-left: 0px; "/>&nbsp;&nbsp;&nbsp;&nbsp;smd = staticmethod(staticmd)<br style="margin-top: 0px; margin-right: 0px; margin-bottom: 0px; margin-left: 0px; padding-top: 0px; padding-right: 0px; padding-bottom: 0px; padding-left: 0px; "/><br style="margin-top: 0px; margin-right: 0px; margin-bottom: 0px; margin-left: 0px; padding-top: 0px; padding-right: 0px; padding-bottom: 0px; padding-left: 0px; "/>&nbsp;&nbsp;&nbsp;&nbsp;def classmd(cls):<br style="margin-top: 0px; margin-right: 0px; margin-bottom: 0px; margin-left: 0px; padding-top: 0px; padding-right: 0px; padding-bottom: 0px; padding-left: 0px; "/>&nbsp;&nbsp;&nbsp;&nbsp;&nbsp;&nbsp;&nbsp;&nbsp;print &#39;类方法，类：&#39; + str(cls) + &#39;，val1：&#39; + cls.val1 + &#39;，无法访问val2的值&#39;<br style="margin-top: 0px; margin-right: 0px; margin-bottom: 0px; margin-left: 0px; padding-top: 0px; padding-right: 0px; padding-bottom: 0px; padding-left: 0px; "/>&nbsp;&nbsp;&nbsp;&nbsp;cmd = classmethod(classmd)<br style="margin-top: 0px; margin-right: 0px; margin-bottom: 0px; margin-left: 0px; padding-top: 0px; padding-right: 0px; padding-bottom: 0px; padding-left: 0px; "/><br style="margin-top: 0px; margin-right: 0px; margin-bottom: 0px; margin-left: 0px; padding-top: 0px; padding-right: 0px; padding-bottom: 0px; padding-left: 0px; "/></p><p><strong style="margin-top: 0px; margin-right: 0px; margin-bottom: 0px; margin-left: 0px; padding-top: 0px; padding-right: 0px; padding-bottom: 0px; padding-left: 0px; ">执行：</strong></p><p><span style="margin-top: 0px; margin-right: 0px; margin-bottom: 0px; margin-left: 0px; padding-top: 0px; padding-right: 0px; padding-bottom: 0px; padding-left: 0px; color: rgb(120, 120, 120); line-height: 1.8em; ">&gt;&gt;&gt;&nbsp;mc = MyClass()<br style="margin-top: 0px; margin-right: 0px; margin-bottom: 0px; margin-left: 0px; padding-top: 0px; padding-right: 0px; padding-bottom: 0px; padding-left: 0px; "/>&gt;&gt;&gt;&nbsp;mc.smd()<br style="margin-top: 0px; margin-right: 0px; margin-bottom: 0px; margin-left: 0px; padding-top: 0px; padding-right: 0px; padding-bottom: 0px; padding-left: 0px; "/>&gt;&gt;&gt;&nbsp;mc.cmd()<br style="margin-top: 0px; margin-right: 0px; margin-bottom: 0px; margin-left: 0px; padding-top: 0px; padding-right: 0px; padding-bottom: 0px; padding-left: 0px; "/>&gt;&gt;&gt;&nbsp;MyClass.smd()<br style="margin-top: 0px; margin-right: 0px; margin-bottom: 0px; margin-left: 0px; padding-top: 0px; padding-right: 0px; padding-bottom: 0px; padding-left: 0px; "/>&gt;&gt;&gt;&nbsp;MyClass.cmd()</span></p><p>&nbsp;</p><p><strong style="margin-top: 0px; margin-right: 0px; margin-bottom: 0px; margin-left: 0px; padding-top: 0px; padding-right: 0px; padding-bottom: 0px; padding-left: 0px; ">二、在Python 2.4及之后，用装饰器（decorators）实现</strong></p><p>装饰器使用@操作符，例子如下：</p><p>class MyClass:<br style="margin-top: 0px; margin-right: 0px; margin-bottom: 0px; margin-left: 0px; padding-top: 0px; padding-right: 0px; padding-bottom: 0px; padding-left: 0px; "/>&nbsp;&nbsp;&nbsp;&nbsp;val1 = &#39;Value 1&#39;<br style="margin-top: 0px; margin-right: 0px; margin-bottom: 0px; margin-left: 0px; padding-top: 0px; padding-right: 0px; padding-bottom: 0px; padding-left: 0px; "/>&nbsp;&nbsp;&nbsp;&nbsp;def __init__(self):<br style="margin-top: 0px; margin-right: 0px; margin-bottom: 0px; margin-left: 0px; padding-top: 0px; padding-right: 0px; padding-bottom: 0px; padding-left: 0px; "/>&nbsp;&nbsp;&nbsp;&nbsp;&nbsp;&nbsp;&nbsp;&nbsp;self.val2 = &#39;Value 2&#39;<br style="margin-top: 0px; margin-right: 0px; margin-bottom: 0px; margin-left: 0px; padding-top: 0px; padding-right: 0px; padding-bottom: 0px; padding-left: 0px; "/><br style="margin-top: 0px; margin-right: 0px; margin-bottom: 0px; margin-left: 0px; padding-top: 0px; padding-right: 0px; padding-bottom: 0px; padding-left: 0px; "/>&nbsp;&nbsp;&nbsp;&nbsp;@staticmethod<br style="margin-top: 0px; margin-right: 0px; margin-bottom: 0px; margin-left: 0px; padding-top: 0px; padding-right: 0px; padding-bottom: 0px; padding-left: 0px; "/>&nbsp;&nbsp;&nbsp;&nbsp;def staticmd():<br style="margin-top: 0px; margin-right: 0px; margin-bottom: 0px; margin-left: 0px; padding-top: 0px; padding-right: 0px; padding-bottom: 0px; padding-left: 0px; "/>&nbsp;&nbsp;&nbsp;&nbsp;&nbsp;&nbsp;&nbsp;&nbsp;print &#39;静态方法，无法访问val1和val2&#39;<br style="margin-top: 0px; margin-right: 0px; margin-bottom: 0px; margin-left: 0px; padding-top: 0px; padding-right: 0px; padding-bottom: 0px; padding-left: 0px; "/><br style="margin-top: 0px; margin-right: 0px; margin-bottom: 0px; margin-left: 0px; padding-top: 0px; padding-right: 0px; padding-bottom: 0px; padding-left: 0px; "/>&nbsp;&nbsp;&nbsp;&nbsp;@classmethod<br style="margin-top: 0px; margin-right: 0px; margin-bottom: 0px; margin-left: 0px; padding-top: 0px; padding-right: 0px; padding-bottom: 0px; padding-left: 0px; "/>&nbsp;&nbsp;&nbsp;&nbsp;def classmd(cls):<br style="margin-top: 0px; margin-right: 0px; margin-bottom: 0px; margin-left: 0px; padding-top: 0px; padding-right: 0px; padding-bottom: 0px; padding-left: 0px; "/>&nbsp;&nbsp;&nbsp;&nbsp;&nbsp;&nbsp;&nbsp;&nbsp;print &#39;类方法，类：&#39; + str(cls) + &#39;，val1：&#39; + cls.val1 + &#39;，无法访问val2的值&#39;<br style="margin-top: 0px; margin-right: 0px; margin-bottom: 0px; margin-left: 0px; padding-top: 0px; padding-right: 0px; padding-bottom: 0px; padding-left: 0px; "/><br style="margin-top: 0px; margin-right: 0px; margin-bottom: 0px; margin-left: 0px; padding-top: 0px; padding-right: 0px; padding-bottom: 0px; padding-left: 0px; "/></p><p><strong style="margin-top: 0px; margin-right: 0px; margin-bottom: 0px; margin-left: 0px; padding-top: 0px; padding-right: 0px; padding-bottom: 0px; padding-left: 0px; ">不管是以上两种方式中的哪一种，执行情况都是一样的，以方式二执行结果</strong><strong style="margin-top: 0px; margin-right: 0px; margin-bottom: 0px; margin-left: 0px; padding-top: 0px; padding-right: 0px; padding-bottom: 0px; padding-left: 0px; ">为例</strong><strong style="margin-top: 0px; margin-right: 0px; margin-bottom: 0px; margin-left: 0px; padding-top: 0px; padding-right: 0px; padding-bottom: 0px; padding-left: 0px; ">分析如下：</strong></p><p>执行：</p><p><span style="margin-top: 0px; margin-right: 0px; margin-bottom: 0px; margin-left: 0px; padding-top: 0px; padding-right: 0px; padding-bottom: 0px; padding-left: 0px; color: rgb(120, 120, 120); line-height: 1.8em; ">&gt;&gt;&gt;&nbsp;mc = MyClass() &nbsp;# 实例化</span></p><p><span style="margin-top: 0px; margin-right: 0px; margin-bottom: 0px; margin-left: 0px; padding-top: 0px; padding-right: 0px; padding-bottom: 0px; padding-left: 0px; color: rgb(120, 120, 120); line-height: 1.8em; "><br style="margin-top: 0px; margin-right: 0px; margin-bottom: 0px; margin-left: 0px; padding-top: 0px; padding-right: 0px; padding-bottom: 0px; padding-left: 0px; "/>&gt;&gt;&gt;&nbsp;mc.staticmd()&nbsp;&nbsp;# 实例调用静态方法，无法访问实例变量val1和val2</span></p><p><span style="margin-top: 0px; margin-right: 0px; margin-bottom: 0px; margin-left: 0px; padding-top: 0px; padding-right: 0px; padding-bottom: 0px; padding-left: 0px; color: rgb(120, 120, 120); line-height: 1.8em; ">&gt;&gt;&gt;&nbsp;<br style="margin-top: 0px; margin-right: 0px; margin-bottom: 0px; margin-left: 0px; padding-top: 0px; padding-right: 0px; padding-bottom: 0px; padding-left: 0px; "/>静态方法，无法访问val1和val2</span></p><p><span style="margin-top: 0px; margin-right: 0px; margin-bottom: 0px; margin-left: 0px; padding-top: 0px; padding-right: 0px; padding-bottom: 0px; padding-left: 0px; color: rgb(120, 120, 120); line-height: 1.8em; ">&nbsp;</span></p><p><span style="margin-top: 0px; margin-right: 0px; margin-bottom: 0px; margin-left: 0px; padding-top: 0px; padding-right: 0px; padding-bottom: 0px; padding-left: 0px; color: rgb(120, 120, 120); line-height: 1.8em; ">&gt;&gt;&gt;&nbsp;mc.classmd()&nbsp;&nbsp;# 实例调用类方法，注意，这里访问的是类MyClass的变量val1的值，不是实例化后mc的实例变量val1，这里容易混淆，往下看就会明白。val2一直是实例变量，所以无法访问</span></p><p><span style="margin-top: 0px; margin-right: 0px; margin-bottom: 0px; margin-left: 0px; padding-top: 0px; padding-right: 0px; padding-bottom: 0px; padding-left: 0px; color: rgb(120, 120, 120); line-height: 1.8em; ">&gt;&gt;&gt;&nbsp;</span></p><p><span style="margin-top: 0px; margin-right: 0px; margin-bottom: 0px; margin-left: 0px; padding-top: 0px; padding-right: 0px; padding-bottom: 0px; padding-left: 0px; color: rgb(120, 120, 120); line-height: 1.8em; ">类方法，类：__main__.MyClass，val1：Value 1，无法访问val2的值<br style="margin-top: 0px; margin-right: 0px; margin-bottom: 0px; margin-left: 0px; padding-top: 0px; padding-right: 0px; padding-bottom: 0px; padding-left: 0px; "/><br style="margin-top: 0px; margin-right: 0px; margin-bottom: 0px; margin-left: 0px; padding-top: 0px; padding-right: 0px; padding-bottom: 0px; padding-left: 0px; "/></span></p><p><span style="margin-top: 0px; margin-right: 0px; margin-bottom: 0px; margin-left: 0px; padding-top: 0px; padding-right: 0px; padding-bottom: 0px; padding-left: 0px; color: rgb(120, 120, 120); line-height: 1.8em; ">&gt;&gt;&gt;&nbsp;MyClass.staticmd()&nbsp;&nbsp;# 类直接调用静态方法，结果同上面的实例调用，无论是类变量还是实例变量都无法访问</span></p><p><span style="margin-top: 0px; margin-right: 0px; margin-bottom: 0px; margin-left: 0px; padding-top: 0px; padding-right: 0px; padding-bottom: 0px; padding-left: 0px; color: rgb(120, 120, 120); line-height: 1.8em; ">&gt;&gt;&gt;&nbsp;<br style="margin-top: 0px; margin-right: 0px; margin-bottom: 0px; margin-left: 0px; padding-top: 0px; padding-right: 0px; padding-bottom: 0px; padding-left: 0px; "/>静态方法，无法访问val1和val2</span></p><p><span style="margin-top: 0px; margin-right: 0px; margin-bottom: 0px; margin-left: 0px; padding-top: 0px; padding-right: 0px; padding-bottom: 0px; padding-left: 0px; color: rgb(120, 120, 120); line-height: 1.8em; ">&nbsp;</span></p><p><span style="margin-top: 0px; margin-right: 0px; margin-bottom: 0px; margin-left: 0px; padding-top: 0px; padding-right: 0px; padding-bottom: 0px; padding-left: 0px; color: rgb(120, 120, 120); line-height: 1.8em; ">&gt;&gt;&gt;&nbsp;MyClass.classmd()&nbsp;&nbsp;# 类直接调用类方法，结果同上面的实例调用</span></p><p><span style="margin-top: 0px; margin-right: 0px; margin-bottom: 0px; margin-left: 0px; padding-top: 0px; padding-right: 0px; padding-bottom: 0px; padding-left: 0px; color: rgb(120, 120, 120); line-height: 1.8em; ">&gt;&gt;&gt;&nbsp;</span></p><p><span style="margin-top: 0px; margin-right: 0px; margin-bottom: 0px; margin-left: 0px; padding-top: 0px; padding-right: 0px; padding-bottom: 0px; padding-left: 0px; color: rgb(120, 120, 120); line-height: 1.8em; ">类方法，类：__main__.MyClass，val1：Value 1，无法访问val2的值</span></p><p><span style="margin-top: 0px; margin-right: 0px; margin-bottom: 0px; margin-left: 0px; padding-top: 0px; padding-right: 0px; padding-bottom: 0px; padding-left: 0px; color: rgb(120, 120, 120); line-height: 1.8em; ">&nbsp;</span></p><p><span style="margin-top: 0px; margin-right: 0px; margin-bottom: 0px; margin-left: 0px; padding-top: 0px; padding-right: 0px; padding-bottom: 0px; padding-left: 0px; color: rgb(120, 120, 120); line-height: 1.8em; ">&gt;&gt;&gt;&nbsp;mc.val1 = &#39;Value changed&#39; &nbsp;# 改变实例变量val1的值<br style="margin-top: 0px; margin-right: 0px; margin-bottom: 0px; margin-left: 0px; padding-top: 0px; padding-right: 0px; padding-bottom: 0px; padding-left: 0px; "/><br style="margin-top: 0px; margin-right: 0px; margin-bottom: 0px; margin-left: 0px; padding-top: 0px; padding-right: 0px; padding-bottom: 0px; padding-left: 0px; "/></span></p><p><span style="margin-top: 0px; margin-right: 0px; margin-bottom: 0px; margin-left: 0px; padding-top: 0px; padding-right: 0px; padding-bottom: 0px; padding-left: 0px; color: rgb(120, 120, 120); line-height: 1.8em; ">&gt;&gt;&gt;&nbsp;mc.classmd()&nbsp;&nbsp;# 实例调用类方法，注意到cls.val1的值没变，所以，这时的cls.val1是类变量val1，而非实例变量val1</span></p><p><span style="margin-top: 0px; margin-right: 0px; margin-bottom: 0px; margin-left: 0px; padding-top: 0px; padding-right: 0px; padding-bottom: 0px; padding-left: 0px; color: rgb(120, 120, 120); line-height: 1.8em; ">&gt;&gt;&gt;&nbsp;</span></p><p><span style="margin-top: 0px; margin-right: 0px; margin-bottom: 0px; margin-left: 0px; padding-top: 0px; padding-right: 0px; padding-bottom: 0px; padding-left: 0px; color: rgb(120, 120, 120); line-height: 1.8em; ">类方法，类：__main__.MyClass，val1：Value 1，无法访问val2的值</span></p><p><span style="margin-top: 0px; margin-right: 0px; margin-bottom: 0px; margin-left: 0px; padding-top: 0px; padding-right: 0px; padding-bottom: 0px; padding-left: 0px; color: rgb(120, 120, 120); line-height: 1.8em; "><br style="margin-top: 0px; margin-right: 0px; margin-bottom: 0px; margin-left: 0px; padding-top: 0px; padding-right: 0px; padding-bottom: 0px; padding-left: 0px; "/>&gt;&gt;&gt;&nbsp;MyClass.classmd() &nbsp;# 类直接调用类方法，结果同上面的实例调用</span></p><p><span style="margin-top: 0px; margin-right: 0px; margin-bottom: 0px; margin-left: 0px; padding-top: 0px; padding-right: 0px; padding-bottom: 0px; padding-left: 0px; color: rgb(120, 120, 120); line-height: 1.8em; ">&gt;&gt;&gt;&nbsp;</span></p><p><span style="margin-top: 0px; margin-right: 0px; margin-bottom: 0px; margin-left: 0px; padding-top: 0px; padding-right: 0px; padding-bottom: 0px; padding-left: 0px; color: rgb(120, 120, 120); line-height: 1.8em; ">类方法，类：__main__.MyClass，val1：Value 1，无法访问val2的值</span></p><p><span style="margin-top: 0px; margin-right: 0px; margin-bottom: 0px; margin-left: 0px; padding-top: 0px; padding-right: 0px; padding-bottom: 0px; padding-left: 0px; color: rgb(120, 120, 120); line-height: 1.8em; ">&nbsp;</span></p><p><span style="margin-top: 0px; margin-right: 0px; margin-bottom: 0px; margin-left: 0px; padding-top: 0px; padding-right: 0px; padding-bottom: 0px; padding-left: 0px; color: rgb(120, 120, 120); line-height: 1.8em; ">&gt;&gt;&gt;&nbsp;MyClass.val1 = &#39;Class Value changed&#39;&nbsp;&nbsp;# 改变类变量val1的值</span></p><p><span style="margin-top: 0px; margin-right: 0px; margin-bottom: 0px; margin-left: 0px; padding-top: 0px; padding-right: 0px; padding-bottom: 0px; padding-left: 0px; color: rgb(120, 120, 120); line-height: 1.8em; "><br style="margin-top: 0px; margin-right: 0px; margin-bottom: 0px; margin-left: 0px; padding-top: 0px; padding-right: 0px; padding-bottom: 0px; padding-left: 0px; "/>&gt;&gt;&gt;&nbsp;mc.classmd()&nbsp;&nbsp;# 实例调用类方法，注意到cls.val1的值变了，所以，进一步证明了这时的cls.val1是类变量val1，而非实例变量val1</span></p><p><span style="margin-top: 0px; margin-right: 0px; margin-bottom: 0px; margin-left: 0px; padding-top: 0px; padding-right: 0px; padding-bottom: 0px; padding-left: 0px; color: rgb(120, 120, 120); line-height: 1.8em; ">&gt;&gt;&gt;&nbsp;</span></p><p><span style="margin-top: 0px; margin-right: 0px; margin-bottom: 0px; margin-left: 0px; padding-top: 0px; padding-right: 0px; padding-bottom: 0px; padding-left: 0px; color: rgb(120, 120, 120); line-height: 1.8em; ">类方法，类：__main__.MyClass，val1：Class Value changed，无法访问val2的值</span></p><p><span style="margin-top: 0px; margin-right: 0px; margin-bottom: 0px; margin-left: 0px; padding-top: 0px; padding-right: 0px; padding-bottom: 0px; padding-left: 0px; color: rgb(120, 120, 120); line-height: 1.8em; ">&nbsp;</span></p><p><span style="margin-top: 0px; margin-right: 0px; margin-bottom: 0px; margin-left: 0px; padding-top: 0px; padding-right: 0px; padding-bottom: 0px; padding-left: 0px; color: rgb(120, 120, 120); line-height: 1.8em; ">&gt;&gt;&gt;&nbsp;MyClass.classmd()&nbsp;&nbsp;# 类直接调用类方法，结果同上面的实例调用</span></p><p><span style="margin-top: 0px; margin-right: 0px; margin-bottom: 0px; margin-left: 0px; padding-top: 0px; padding-right: 0px; padding-bottom: 0px; padding-left: 0px; color: rgb(120, 120, 120); line-height: 1.8em; ">&gt;&gt;&gt;&nbsp;</span></p><p><span style="margin-top: 0px; margin-right: 0px; margin-bottom: 0px; margin-left: 0px; padding-top: 0px; padding-right: 0px; padding-bottom: 0px; padding-left: 0px; color: rgb(120, 120, 120); line-height: 1.8em; ">类方法，类：__main__.MyClass，val1：Class Value changed，无法访问val2的值</span></p><p>&nbsp;</p><p><strong style="margin-top: 0px; margin-right: 0px; margin-bottom: 0px; margin-left: 0px; padding-top: 0px; padding-right: 0px; padding-bottom: 0px; padding-left: 0px; ">结论</strong></p><p><strong style="margin-top: 0px; margin-right: 0px; margin-bottom: 0px; margin-left: 0px; padding-top: 0px; padding-right: 0px; padding-bottom: 0px; padding-left: 0px; ">如果上述执行过程太复杂，记住以下两点就好了：</strong></p><p><strong style="margin-top: 0px; margin-right: 0px; margin-bottom: 0px; margin-left: 0px; padding-top: 0px; padding-right: 0px; padding-bottom: 0px; padding-left: 0px; ">静态方法：</strong>无法访问类属性、实例属性，相当于一个相对独立的方法，跟类其实没什么关系，换个角度来讲，其实就是放在一个类的作用域里的函数而已。</p><p><strong style="margin-top: 0px; margin-right: 0px; margin-bottom: 0px; margin-left: 0px; padding-top: 0px; padding-right: 0px; padding-bottom: 0px; padding-left: 0px; ">类成员方法：</strong>可以访问类属性，无法访问实例属性。上述的变量val1，在类里是类变量，在实例中又是实例变量，所以容易混淆。</p><p><br/></p>', '2013-06-28 02:17:33', 14, 0, 0, 0, 1, 2, 'uublog', 1, 1, 1, '', 0, 0),
(13, 5, 5, 7, 'python中文编码转换与正确输出', '', '', '', 'Python代码中字符串的默认编码与代码文件本身的编码一致decode的作用是将其他编码的字符串转换成unicode编码encode的作用是将unicode编码转换成其他编码的字符串&gt;&gt;&gt; s=&quot;中文&quot;&gt;&gt;&gt; s&#39;xd6xd0xcexc4&#39;&gt;&gt;&gt; s.decode(&quot;gbk&quot;)u&#39;', '<p style="; ; ; line-height: 24px; font-family: serif; font-size: 14px; orphans: 2; text-align: -webkit-auto; white-space: normal; widows: 2;">Python代码中字符串的默认编码与代码文件本身的编码一致<br/>decode的作用是将其他编码的字符串转换成unicode编码<br/>encode的作用是将unicode编码转换成其他编码的字符串</p><p style="; ; ; line-height: 24px; font-family: serif; font-size: 14px; orphans: 2; text-align: -webkit-auto; white-space: normal; widows: 2;">&gt;&gt;&gt; s=&quot;中文&quot;<br/>&gt;&gt;&gt; s<br/>&#39;xd6xd0xcexc4&#39;<br/>&gt;&gt;&gt; s.decode(&quot;gbk&quot;)<br/>u&#39;u4e2du6587&#39;<br/>&gt;&gt;&gt; print s.decode(&quot;gbk&quot;)<br/>中文<br/>&gt;&gt;&gt; print s<br/>中文<br/>&gt;&gt;&gt; s.decode(&quot;gbk&quot;).encode(&quot;gbk&quot;)<br/>&#39;xd6xd0xcexc4&#39;<br/>&gt;&gt;&gt; print s.decode(&quot;gbk&quot;).encode(&quot;gbk&quot;)<br/>中文<br/>&gt;&gt;&gt;</p><p style="; ; ; line-height: 24px; font-family: serif; font-size: 14px; orphans: 2; text-align: -webkit-auto; white-space: normal; widows: 2;">&gt;&gt;&gt; a=&#39;中国人&#39;<br/>&gt;&gt;&gt; a<br/>&#39;xd6xd0xb9xfaxc8xcb&#39;<br/>&gt;&gt;&gt; b = unicode(a,&#39;gbk&#39;)<br/>&gt;&gt;&gt; b<br/>u&#39;u4e2du56fdu4eba&#39;<br/>&gt;&gt;&gt; a.find(&#39;中&#39;)<br/>0<br/>&gt;&gt;&gt; a.find(&#39;人&#39;)<br/>4<br/>&gt;&gt;&gt; b.find(&#39;人&#39;.decode(&#39;gbk&#39;))<br/>2<br/>&gt;&gt;&gt; print a<br/>中国人<br/>&gt;&gt;&gt; print b<br/>中国人</p><p style="; ; ; line-height: 24px; font-family: serif; font-size: 14px; orphans: 2; text-align: -webkit-auto; white-space: normal; widows: 2;">这里find函数查到的结果应该很好理解啦。b中的find必须decode一下，否则会出错。至于为什么print出来的是汉字，我还没有研究出来呢。请高手告知。</p><p style="; ; ; line-height: 24px; font-family: serif; font-size: 14px; orphans: 2; text-align: -webkit-auto; white-space: normal; widows: 2;">&gt;&gt;&gt; b.encode(&#39;gb18030&#39;)<br/>&#39;xd6xd0xb9xfaxc8xcb&#39;<br/>&gt;&gt;&gt; b.encode(&#39;cp936&#39;)<br/>&#39;xd6xd0xb9xfaxc8xcb&#39;<br/>&gt;&gt;&gt; b.encode(&#39;gbk&#39;)<br/>&#39;xd6xd0xb9xfaxc8xcb&#39;<br/>&gt;&gt;&gt; b.encode(&#39;utf-8&#39;)<br/>&#39;xe4xb8xadxe5x9bxbdxe4xbaxba&#39;</p><p style="; ; ; line-height: 24px; font-family: serif; font-size: 14px; orphans: 2; text-align: -webkit-auto; white-space: normal; widows: 2;">说明gb18030、gbk、gb2312以及cp936等都可以进行中文编码，并且结果还一致，utf-8也可以，只是编码方式不一样，所以结果不同而已。原理上他们都是一致的。</p><p style="; ; ; line-height: 24px; font-family: serif; font-size: 14px; orphans: 2; text-align: -webkit-auto; white-space: normal; widows: 2;">&gt;&gt;&gt; type(a)<br/>&lt;type &#39;str&#39;&gt;<br/>&gt;&gt;&gt; type(b)<br/>&lt;type &#39;unicode&#39;&gt;<br/>&gt;&gt;&gt; type(b.encode(&#39;utf-8&#39;))<br/>&lt;type &#39;str&#39;&gt;</p><p style="; ; ; line-height: 24px; font-family: serif; font-size: 14px; orphans: 2; text-align: -webkit-auto; white-space: normal; widows: 2;">说明python对字符串有两种编码方式，一种就是普通方式，另外一种就是unicode。注意utf-8也认为是普通的编码方式</p><p style="; ; ; line-height: 24px; font-family: serif; font-size: 14px; orphans: 2; text-align: -webkit-auto; white-space: normal; widows: 2;">下面提供了编辑转换</p><p style="; ; ; line-height: 24px; font-family: serif; font-size: 14px; orphans: 2; text-align: -webkit-auto; white-space: normal; widows: 2;">汉字转为html实体字符得了。<br/>&nbsp;echo mb_convert_encoding (&quot;重玩一次&quot;, &quot;HTML-ENTITIES&quot;, &quot;gb2312&quot;);</p><p style="; ; ; line-height: 24px; font-family: serif; font-size: 14px; orphans: 2; text-align: -webkit-auto; white-space: normal; widows: 2;">编码转换<br/>s = &quot;中文&quot;<br/>s1 = u&quot;中文&quot;</p><p style="; ; ; line-height: 24px; font-family: serif; font-size: 14px; orphans: 2; text-align: -webkit-auto; white-space: normal; widows: 2;">unicode -&gt; gbk<br/>&nbsp;s1.encode(&quot;gbk&quot;)<br/>unicode -&gt; utf-8<br/>&nbsp;s1.encode(&quot;UTF-8&quot;)<br/>gbk -&gt;unicode<br/>&nbsp;unicode(s, &quot;gbk&quot;)<br/>&nbsp;或者<br/>&nbsp;s.decode(&quot;gbk&quot;)</p><p><br/></p>', '2013-06-28 04:56:42', 2, 0, 0, 0, 1, 3, 'test5', 1, 1, 1, '', 0, 0),
(14, 17, 17, 5, '雷政富受贿316万余元一审被判13年', '', '', '', '　　中新网重庆6月28日电 (记者 刘贤)原中共重庆北碚区委书记雷政富涉嫌受贿一案28日在重庆第一中级人民法院一审宣判。雷政富以受贿316万余元被判有期徒刑13年，剥夺政治权利3年，没收30万元财产，追缴316万余元受贿款上交国库；没收财产和受贿款在1个月内上交。', '<p><span style="color: rgb(51, 51, 51); font-family: 微软雅黑; font-size: 15px; letter-spacing: 1px; line-height: 26px; orphans: 2; text-align: -webkit-auto;  widows: 2; background-color: rgb(238, 242, 246);">　　</span><a target="_blank" href="http://www.chinanews.com/" style="text-decoration: none; font-family: 微软雅黑; font-size: 15px; letter-spacing: 1px; line-height: 26px; orphans: 2; text-align: -webkit-auto; white-space: normal; widows: 2; background-color: rgb(238, 242, 246);">中新网</a><span style="color: rgb(51, 51, 51); font-family: 微软雅黑; font-size: 15px; letter-spacing: 1px; line-height: 26px; orphans: 2; text-align: -webkit-auto;  widows: 2; background-color: rgb(238, 242, 246);">重庆6月28日电 (记者 刘贤)原中共重庆北碚区委书记雷政富涉嫌受贿一案28日在重庆第一中级人民法院一审宣判。雷政富以受贿316万余元被判有期徒刑13年，剥夺政治权利3年，没收30万元财产，追缴316万余元受贿款上交国库；没收财产和受贿款在1个月内上交。</span></p>', '2013-06-28 04:57:48', 2, 0, 0, 0, 1, 3, 'test5', 1, 1, 1, '', 0, 0),
(15, 1, 1, 7, '今天我们到摄影棚里面拍产品照，结果看见两个新娘进来拍照。', '', '', '', '今天我们到摄影棚里面拍产品照，结果看见两个新娘进来拍照。我们老大很惊奇地问，这是怎么回事呢？新郎呢？然后摄影师说，她们拍得是闺蜜照。好吧，好吧，是我们想歪了。呵呵(~o~)！', '<p><span style="color: rgb(69, 69, 69); font-family: tahoma, helvetica, arial; font-size: 14px; line-height: 21px; orphans: 2; text-align: -webkit-auto;  widows: 2; background-color: rgb(255, 255, 255);">今天我们到摄影棚里面拍产品照，结果看见两个新娘进来拍照。</span><br style="color: rgb(69, 69, 69); font-family: tahoma, helvetica, arial; font-size: 14px; line-height: 21px; orphans: 2; text-align: -webkit-auto; white-space: normal; widows: 2; background-color: rgb(255, 255, 255);"/><span style="color: rgb(69, 69, 69); font-family: tahoma, helvetica, arial; font-size: 14px; line-height: 21px; orphans: 2; text-align: -webkit-auto;  widows: 2; background-color: rgb(255, 255, 255);">我们老大很惊奇地问，这是怎么回事呢？新郎呢？</span><br style="color: rgb(69, 69, 69); font-family: tahoma, helvetica, arial; font-size: 14px; line-height: 21px; orphans: 2; text-align: -webkit-auto; white-space: normal; widows: 2; background-color: rgb(255, 255, 255);"/><span style="color: rgb(69, 69, 69); font-family: tahoma, helvetica, arial; font-size: 14px; line-height: 21px; orphans: 2; text-align: -webkit-auto;  widows: 2; background-color: rgb(255, 255, 255);">然后摄影师说，她们拍得是闺蜜照。</span><br style="color: rgb(69, 69, 69); font-family: tahoma, helvetica, arial; font-size: 14px; line-height: 21px; orphans: 2; text-align: -webkit-auto; white-space: normal; widows: 2; background-color: rgb(255, 255, 255);"/><span style="color: rgb(69, 69, 69); font-family: tahoma, helvetica, arial; font-size: 14px; line-height: 21px; orphans: 2; text-align: -webkit-auto;  widows: 2; background-color: rgb(255, 255, 255);">好吧，好吧，是我们想歪了。呵呵(~o~)！</span></p>', '2013-06-28 04:58:37', 17, 2, 0, 0, 1, 3, 'test5', 1, 1, 1, '', 0, 0),
(16, 15, 15, 1, '我拿着彩票看双色球开奖', '', '', '', '.昨天晚上，我拿着彩票看双色球开奖。摇出前五个时全对上了，正要出第六个突然停电了。我一激动吧茶几踹碎了。今早到彩票站一看，我中了200元。默默地去家具城买个茶几，花了350元。', '<p><span style="color: rgb(51, 51, 51); font-family: 宋体, &#39;Helvetica Neue&#39;, Helvetica, Arial, sans-serif; font-size: 14px; line-height: 24px; orphans: 2;  widows: 2; background-color: rgb(255, 255, 255);">.昨天晚上，我拿着彩票看双色球开奖。摇出前五个时全对上了，正要出第六个突然停电了。我一激动吧茶几踹碎了。今早到彩票站一看，我中了200元。默默地去家具城买个茶几，花了350元。</span></p>', '2013-06-28 07:06:46', 2, 0, 0, 0, 1, 4, 'test6', 1, 1, 1, '', 0, 0),
(17, 26, 26, 1, '藏獒频繁伤人、咬死人，社会不能继续沉默 ', '', '', '', '藏獒频繁伤人、咬死人，社会不能继续沉默6月27日19时许，河北省邯郸市人王某领其3岁半的女儿李某到大连高新园区梁家沟内一工地的小卖店内购买水喝，母女二人刚进入到商店的院内，突然从围挡的院内蹿出一条黑色藏獒，将李某的脖子左侧咬住，孩子母亲等人急忙用砖头、木棍驱打，藏獒被打跑后，商店服务员马上联系商店主人的哥哥驾车将李某送到大连附属第二医院，李某经抢救无效死亡。（6月28日《新华网》）6月28日，完全', '<p style="text-align:center;; ; border: 0px; list-style: none; word-wrap: normal; word-break: normal; line-height: 21px; color: rgb(50, 62, 50); font-family: simsun; font-size: 14px; orphans: 2; white-space: normal; widows: 2; background-color: rgb(107, 131, 102); text-indent: 2em;"><span style="word-wrap: normal; word-break: normal; line-height: 30px; font-size: 20px; "><strong>藏獒频繁伤人、咬死人，社会不能继续沉默</strong></span></p><p style="; ; border: 0px; list-style: none; word-wrap: normal; word-break: normal; line-height: 21px; color: rgb(50, 62, 50); font-family: simsun; font-size: 14px; orphans: 2; white-space: normal; widows: 2; background-color: rgb(107, 131, 102); text-indent: 2em;"><span style="word-wrap: normal; word-break: normal; line-height: 30px; font-size: 20px; ">6月27日19时许，河北省邯郸市人王某领其3岁半的女儿李某到大连高新园区梁家沟内一工地的小卖店内购买水喝，母女二人刚进入到商店的院内，突然从围挡的院内蹿出一条黑色藏獒，将李某的脖子左侧咬住，孩子母亲等人急忙用砖头、木棍驱打，藏獒被打跑后，商店服务员马上联系商店主人的哥哥驾车将李某送到大连附属第二医院，李某经抢救无效死亡。（6月28日《新华网》）</span></p><p style="; ; border: 0px; list-style: none; word-wrap: normal; word-break: normal; line-height: 21px; color: rgb(50, 62, 50); font-family: simsun; font-size: 14px; orphans: 2; white-space: normal; widows: 2; background-color: rgb(107, 131, 102); text-indent: 2em;"><span style="word-wrap: normal; word-break: normal; line-height: 30px; font-size: 20px; "><strong><img align="right" src="http://a.cvimg.cn/UploadFile/MiniBlog/2013/6-28/587d9ef9-bbd7-46c0-b04c-37b419827d39_Big.jpg" real_src="http://a.cvimg.cn/UploadFile/MiniBlog/2013/6-28/587d9ef9-bbd7-46c0-b04c-37b419827d39_Big.jpg" alt="藏獒频繁伤人、咬死人，社会不能继续沉默" title="藏獒频繁伤人、咬死人，社会不能继续沉默" style="margin-top: 0px; margin-right: 0px; margin-bottom: 0px; margin-left: 0px; padding-top: 0px; padding-right: 0px; padding-bottom: 0px; padding-left: 0px; border-top-width: 0px; border-right-width: 0px; border-bottom-width: 0px; border-left-width: 0px; border-style: initial; border-color: initial; border-image: initial; list-style-type: none; list-style-position: initial; list-style-image: initial; "/>6</strong><strong>月</strong><strong>28</strong><strong>日，完全可以被称为“中国藏獒伤人报道日”。</strong>就在这一天，媒体除了报道大连这名3岁半女孩被藏獒咬死之外，还有另外5起藏獒伤人事件的报道：</span></p><p style="; ; border: 0px; list-style: none; word-wrap: normal; word-break: normal; line-height: 21px; color: rgb(50, 62, 50); font-family: simsun; font-size: 14px; orphans: 2; white-space: normal; widows: 2; background-color: rgb(107, 131, 102); text-indent: 2em;"><span style="word-wrap: normal; word-break: normal; line-height: 30px; font-size: 20px; ">一大早，从题为《山西运城村民藏獒口中勇救小女孩》的视频中，看到一名不到10岁的小女孩在路口与一条藏獒相遇，被藏獒扑倒在地的小女孩试图反抗，但很快就被拖到一旁，挣扎了几秒钟就不再反抗，辛亏一名骑电动车的成人快速冲向这条伤人的藏獒，用电动车猛撞藏獒，再用木棍打击藏獒，最终救下小女孩。</span></p><p style="; ; border: 0px; list-style: none; word-wrap: normal; word-break: normal; line-height: 21px; color: rgb(50, 62, 50); font-family: simsun; font-size: 14px; orphans: 2; white-space: normal; widows: 2; background-color: rgb(107, 131, 102); text-indent: 2em;"><span style="word-wrap: normal; word-break: normal; line-height: 30px; font-size: 20px; ">还是发生在大连，一只重达150多斤的藏獒在辽宁省庄河市兴一条街上见人就咬，多人被咬伤。一名90岁老妇因躲避不及，被发狂的藏獒咬穿胳膊，周围居民拨打110报警求助。</span></p><p style="; ; border: 0px; list-style: none; word-wrap: normal; word-break: normal; line-height: 21px; color: rgb(50, 62, 50); font-family: simsun; font-size: 14px; orphans: 2; white-space: normal; widows: 2; background-color: rgb(107, 131, 102); text-indent: 2em;"><span style="word-wrap: normal; word-break: normal; line-height: 30px; font-size: 20px; ">今日清晨，一条体重近百斤的藏獒在四川泸州城区将一名妇女咬伤。为防止藏獒再次伤人，警方果断将其击毙。</span></p><p style="; ; border: 0px; list-style: none; word-wrap: normal; word-break: normal; line-height: 21px; color: rgb(50, 62, 50); font-family: simsun; font-size: 14px; orphans: 2; white-space: normal; widows: 2; background-color: rgb(107, 131, 102); text-indent: 2em;"><span style="word-wrap: normal; word-break: normal; line-height: 30px; font-size: 20px; ">6月24日清晨，两只藏獒犬突然从某公司院内蹿出，在位于昌平区邓庄村附近的马路边上，将3名路人咬伤。</span></p><p style="; ; border: 0px; list-style: none; word-wrap: normal; word-break: normal; line-height: 21px; color: rgb(50, 62, 50); font-family: simsun; font-size: 14px; orphans: 2; white-space: normal; widows: 2; background-color: rgb(107, 131, 102); text-indent: 2em;"><span style="word-wrap: normal; word-break: normal; line-height: 30px; font-size: 20px; ">6月27日10时许，平谷区公安分局接群众报警，称在马坊镇英城物流园区有2人被狗咬伤，一人被咬腿部，一人被咬肩部，伤者已被送往医院。</span></p><p style="; ; border: 0px; list-style: none; word-wrap: normal; word-break: normal; line-height: 21px; color: rgb(50, 62, 50); font-family: simsun; font-size: 14px; orphans: 2; white-space: normal; widows: 2; background-color: rgb(107, 131, 102); text-indent: 2em;"><span style="word-wrap: normal; word-break: normal; line-height: 30px; font-size: 20px; "><strong>藏獒伤人、咬死人事件如此频繁，兼简是骇人听闻。这些藏獒，动辄上百万甚至上千万，无非是富人的玩物。可富人玩物享受，总不该漠视他人生命啊。</strong></span></p><p style="; ; border: 0px; list-style: none; word-wrap: normal; word-break: normal; line-height: 21px; color: rgb(50, 62, 50); font-family: simsun; font-size: 14px; orphans: 2; white-space: normal; widows: 2; background-color: rgb(107, 131, 102); text-indent: 2em;"><span style="word-wrap: normal; word-break: normal; line-height: 30px; font-size: 20px; ">养藏獒的主人，之所以不把他人的生命当回事，应该和中国法律对恶犬主人的处罚过轻有关。5月30日美国洛杉矶也发生斗牛犬咬死人事件，犬主人杰克逊被以“谋杀罪”逮捕，洛杉矶县地区检察院发言人说，如果被定罪，杰克逊将面临终身监禁。而在中国，一般会以“过失杀人罪”，狗主人最多也就被判7年有期徒刑。</span></p><p style="; ; border: 0px; list-style: none; word-wrap: normal; word-break: normal; line-height: 21px; color: rgb(50, 62, 50); font-family: simsun; font-size: 14px; orphans: 2; white-space: normal; widows: 2; background-color: rgb(107, 131, 102); text-indent: 2em;"><span style="word-wrap: normal; word-break: normal; line-height: 30px; font-size: 20px; "><strong>此外，对犬只管理制度落实不够，也是造成恶犬频繁伤人的重要原因。</strong>从目前的城市管理看，如藏獒这样的大型犬、烈性犬，绝大多数城市都是禁养的，但我们在大街上还能不时地看到大型犬、烈性犬，而随处可见的宠物犬则基本上没有狗牌。</span></p><p style="; ; border: 0px; list-style: none; word-wrap: normal; word-break: normal; line-height: 21px; color: rgb(50, 62, 50); font-family: simsun; font-size: 14px; orphans: 2; white-space: normal; widows: 2; background-color: rgb(107, 131, 102); text-indent: 2em;"><span style="word-wrap: normal; word-break: normal; line-height: 30px; font-size: 20px; ">遵义恶犬咬死晨练老人事件发生之后，各地对犬只的管理力度得到了一定的加强。月初，北京市公安机关开始在全市各主要社区内张贴早年出台的《北京市公安局关于重点管理区禁止饲养大型犬烈性犬的通告》，要求在东城、西城、朝阳、海淀、丰台、石景山区这六个重点管理区开查大型犬和烈性犬。上述犬只一经查获，将由公安机关予以没收，并可对养犬单位处1万元罚款，对养犬人处5000元罚款。</span></p><p style="; ; border: 0px; list-style: none; word-wrap: normal; word-break: normal; line-height: 21px; color: rgb(50, 62, 50); font-family: simsun; font-size: 14px; orphans: 2; white-space: normal; widows: 2; background-color: rgb(107, 131, 102); text-indent: 2em;"><span style="word-wrap: normal; word-break: normal; line-height: 30px; font-size: 20px; ">因为昌平、平谷两区不属于重点管理区，估计此轮整治后六个重点管理区的大型犬、烈性犬改投昌平、平谷等区县了，因此上面两起藏獒伤人事故，仅是该地恶犬频繁伤人事故的开始，如果当地政府不能强化管理，更严重的惨剧将不可避免地要在近期发生。</span></p><p style="; ; border: 0px; list-style: none; word-wrap: normal; word-break: normal; line-height: 21px; color: rgb(50, 62, 50); font-family: simsun; font-size: 14px; orphans: 2; white-space: normal; widows: 2; background-color: rgb(107, 131, 102); text-indent: 2em;"><span style="word-wrap: normal; word-break: normal; line-height: 30px; font-size: 20px; "><strong>面对频繁发生的藏獒及其他犬类伤人、咬死人事件，社会不能再沉默下去了。政府有责任保护居民人身安全不受犬类的威胁，“禁犬”规定不能得到落实，就是政府失职、渎职。</strong>一些“伪动物保护主义者”，对部分城市捕杀大型犬、烈性犬举动横加指责，孰不知人的生命价值远高于犬类，远高于无论多么名贵的藏獒。那些“人不如狗”的思维，其实是将自己的价值贬低至犬类之下，理应遭到社会的唾弃。</span></p><p><br/></p>', '2013-06-29 06:58:18', 3, 0, 0, 0, 1, 4, 'test6', 1, 1, 1, '', 0, 0),
(21, 10, 10, 9, '机器人总动员 WALL·E (2008)', '', '', '', '机器人总动员的剧情简介', '<p>机器人总动员的剧情简介</p>', '2013-06-29 13:28:59', 5, 0, 0, 0, 1, 5, 'xiaohuang', 1, 1, 1, '', 0, 0);
INSERT INTO `blog_article` (`id`, `channel1_id`, `channel2_id`, `category_id`, `title`, `titlestyle`, `titlepic`, `tags`, `summary`, `content`, `createtime`, `views`, `comments`, `goods`, `bads`, `status`, `user_id`, `username`, `istop`, `isoriginal`, `cancomment`, `password`, `ishome`, `isrecommend`) VALUES
(22, 3, 0, 13, '习近平强调:建设一支宏大高素质干部队伍', '', '', '', '&nbsp;&nbsp;&nbsp; 6月28日，中共中央总书记、国家主席、中央军委主席习近平在全国组织工作会议上发表重要讲话。新华社记者 鞠鹏 摄&nbsp;&nbsp;&nbsp;&nbsp;新华网北京６月２９日电（记者徐京跃　周英峰）全国组织工作会议２８日至２９日在北京召开。中共中央总书记、国家主席、中央军委主席习近平出席会议并发表重要讲话。他强调，面对复杂多变的国际形势和艰巨繁重的国内改革', '<p style="BORDER-LEFT-WIDTH: 0px; BORDER-RIGHT-WIDTH: 0px; WHITE-SPACE: normal; BORDER-BOTTOM-WIDTH: 0px; TEXT-TRANSFORM: none; WORD-SPACING: 0px; COLOR: rgb(0,0,0); PADDING-BOTTOM: 0px; TEXT-ALIGN: center; PADDING-TOP: 0px; FONT: 16px/28px 宋体; PADDING-LEFT: 0px; MARGIN: 1em 0px; ORPHANS: 2; WIDOWS: 2; LETTER-SPACING: normal; PADDING-RIGHT: 0px; BORDER-TOP-WIDTH: 0px; BACKGROUND-COLOR: rgb(255,255,255); TEXT-INDENT: 0px; border-image: initial; -webkit-text-size-adjust: auto; -webkit-text-stroke-width: 0px"><img id="{D13EED3E-F12F-44A9-8576-54EEC582C19C}" title="" style="BORDER-LEFT-WIDTH: 0px; HEIGHT: 600px; BORDER-RIGHT-WIDTH: 0px; BORDER-BOTTOM-WIDTH: 0px; PADDING-BOTTOM: 0px; PADDING-TOP: 0px; PADDING-LEFT: 0px; MARGIN: 0px; PADDING-RIGHT: 0px; BORDER-TOP-WIDTH: 0px; WIDTH: 500px; border-image: initial" border="0" align="center" src="http://news.xinhuanet.com/politics/2013-06/29/116339948_11n.jpg" sourcename="本地文件" sourcedescription="编辑提供的本地文件"/></p><p style="BORDER-LEFT-WIDTH: 0px; BORDER-RIGHT-WIDTH: 0px; WHITE-SPACE: normal; BORDER-BOTTOM-WIDTH: 0px; TEXT-TRANSFORM: none; WORD-SPACING: 0px; COLOR: rgb(0,0,0); PADDING-BOTTOM: 0px; TEXT-ALIGN: left; PADDING-TOP: 0px; FONT: 16px/28px 宋体; PADDING-LEFT: 0px; MARGIN: 1em 0px; ORPHANS: 2; WIDOWS: 2; LETTER-SPACING: normal; PADDING-RIGHT: 0px; BORDER-TOP-WIDTH: 0px; BACKGROUND-COLOR: rgb(255,255,255); TEXT-INDENT: 0px; border-image: initial; -webkit-text-size-adjust: auto; -webkit-text-stroke-width: 0px"><span style="FONT-FAMILY: 楷体; COLOR: navy">&nbsp;&nbsp;&nbsp; 6月28日，中共中央总书记、国家主席、中央军委主席习近平在全国组织工作会议上发表重要讲话。新华社记者 鞠鹏 摄</span></p><p style="BORDER-LEFT-WIDTH: 0px; BORDER-RIGHT-WIDTH: 0px; WHITE-SPACE: normal; BORDER-BOTTOM-WIDTH: 0px; TEXT-TRANSFORM: none; WORD-SPACING: 0px; COLOR: rgb(0,0,0); PADDING-BOTTOM: 0px; TEXT-ALIGN: left; PADDING-TOP: 0px; FONT: 16px/28px 宋体; PADDING-LEFT: 0px; MARGIN: 1em 0px; ORPHANS: 2; WIDOWS: 2; LETTER-SPACING: normal; PADDING-RIGHT: 0px; BORDER-TOP-WIDTH: 0px; BACKGROUND-COLOR: rgb(255,255,255); TEXT-INDENT: 0px; border-image: initial; -webkit-text-size-adjust: auto; -webkit-text-stroke-width: 0px">&nbsp;&nbsp;&nbsp;&nbsp;新华网北京６月２９日电（记者徐京跃　周英峰）全国组织工作会议２８日至２９日在北京召开。中共中央总书记、国家主席、中央军委主席习近平出席会议并发表重要讲话。他强调，面对复杂多变的国际形势和艰巨繁重的国内改革发展任务，实现党的十八大确定的各项目标任务，进行具有许多新的历史特点的伟大斗争，关键在党，关键在人。关键在党，就要确保党在发展中国特色社会主义历史进程中始终成为坚强领导核心。关键在人，就要建设一支宏大的高素质干部队伍。</p><p style="BORDER-LEFT-WIDTH: 0px; BORDER-RIGHT-WIDTH: 0px; WHITE-SPACE: normal; BORDER-BOTTOM-WIDTH: 0px; TEXT-TRANSFORM: none; WORD-SPACING: 0px; COLOR: rgb(0,0,0); PADDING-BOTTOM: 0px; TEXT-ALIGN: left; PADDING-TOP: 0px; FONT: 16px/28px 宋体; PADDING-LEFT: 0px; MARGIN: 1em 0px; ORPHANS: 2; WIDOWS: 2; LETTER-SPACING: normal; PADDING-RIGHT: 0px; BORDER-TOP-WIDTH: 0px; BACKGROUND-COLOR: rgb(255,255,255); TEXT-INDENT: 0px; border-image: initial; -webkit-text-size-adjust: auto; -webkit-text-stroke-width: 0px">&nbsp;&nbsp;&nbsp;&nbsp;中共中央政治局常委、中央书记处书记刘云山在会议上讲话。中共中央政治局常委、中央纪委书记王岐山出席会议。</p><p style="BORDER-LEFT-WIDTH: 0px; BORDER-RIGHT-WIDTH: 0px; WHITE-SPACE: normal; BORDER-BOTTOM-WIDTH: 0px; TEXT-TRANSFORM: none; WORD-SPACING: 0px; COLOR: rgb(0,0,0); PADDING-BOTTOM: 0px; TEXT-ALIGN: left; PADDING-TOP: 0px; FONT: 16px/28px 宋体; PADDING-LEFT: 0px; MARGIN: 1em 0px; ORPHANS: 2; WIDOWS: 2; LETTER-SPACING: normal; PADDING-RIGHT: 0px; BORDER-TOP-WIDTH: 0px; BACKGROUND-COLOR: rgb(255,255,255); TEXT-INDENT: 0px; border-image: initial; -webkit-text-size-adjust: auto; -webkit-text-stroke-width: 0px">&nbsp;&nbsp;&nbsp;&nbsp;习近平在讲话中首先代表党中央，在即将迎来中国共产党成立９２周年之际，向全国各级党组织和广大共产党员致以节日的问候。</p><p style="BORDER-LEFT-WIDTH: 0px; BORDER-RIGHT-WIDTH: 0px; WHITE-SPACE: normal; BORDER-BOTTOM-WIDTH: 0px; TEXT-TRANSFORM: none; WORD-SPACING: 0px; COLOR: rgb(0,0,0); PADDING-BOTTOM: 0px; TEXT-ALIGN: left; PADDING-TOP: 0px; FONT: 16px/28px 宋体; PADDING-LEFT: 0px; MARGIN: 1em 0px; ORPHANS: 2; WIDOWS: 2; LETTER-SPACING: normal; PADDING-RIGHT: 0px; BORDER-TOP-WIDTH: 0px; BACKGROUND-COLOR: rgb(255,255,255); TEXT-INDENT: 0px; border-image: initial; -webkit-text-size-adjust: auto; -webkit-text-stroke-width: 0px">&nbsp;&nbsp;&nbsp;&nbsp;习近平指出，我们党历来高度重视选贤任能，始终把选人用人作为关系党和人民事业的关键性、根本性问题来抓。好干部要做到信念坚定、为民服务、勤政务实、敢于担当、清正廉洁。党的干部必须坚定共产主义远大理想、真诚信仰马克思主义、矢志不渝为中国特色社会主义而奋斗，全心全意为人民服务，求真务实、真抓实干，坚持原则、认真负责，敬畏权力、慎用权力，保持拒腐蚀、永不沾的政治本色，创造出经得起实践、人民、历史检验的实绩。</p><p style="BORDER-LEFT-WIDTH: 0px; BORDER-RIGHT-WIDTH: 0px; WHITE-SPACE: normal; BORDER-BOTTOM-WIDTH: 0px; TEXT-TRANSFORM: none; WORD-SPACING: 0px; COLOR: rgb(0,0,0); PADDING-BOTTOM: 0px; TEXT-ALIGN: left; PADDING-TOP: 0px; FONT: 16px/28px 宋体; PADDING-LEFT: 0px; MARGIN: 1em 0px; ORPHANS: 2; WIDOWS: 2; LETTER-SPACING: normal; PADDING-RIGHT: 0px; BORDER-TOP-WIDTH: 0px; BACKGROUND-COLOR: rgb(255,255,255); TEXT-INDENT: 0px; border-image: initial; -webkit-text-size-adjust: auto; -webkit-text-stroke-width: 0px">&nbsp;&nbsp;&nbsp;&nbsp;习近平强调，好干部不会自然而然产生。成长为一个好干部，一靠自身努力，二靠组织培养。干部的党性修养、思想觉悟、道德水平不会随着党龄的积累而自然提高，也不会随着职务的升迁而自然提高，而需要终生努力。成为好干部，就要不断改造主观世界、加强党性修养、加强品格陶冶，时刻用党章、用共产党员标准要求自己，时刻自重自省自警自励，老老实实做人，踏踏实实干事，清清白白为官。干部要勤于学、敏于思，认真学习马克思主义理论特别是中国特色社会主义理论体系，丰富知识储备，完善知识结构，打牢履职尽责的知识基础。干部要深入基层、深入实际、深入群众，在改革发展的主战场、维护稳定的第一线、服务群众的最前沿砥砺品质、提高本领。</p><p style="BORDER-LEFT-WIDTH: 0px; BORDER-RIGHT-WIDTH: 0px; WHITE-SPACE: normal; BORDER-BOTTOM-WIDTH: 0px; TEXT-TRANSFORM: none; WORD-SPACING: 0px; COLOR: rgb(0,0,0); PADDING-BOTTOM: 0px; TEXT-ALIGN: left; PADDING-TOP: 0px; FONT: 16px/28px 宋体; PADDING-LEFT: 0px; MARGIN: 1em 0px; ORPHANS: 2; WIDOWS: 2; LETTER-SPACING: normal; PADDING-RIGHT: 0px; BORDER-TOP-WIDTH: 0px; BACKGROUND-COLOR: rgb(255,255,255); TEXT-INDENT: 0px; border-image: initial; -webkit-text-size-adjust: auto; -webkit-text-stroke-width: 0px">&nbsp;&nbsp;&nbsp;&nbsp;习近平指出，用一贤人则群贤毕至，见贤思齐就蔚然成风。选什么人就是风向标，就有什么样的干部作风，乃至就有什么样的党风。各级党委及组织部门要坚持党管干部原则，坚持正确用人导向，坚持德才兼备、以德为先，努力做到选贤任能、用当其时，知人善任、人尽其才，把好干部及时发现出来、合理使用起来。要坚持全面、历史、辩证看干部，注重一贯表现和全部工作。要改进考核方法手段，既看发展又看基础，既看显绩又看潜绩，把民生改善、社会进步、生态效益等指标和实绩作为重要考核内容，再也不能简单以国内生产总值增长率来论英雄了。要树立强烈的人才意识，寻觅人才求贤若渴，发现人才如获至宝，举荐人才不拘一格，使用人才各尽其能。</p><p style="BORDER-LEFT-WIDTH: 0px; BORDER-RIGHT-WIDTH: 0px; WHITE-SPACE: normal; BORDER-BOTTOM-WIDTH: 0px; TEXT-TRANSFORM: none; WORD-SPACING: 0px; COLOR: rgb(0,0,0); PADDING-BOTTOM: 0px; TEXT-ALIGN: left; PADDING-TOP: 0px; FONT: 16px/28px 宋体; PADDING-LEFT: 0px; MARGIN: 1em 0px; ORPHANS: 2; WIDOWS: 2; LETTER-SPACING: normal; PADDING-RIGHT: 0px; BORDER-TOP-WIDTH: 0px; BACKGROUND-COLOR: rgb(255,255,255); TEXT-INDENT: 0px; border-image: initial; -webkit-text-size-adjust: auto; -webkit-text-stroke-width: 0px">&nbsp;&nbsp;&nbsp;&nbsp;习近平指出，把好干部选用起来，需要科学有效的选人用人机制。要紧密结合干部工作实际，认真总结，深入研究，不断改进，努力形成系统完备、科学规范、有效管用、简便易行的制度机制。要特别注意研究新情况新问题。要把加强党的领导和充分发扬民主结合起来，发挥党组织在干部选拔任用工作中的领导和把关作用。要完善工作机制，推进干部工作公开，坚决制止简单以票取人的做法，确保民主推荐、民主测评风清气正。</p><p style="BORDER-LEFT-WIDTH: 0px; BORDER-RIGHT-WIDTH: 0px; WHITE-SPACE: normal; BORDER-BOTTOM-WIDTH: 0px; TEXT-TRANSFORM: none; WORD-SPACING: 0px; COLOR: rgb(0,0,0); PADDING-BOTTOM: 0px; TEXT-ALIGN: left; PADDING-TOP: 0px; FONT: 16px/28px 宋体; PADDING-LEFT: 0px; MARGIN: 1em 0px; ORPHANS: 2; WIDOWS: 2; LETTER-SPACING: normal; PADDING-RIGHT: 0px; BORDER-TOP-WIDTH: 0px; BACKGROUND-COLOR: rgb(255,255,255); TEXT-INDENT: 0px; border-image: initial; -webkit-text-size-adjust: auto; -webkit-text-stroke-width: 0px">&nbsp;&nbsp;&nbsp;&nbsp;习近平强调，培养选拔年轻干部，事关党的事业薪火相传，事关国家长治久安。加强和改进年轻干部工作，要下大气力抓好培养工作。对那些看得准、有潜力、有发展前途的年轻干部，要敢于给他们压担子，有计划安排他们去经受锻炼。</p><p style="BORDER-LEFT-WIDTH: 0px; BORDER-RIGHT-WIDTH: 0px; WHITE-SPACE: normal; BORDER-BOTTOM-WIDTH: 0px; TEXT-TRANSFORM: none; WORD-SPACING: 0px; COLOR: rgb(0,0,0); PADDING-BOTTOM: 0px; TEXT-ALIGN: left; PADDING-TOP: 0px; FONT: 16px/28px 宋体; PADDING-LEFT: 0px; MARGIN: 1em 0px; ORPHANS: 2; WIDOWS: 2; LETTER-SPACING: normal; PADDING-RIGHT: 0px; BORDER-TOP-WIDTH: 0px; BACKGROUND-COLOR: rgb(255,255,255); TEXT-INDENT: 0px; border-image: initial; -webkit-text-size-adjust: auto; -webkit-text-stroke-width: 0px">&nbsp;&nbsp;&nbsp;&nbsp;习近平指出，党要管党，才能管好党；从严治党，才能治好党。对我们这样一个拥有８５００多万党员、在一个１３亿人口大国长期执政的党，管党治党一刻不能松懈。组织工作必须认真贯彻党要管党、从严治党方针。党要管党，首先是管好干部；从严治党，关键是从严治吏。要把从严管理干部贯彻落实到干部队伍建设全过程，坚持从严教育、从严管理、从严监督，让每一个干部都深刻懂得，当干部就必须付出更多辛劳、接受更严格的约束。各级领导机关和领导干部，尤其是中央机关和中央国家机关、高级领导干部要强化带头意识，时时处处严要求、作表率。</p><p style="BORDER-LEFT-WIDTH: 0px; BORDER-RIGHT-WIDTH: 0px; WHITE-SPACE: normal; BORDER-BOTTOM-WIDTH: 0px; TEXT-TRANSFORM: none; WORD-SPACING: 0px; COLOR: rgb(0,0,0); PADDING-BOTTOM: 0px; TEXT-ALIGN: left; PADDING-TOP: 0px; FONT: 16px/28px 宋体; PADDING-LEFT: 0px; MARGIN: 1em 0px; ORPHANS: 2; WIDOWS: 2; LETTER-SPACING: normal; PADDING-RIGHT: 0px; BORDER-TOP-WIDTH: 0px; BACKGROUND-COLOR: rgb(255,255,255); TEXT-INDENT: 0px; border-image: initial; -webkit-text-size-adjust: auto; -webkit-text-stroke-width: 0px">&nbsp;&nbsp;&nbsp;&nbsp;习近平强调，党员是党的肌体的细胞。党的先进性和纯洁性要靠千千万万党员的先进性和纯洁性来体现，党的执政使命要靠千千万万党员卓有成效的工作来完成，党要管党、从严治党必须落实到党员队伍的管理中去。党组织要严格把关，把政治标准放在首位，确保政治合格。要重视从青年工人、农民、知识分子中发展党员。要严格党员日常教育和管理，使广大党员平常时候看得出来、关键时刻站得出来、危急关头豁得出来，充分发挥先锋模范作用。</p><p style="BORDER-LEFT-WIDTH: 0px; BORDER-RIGHT-WIDTH: 0px; WHITE-SPACE: normal; BORDER-BOTTOM-WIDTH: 0px; TEXT-TRANSFORM: none; WORD-SPACING: 0px; COLOR: rgb(0,0,0); PADDING-BOTTOM: 0px; TEXT-ALIGN: left; PADDING-TOP: 0px; FONT: 16px/28px 宋体; PADDING-LEFT: 0px; MARGIN: 1em 0px; ORPHANS: 2; WIDOWS: 2; LETTER-SPACING: normal; PADDING-RIGHT: 0px; BORDER-TOP-WIDTH: 0px; BACKGROUND-COLOR: rgb(255,255,255); TEXT-INDENT: 0px; border-image: initial; -webkit-text-size-adjust: auto; -webkit-text-stroke-width: 0px">&nbsp;&nbsp;&nbsp;&nbsp;习近平指出，贯彻党要管党、从严治党方针，必须扎实做好抓基层、打基础的工作，使每个基层党组织都成为坚强战斗堡垒。党的十八大提出了加强基层服务型党组织建设的重大任务。当前和今后一个时期，要以此来指导党的基层组织建设。各级都要重视基层、关心基层、支持基层，加强带头人队伍建设，确保基层党组织有资源、有能力为群众服务。对广大基层干部要充分理解、充分信任，格外关心、格外爱护，多为他们办一些雪中送炭的事情。</p><p style="BORDER-LEFT-WIDTH: 0px; BORDER-RIGHT-WIDTH: 0px; WHITE-SPACE: normal; BORDER-BOTTOM-WIDTH: 0px; TEXT-TRANSFORM: none; WORD-SPACING: 0px; COLOR: rgb(0,0,0); PADDING-BOTTOM: 0px; TEXT-ALIGN: left; PADDING-TOP: 0px; FONT: 16px/28px 宋体; PADDING-LEFT: 0px; MARGIN: 1em 0px; ORPHANS: 2; WIDOWS: 2; LETTER-SPACING: normal; PADDING-RIGHT: 0px; BORDER-TOP-WIDTH: 0px; BACKGROUND-COLOR: rgb(255,255,255); TEXT-INDENT: 0px; border-image: initial; -webkit-text-size-adjust: auto; -webkit-text-stroke-width: 0px">&nbsp;&nbsp;&nbsp;&nbsp;习近平指出，严肃的党内生活，是解决党内自身问题的重要途径。要健全和认真落实民主集中制的各项具体制度，促使全党同志按照民主集中制办事，促使各级领导干部特别是主要领导干部带头执行民主集中制。要严明党的组织纪律和政治纪律，教育引导党员、干部自觉维护中央权威，始终在思想上政治上行动上同党中央保持高度一致，维护党的团结统一。</p><p style="BORDER-LEFT-WIDTH: 0px; BORDER-RIGHT-WIDTH: 0px; WHITE-SPACE: normal; BORDER-BOTTOM-WIDTH: 0px; TEXT-TRANSFORM: none; WORD-SPACING: 0px; COLOR: rgb(0,0,0); PADDING-BOTTOM: 0px; TEXT-ALIGN: left; PADDING-TOP: 0px; FONT: 16px/28px 宋体; PADDING-LEFT: 0px; MARGIN: 1em 0px; ORPHANS: 2; WIDOWS: 2; LETTER-SPACING: normal; PADDING-RIGHT: 0px; BORDER-TOP-WIDTH: 0px; BACKGROUND-COLOR: rgb(255,255,255); TEXT-INDENT: 0px; border-image: initial; -webkit-text-size-adjust: auto; -webkit-text-stroke-width: 0px">&nbsp;&nbsp;&nbsp;&nbsp;习近平强调，组织部门作为管党治党的重要职能部门，必须带头改进作风，继承发扬组织部门优良传统和作风，树立和维护组织部门良好形象。组织部门改进作风，最核心的是坚持公道正派。要着眼于党的事业发展需要选人用人，公道对待干部，公平评价干部，公正使用干部，敢于坚持原则，让好干部真正受尊重、受重用，让那些阿谀逢迎、弄虚作假、不干实事、会跑会要的干部真正没市场、受惩戒。要严明组织人事纪律，对违反组织人事纪律的坚决不放过，对跑官要官、买官卖官的决不姑息，发现一起，查处一起。</p><p style="BORDER-LEFT-WIDTH: 0px; BORDER-RIGHT-WIDTH: 0px; WHITE-SPACE: normal; BORDER-BOTTOM-WIDTH: 0px; TEXT-TRANSFORM: none; WORD-SPACING: 0px; COLOR: rgb(0,0,0); PADDING-BOTTOM: 0px; TEXT-ALIGN: left; PADDING-TOP: 0px; FONT: 16px/28px 宋体; PADDING-LEFT: 0px; MARGIN: 1em 0px; ORPHANS: 2; WIDOWS: 2; LETTER-SPACING: normal; PADDING-RIGHT: 0px; BORDER-TOP-WIDTH: 0px; BACKGROUND-COLOR: rgb(255,255,255); TEXT-INDENT: 0px; border-image: initial; -webkit-text-size-adjust: auto; -webkit-text-stroke-width: 0px">&nbsp;&nbsp;&nbsp;&nbsp;习近平指出，在党的群众路线教育实践活动中，组织部门担负着抓好自身活动和参与组织指导整个活动的双重责任，要自觉走在活动前列，努力把各级组织部门建设成为讲政治、重公道、业务精、作风好的模范部门。</p><p style="BORDER-LEFT-WIDTH: 0px; BORDER-RIGHT-WIDTH: 0px; WHITE-SPACE: normal; BORDER-BOTTOM-WIDTH: 0px; TEXT-TRANSFORM: none; WORD-SPACING: 0px; COLOR: rgb(0,0,0); PADDING-BOTTOM: 0px; TEXT-ALIGN: left; PADDING-TOP: 0px; FONT: 16px/28px 宋体; PADDING-LEFT: 0px; MARGIN: 1em 0px; ORPHANS: 2; WIDOWS: 2; LETTER-SPACING: normal; PADDING-RIGHT: 0px; BORDER-TOP-WIDTH: 0px; BACKGROUND-COLOR: rgb(255,255,255); TEXT-INDENT: 0px; border-image: initial; -webkit-text-size-adjust: auto; -webkit-text-stroke-width: 0px">&nbsp;&nbsp;&nbsp;&nbsp;刘云山在讲话中指出，习近平总书记的重要讲话从统筹伟大事业伟大工程、实现党的新的历史使命的战略高度，深刻回答了关系党的建设和组织工作全局的重大理论和现实问题，为今后工作指明了方向、提供了遵循。要切实用讲话精神统一思想、指导实践，在新的起点上开创工作新局面。</p><p style="BORDER-LEFT-WIDTH: 0px; BORDER-RIGHT-WIDTH: 0px; WHITE-SPACE: normal; BORDER-BOTTOM-WIDTH: 0px; TEXT-TRANSFORM: none; WORD-SPACING: 0px; COLOR: rgb(0,0,0); PADDING-BOTTOM: 0px; TEXT-ALIGN: left; PADDING-TOP: 0px; FONT: 16px/28px 宋体; PADDING-LEFT: 0px; MARGIN: 1em 0px; ORPHANS: 2; WIDOWS: 2; LETTER-SPACING: normal; PADDING-RIGHT: 0px; BORDER-TOP-WIDTH: 0px; BACKGROUND-COLOR: rgb(255,255,255); TEXT-INDENT: 0px; border-image: initial; -webkit-text-size-adjust: auto; -webkit-text-stroke-width: 0px">&nbsp;&nbsp;&nbsp;&nbsp;刘云山说，做好新形势下组织工作，要深入贯彻党的十八大部署和习近平总书记重要讲话精神，以党的执政能力建设、先进性和纯洁性建设为主线，以培养选拔更多党和人民需要的好干部为重点，体现从严、创新、务实的要求，着力提升党员干部思想政治素养，着力弘扬党的优良作风，着力形成科学有效的选人用人机制，着力增强各级党组织的发展活力，全面提高党的建设科学化水平。要抓好思想理论建设这个根本，教育引导党员干部坚定理想信念，做中国特色社会主义的坚定信仰者和忠实践行者。大力加强作风建设，深入开展群众路线教育实践活动，聚焦“四风”问题，务求取得实效。认真贯彻民主集中制，严肃党内生活，严肃政治纪律，保障党员民主权利，维护党的团结统一。深化干部人事制度改革，切实完善干部提名推荐、考核评价、选拔任用、管理监督等方面的措施办法，提高选人用人公信度，建设高素质干部队伍和人才队伍。创新基层党建工作，扩大组织覆盖和工作覆盖，深入推进基层服务型党组织建设。加强党对组织工作的领导，围绕公道正派这个核心加强组织部门作风建设，树立和维护组工干部的良好形象。</p><p style="BORDER-LEFT-WIDTH: 0px; BORDER-RIGHT-WIDTH: 0px; WHITE-SPACE: normal; BORDER-BOTTOM-WIDTH: 0px; TEXT-TRANSFORM: none; WORD-SPACING: 0px; COLOR: rgb(0,0,0); PADDING-BOTTOM: 0px; TEXT-ALIGN: left; PADDING-TOP: 0px; FONT: 16px/28px 宋体; PADDING-LEFT: 0px; MARGIN: 1em 0px; ORPHANS: 2; WIDOWS: 2; LETTER-SPACING: normal; PADDING-RIGHT: 0px; BORDER-TOP-WIDTH: 0px; BACKGROUND-COLOR: rgb(255,255,255); TEXT-INDENT: 0px; border-image: initial; -webkit-text-size-adjust: auto; -webkit-text-stroke-width: 0px">&nbsp;&nbsp;&nbsp;&nbsp;中央组织部部长赵乐际在总结讲话中指出，要深入学习贯彻党的十八大精神、习近平总书记重要讲话和刘云山同志重要报告精神，深刻领会党要管党、从严治党的思想，锐意进取、改革创新的思想，改进工作作风、密切联系群众的思想，恪守“四个坚持”、选好执政骨干的思想，重心在基层、基层在服务的思想，强化制度约束、完善制度体系的思想，扎实推进组织工作各项任务落实。要坚持从严治部、从严律己、从严带队伍，带头改进作风，努力建设讲政治、重公道、业务精、作风好的模范部门。</p><p style="BORDER-LEFT-WIDTH: 0px; BORDER-RIGHT-WIDTH: 0px; WHITE-SPACE: normal; BORDER-BOTTOM-WIDTH: 0px; TEXT-TRANSFORM: none; WORD-SPACING: 0px; COLOR: rgb(0,0,0); PADDING-BOTTOM: 0px; TEXT-ALIGN: left; PADDING-TOP: 0px; FONT: 16px/28px 宋体; PADDING-LEFT: 0px; MARGIN: 1em 0px; ORPHANS: 2; WIDOWS: 2; LETTER-SPACING: normal; PADDING-RIGHT: 0px; BORDER-TOP-WIDTH: 0px; BACKGROUND-COLOR: rgb(255,255,255); TEXT-INDENT: 0px; border-image: initial; -webkit-text-size-adjust: auto; -webkit-text-stroke-width: 0px">&nbsp;&nbsp;&nbsp;&nbsp;部分在京中共中央政治局委员、书记处书记出席会议。</p><p style="BORDER-LEFT-WIDTH: 0px; BORDER-RIGHT-WIDTH: 0px; WHITE-SPACE: normal; BORDER-BOTTOM-WIDTH: 0px; TEXT-TRANSFORM: none; WORD-SPACING: 0px; COLOR: rgb(0,0,0); PADDING-BOTTOM: 0px; TEXT-ALIGN: left; PADDING-TOP: 0px; FONT: 16px/28px 宋体; PADDING-LEFT: 0px; MARGIN: 1em 0px; ORPHANS: 2; WIDOWS: 2; LETTER-SPACING: normal; PADDING-RIGHT: 0px; BORDER-TOP-WIDTH: 0px; BACKGROUND-COLOR: rgb(255,255,255); TEXT-INDENT: 0px; border-image: initial; -webkit-text-size-adjust: auto; -webkit-text-stroke-width: 0px">&nbsp;&nbsp;&nbsp;&nbsp;这次会议研究部署了今后５年党的建设和组织工作。中央党的建设工作领导小组成员，中央和国家机关各部委主要负责人，各省区市和副省级城市、新疆生产建设兵团党委组织部长，中央和国家机关各部委、各人民团体干部（人事）司（局）长，中央管理的金融企业、国有重要骨干企业和高校党委（党组）分管组织人事工作的负责人，解放军总政治部干部部和组织部、武警总部政治部负责人等参加会议。</p><p>&nbsp;</p>', '2013-06-30 12:50:06', 2, 0, 0, 0, 1, 6, 'dd', 1, 1, 1, '', 0, 0),
(23, 18, 18, 17, '朴槿惠清华演讲：中国梦与韩国梦是一致的', '', '', '', '昨日，韩国总统朴槿惠在清华演讲。清华大学向朴槿惠赠送冯友兰先生书法。记者 周岗峰 摄原题：朴槿惠：中国梦与韩国梦是一致的韩国总统朴槿惠清华演讲引用古诗词展现中文功底，首次提出“韩国梦”昨日上午，清华大学主楼报告厅，身着紫色外套的韩国总统朴槿惠发表演讲。在一群黑色西装中间，这一抹紫色迎来了在场数百名大学生的阵阵掌声。朴槿惠在演讲开头和结尾都使用了中文。', '<p style="WORD-WRAP: break-word; WHITE-SPACE: normal; TEXT-TRANSFORM: none; WORD-BREAK: break-all; WORD-SPACING: 0px; COLOR: rgb(0,0,0); PADDING-BOTTOM: 0px; TEXT-ALIGN: center; PADDING-TOP: 0px; FONT: 14px/25px 宋体; PADDING-LEFT: 0px; MARGIN: 10px auto; ORPHANS: 2; WIDOWS: 2; LETTER-SPACING: normal; PADDING-RIGHT: 0px; BACKGROUND-COLOR: rgb(250,252,255); TEXT-INDENT: 0px; -webkit-text-size-adjust: auto; -webkit-text-stroke-width: 0px"><a style="COLOR: rgb(0,0,0); TEXT-DECORATION: none" href="http://hb.people.com.cn/n/2013/0630/c192237-18966994-2.html"><img style="BORDER-TOP-STYLE: none; BORDER-LEFT-STYLE: none; BORDER-BOTTOM-STYLE: none; BORDER-RIGHT-STYLE: none; border-image: initial" alt="朴槿惠清华演讲：中国梦与韩国梦是一致的" src="http://www.people.com.cn/mediafile/pic/20130630/54/12625814107738192854.jpg"/></a></p><p style="WORD-WRAP: break-word; WHITE-SPACE: normal; TEXT-TRANSFORM: none; WORD-BREAK: break-all; WORD-SPACING: 0px; COLOR: rgb(0,0,0); PADDING-BOTTOM: 0px; TEXT-ALIGN: center; PADDING-TOP: 0px; FONT: 14px/25px 宋体; PADDING-LEFT: 0px; MARGIN: 10px auto; ORPHANS: 2; WIDOWS: 2; LETTER-SPACING: normal; PADDING-RIGHT: 0px; BACKGROUND-COLOR: rgb(250,252,255); TEXT-INDENT: 0px; -webkit-text-size-adjust: auto; -webkit-text-stroke-width: 0px">昨日，韩国总统朴槿惠在清华演讲。清华大学向朴槿惠赠送冯友兰先生书法。记者 周岗峰 摄</p><p class="pictext" style="WORD-WRAP: break-word; WHITE-SPACE: normal; TEXT-TRANSFORM: none; WORD-BREAK: break-all; WORD-SPACING: 0px; COLOR: rgb(0,0,0); PADDING-BOTTOM: 0px; PADDING-TOP: 0px; FONT: 14px/25px 宋体; PADDING-LEFT: 0px; MARGIN: 10px auto; ORPHANS: 2; WIDOWS: 2; LETTER-SPACING: normal; PADDING-RIGHT: 0px; BACKGROUND-COLOR: rgb(250,252,255); TEXT-INDENT: 2em; -webkit-text-size-adjust: auto; -webkit-text-stroke-width: 0px">原题：朴槿惠：中国梦与韩国梦是一致的</p><p class="pictext" style="WORD-WRAP: break-word; WHITE-SPACE: normal; TEXT-TRANSFORM: none; WORD-BREAK: break-all; WORD-SPACING: 0px; COLOR: rgb(0,0,0); PADDING-BOTTOM: 0px; PADDING-TOP: 0px; FONT: 14px/25px 宋体; PADDING-LEFT: 0px; MARGIN: 10px auto; ORPHANS: 2; WIDOWS: 2; LETTER-SPACING: normal; PADDING-RIGHT: 0px; BACKGROUND-COLOR: rgb(250,252,255); TEXT-INDENT: 2em; -webkit-text-size-adjust: auto; -webkit-text-stroke-width: 0px">韩国总统朴槿惠清华演讲引用古诗词展现中文功底，首次提出“韩国梦”</p><p style="WORD-WRAP: break-word; WHITE-SPACE: normal; TEXT-TRANSFORM: none; WORD-BREAK: break-all; WORD-SPACING: 0px; COLOR: rgb(0,0,0); PADDING-BOTTOM: 0px; PADDING-TOP: 0px; FONT: 14px/25px 宋体; PADDING-LEFT: 0px; MARGIN: 10px auto; ORPHANS: 2; WIDOWS: 2; LETTER-SPACING: normal; PADDING-RIGHT: 0px; BACKGROUND-COLOR: rgb(250,252,255); TEXT-INDENT: 2em; -webkit-text-size-adjust: auto; -webkit-text-stroke-width: 0px">昨日上午，清华大学主楼报告厅，身着紫色外套的韩国总统朴槿惠发表演讲。在一群黑色西装中间，这一抹紫色迎来了在场数百名大学生的阵阵掌声。朴槿惠在演讲开头和结尾都使用了中文。</p><p></p>', '2013-06-30 12:58:26', 3, 0, 0, 0, 1, 10, 'kongjian4', 1, 1, 1, '', 0, 0),
(24, 2, 2, 19, '我区公安机关查处19起网上编造传播谣言行为 ', '', '', '', '新疆日报讯 近日，有个别网民在网上编造、传播谣言，引发社会恐慌，被公安机关依法查处。　　公安机关查明，近日网民孙某等利用手机和互联网，在微博、微信、QQ群、短信等平台编造、传播所谓“新疆各地暴乱”等谣言，产生了恶劣社会影响。我区各地公安机关迅速展开调查，并依据有关法律法规，对孙某、陈某等19名涉事人员予以行政拘留并处罚款。　　6月26日，乌鲁木齐市孙某（网名“494064074”）在QQ群妄称：“', '<p><strong>新疆日报讯</strong> 近日，有个别网民在网上编造、传播谣言，引发社会恐慌，被公安机关依法查处。</p><p>　　公安机关查明，近日网民孙某等利用手机和互联网，在微博、微信、QQ群、短信等平台编造、传播所谓“新疆各地暴乱”等谣言，产生了恶劣社会影响。我区各地公安机关迅速展开调查，并依据有关法律法规，对孙某、陈某等19名涉事人员予以行政拘留并处罚款。</p><p>　　6月26日，乌鲁木齐市孙某（网名“494064074”）在QQ群妄称：“我叫王桥军，家住新疆鄯善县鲁克沁镇10号，吐鲁番事件源自强行拆迁。”乌鲁木齐市公安局根据《中华人民共和国治安管理处罚法》相关规定对孙某作出行政拘留处罚。</p><p>　　6月27日，乌鲁木齐市陈某(网名“顺峰电子有限公司”)微博散布虚假信息称：新疆喀什市今日发生暴力恐怖事件，8人死亡。乌鲁木齐市公安局根据《中华人民共和国治安管理处罚法》相关规定对陈某作出行政拘留处罚。</p><p>　　6月28日，阿克苏市徐某道听途说自编短信散布谣言：有内部消息，今晚和明晚有暴乱。阿克苏市公安局根据《中华人民共和国治安管理处罚法》相关规定对徐某作出行政拘留处罚，并处罚款。</p><p>　　自治区公安厅有关负责人表示，公安机关将依法、从严查处利用手机、互联网编造传播谣言，严重扰乱社会秩序、影响社会稳定，危害社会安全的行为。希望广大网民自觉遵守国家法律法规，不信谣、不传谣，发现谣言及时举报，共同维护健康的网络环境和良好的社会秩序。</p><p></p>', '2013-06-30 13:08:00', 3, 1, 0, 0, 1, 11, 'qiqi', 1, 1, 1, '', 0, 0),
(25, 16, 16, 22, '截访官员：警察不打人 那警察是养来干嘛的', '', '', '', '视频截图官员：“警察不打人 那警察是养来干嘛的&quot;近日，苏州某小区业主控诉无良开发商，上访至市信访局时遭遇阻拦，与相关领导沟通时，领导说：“警察不打人，那养警察干嘛？”此语一出，现场顿时一片哗然。有网友拍到一名地方官员对群众说：警察不打人，那警察养来干嘛的。现场顿时一片哗然。该官员身份目前正在核实中。', '<p style="TEXT-ALIGN: center"><img style="HEIGHT: 254px; WIDTH: 486px" alt="官员" src="http://china.haiwainet.cn/NMediaFile/2013/0630/LOCAL201306301907000488098129794.jpg" desc="视频截图"/></p><p class="desc" style="TEXT-ALIGN: center">视频截图</p><p style="TEXT-INDENT: 2em">官员：“警察不打人 那警察是养来干嘛的&quot;</p><p style="TEXT-INDENT: 2em">近日，苏州某小区业主控诉无良开发商，上访至市信访局时遭遇阻拦，与相关领导沟通时，领导说：“警察不打人，那养警察干嘛？”此语一出，现场顿时一片哗然。</p><p style="TEXT-INDENT: 2em">有网友拍到一名地方官员对群众说：警察不打人，那警察养来干嘛的。现场顿时一片哗然。该官员身份目前正在核实中。</p><p></p>', '2013-06-30 13:11:02', 3, 0, 0, 0, 1, 7, 'kongjian1', 1, 1, 1, '', 0, 0),
(26, 1, 1, 23, '[原创]（原创）爱狗人士岂能沦为与恶狗同类', '', '', '', '&nbsp;因为在微博上发表反对养狗言论，积水潭医院一名烧伤科医生竟被两名爱狗女士堵在医院殴打，造成该医生手臂多处受伤，目前在家休养。话说微博名为“烧伤超人阿宝”的网友，在6月29日零点32分，发布了一条关于反对养狗的微博，言辞带有辱骂字眼，该条微博在发布之后遭到大量爱狗人士的谴责。当天早晨7点左右，一名微博名为“Aaaabbbbdddhhh”的网友留言称：今天会有人对“阿宝”泼硫酸并表示已经准备', '<p><span style="color: rgb(5, 17, 26); font-family: 宋体; font-size: 15px; line-height: 22px; orphans: 2; text-align: -webkit-auto;  widows: 2; background-color: rgb(220, 236, 237);">&nbsp;因为在微博上发表反对养狗言论，积水潭医院一名烧伤科医生竟被两名爱狗女士堵在医院殴打，造成该医生手臂多处受伤，目前在家休养。话说微博名为“烧伤超人阿宝”的网友，在6月29日零点32分，发布了一条关于反对养狗的微博，言辞带有辱骂字眼，该条微博在发布之后遭到大量爱狗人士的谴责。当天早晨7点左右，一名微博名为“Aaaabbbbdddhhh”的网友留言称：今天会有人对“阿宝”泼硫酸并表示已经准备好队伍，同时提醒“阿宝”如果不幸被烧伤，注意自己急救。据其称，两名爱狗女士昨天下午来到积水潭医院，对“阿宝”进行了殴打造成其多处受伤。大约半个小时后，双方都被警方带进派出所，随后大批的爱狗人士也很快赶到派出所。（长城网-燕赵都市报6月30日）</span><br style="color: rgb(5, 17, 26); font-family: 宋体; font-size: 15px; line-height: 22px; orphans: 2; text-align: -webkit-auto; white-space: normal; widows: 2; background-color: rgb(220, 236, 237);"/><br style="color: rgb(5, 17, 26); font-family: 宋体; font-size: 15px; line-height: 22px; orphans: 2; text-align: -webkit-auto; white-space: normal; widows: 2; background-color: rgb(220, 236, 237);"/><span style="color: rgb(5, 17, 26); font-family: 宋体; font-size: 15px; line-height: 22px; orphans: 2; text-align: -webkit-auto;  widows: 2; background-color: rgb(220, 236, 237);">&nbsp;&nbsp;&nbsp;&nbsp;感觉那些所谓的爱狗人士仿佛有组织群狼似的，不仅仅经常在公路上对合法贩运的商户干拦路抢劫的勾当，不仅司空见惯的在网上用最恶毒的语言群攻对手，这次竟然还对线上网民言论发展到线下组织暴力活动围殴网民，这不禁让人想起了最近频繁发生的恶狗伤人事件，也让人自然而然的将恶狗与爱狗人士的言行联想在一起，恶狗都是人养的，纵容恶狗的也是人，莫非一向自诩博爱的爱狗人士也同样沦落到与恶狗为伍了吗？</span><br style="color: rgb(5, 17, 26); font-family: 宋体; font-size: 15px; line-height: 22px; orphans: 2; text-align: -webkit-auto; white-space: normal; widows: 2; background-color: rgb(220, 236, 237);"/><br style="color: rgb(5, 17, 26); font-family: 宋体; font-size: 15px; line-height: 22px; orphans: 2; text-align: -webkit-auto; white-space: normal; widows: 2; background-color: rgb(220, 236, 237);"/><span style="color: rgb(5, 17, 26); font-family: 宋体; font-size: 15px; line-height: 22px; orphans: 2; text-align: -webkit-auto;  widows: 2; background-color: rgb(220, 236, 237);">&nbsp;&nbsp;&nbsp;&nbsp;其实网络本身只是一个开放的公共信息平台，每个人都有发表不同意见的权力，有人赞成养狗，自然也有人反对，赞成也好、反对也罢，不过是个人的观感，大不了有人养、有人不养，毕竟狗狗们仍然还会一如既往的过去被人类驯化的千百年来一样存在于人类社会和生活之中。爱狗人士何苦如此激动，人类养狗的历史证明，狗在东西方的文化中确实有着不同的地位，但并不妨碍人类与狗的交流。反对养狗的人也不过是个人观点而已，你不养照样有人养，大把的爱狗人士不用说了，更多平常心态的老百姓也会养；狗咬人、随地大小便成了社会问题，甚至社会公害，但问题似乎并不是狗，还是人的问题，是那些养狗的人的公民素质问题，这里就包括大量口口声声有爱心的爱狗人士、狗粉们，在恶狗不断伤人、狗占公交座位、狗与人争公共资源污染环境等问题上，狗粉们总是不吱声，仿佛什么也看不见，一但听说哪里有国人吃狗肉了，有人贩运狗了，他们立即就闪亮登场，大呼小叫，跟死了亲娘一样，典型的双重标准。</span><br style="color: rgb(5, 17, 26); font-family: 宋体; font-size: 15px; line-height: 22px; orphans: 2; text-align: -webkit-auto; white-space: normal; widows: 2; background-color: rgb(220, 236, 237);"/><br style="color: rgb(5, 17, 26); font-family: 宋体; font-size: 15px; line-height: 22px; orphans: 2; text-align: -webkit-auto; white-space: normal; widows: 2; background-color: rgb(220, 236, 237);"/><span style="color: rgb(5, 17, 26); font-family: 宋体; font-size: 15px; line-height: 22px; orphans: 2; text-align: -webkit-auto;  widows: 2; background-color: rgb(220, 236, 237);">&nbsp;&nbsp;&nbsp;&nbsp;狗就是狗，人就是人，狗是人驯化出来的动物，当狗成了人的宠物，或者说玩物的时候，有很多人就自然将狗当成了生命中的朋友，狗通人性，这似乎在其它同样被驯化的动物里，显得比较突出。但狗同样也有野性的时候，也就是我们所说的温驯的狗和恶狗之区别。要知道恶狗是会咬人的，甚至会咬死人，即使非恶狗，很多狗也成为传播狂犬病的源头，狗在中国社会泛滥成灾是不争的事实，并已经成为威胁社会安全的隐患。如果不采取日常化的规范监管，总是在出了问题后进行运动式打狗，且不说社会争议不断，也让人觉得政府有不作为的恶习。</span><br style="color: rgb(5, 17, 26); font-family: 宋体; font-size: 15px; line-height: 22px; orphans: 2; text-align: -webkit-auto; white-space: normal; widows: 2; background-color: rgb(220, 236, 237);"/><br style="color: rgb(5, 17, 26); font-family: 宋体; font-size: 15px; line-height: 22px; orphans: 2; text-align: -webkit-auto; white-space: normal; widows: 2; background-color: rgb(220, 236, 237);"/><span style="color: rgb(5, 17, 26); font-family: 宋体; font-size: 15px; line-height: 22px; orphans: 2; text-align: -webkit-auto;  widows: 2; background-color: rgb(220, 236, 237);">&nbsp;&nbsp;&nbsp;&nbsp;最近频繁发生的恶狗伤人事件已经让人触目惊心，6月13日庄河市兴达街道后炮台村李某家圈养的藏獒从饲养笼中跑到街面咬伤多人，居民拨打110求助。警方赶到后，将凶犬击毙。 6月3日山西运城盐湖区龙居镇赵村，一名8岁的小女孩街边玩耍的时候被一条凶猛的藏獒撕咬。5月28日贵州遵义红花岗区康海花园小区后山道路上，一位老人晨练时，被路边一苗圃蹿出的两只杜高犬咬伤致死，拖行10余米远。两只咬人恶犬和狗主人被警方控制。6月25日9时40分左右，在乌鲁木齐市西山路新疆标准件厂家属院里，一名5岁女孩突然被一只拴着的大狗扑倒并咬住右小腿不放，母亲拼力相救，还伸出右脚让狗咬，女儿才终于脱险。6月28日大连6岁女孩被烈犬咬断脖子惨死；据之前采访中有相关负责人介绍称，大型犬，尤其是烈性犬，在大连市内四区，旅顺地区的得胜街道、光荣街道、登峰街道都严禁饲养。</span><br style="color: rgb(5, 17, 26); font-family: 宋体; font-size: 15px; line-height: 22px; orphans: 2; text-align: -webkit-auto; white-space: normal; widows: 2; background-color: rgb(220, 236, 237);"/><br style="color: rgb(5, 17, 26); font-family: 宋体; font-size: 15px; line-height: 22px; orphans: 2; text-align: -webkit-auto; white-space: normal; widows: 2; background-color: rgb(220, 236, 237);"/><span style="color: rgb(5, 17, 26); font-family: 宋体; font-size: 15px; line-height: 22px; orphans: 2; text-align: -webkit-auto;  widows: 2; background-color: rgb(220, 236, 237);">&nbsp;&nbsp;&nbsp;&nbsp;类似恶狗伤人新闻不胜枚举，这还不包括那些污染公共环境的现象，狗成了社会公害，其实问题还是在人，尤其是那些假惺惺的爱狗人士，恶狗咬人嘛，那是畜生动物，而象这次北京医生发表反对养狗言论被2女子堵在医院殴打，还威胁要泼硫酸，则证明了中国的某些狗粉们已经沦落到了与恶狗为伍的地步，本来狗只是通人性的动物，爱狗人士总喜欢以狗对主人忠诚而将狗比作比人类还高尚，但狗忠诚主人并不意味着它们不咬别人，这种高尚就算成立也是自私的。相反目前一些狗粉们动辄极端的个人言行却彰显出确实比狗还低劣，谩骂加暴力，与西方在对待狗的态度上崇尚的爱心可谓南辕北辙。</span><br style="color: rgb(5, 17, 26); font-family: 宋体; font-size: 15px; line-height: 22px; orphans: 2; text-align: -webkit-auto; white-space: normal; widows: 2; background-color: rgb(220, 236, 237);"/><br style="color: rgb(5, 17, 26); font-family: 宋体; font-size: 15px; line-height: 22px; orphans: 2; text-align: -webkit-auto; white-space: normal; widows: 2; background-color: rgb(220, 236, 237);"/><span style="color: rgb(5, 17, 26); font-family: 宋体; font-size: 15px; line-height: 22px; orphans: 2; text-align: -webkit-auto;  widows: 2; background-color: rgb(220, 236, 237);">&nbsp;&nbsp;&nbsp;&nbsp;狗是人类的朋友，其实很多动物都是，人类总是从自身的功利性出发设定自我感觉良好的事物认定标准，其中就包括西方对狗的社会标准引入东亚包括中国社会后，也成为一部分狗粉狂热的追求，西方基督教文明中不吃狗，就象伊斯兰教不吃猪、印度教不吃牛一个道理，中国老百姓吃了几千年狗肉，你能说东方文化是野蛮文化？可这些狗粉就有那么执着，如果狗粉真的想彰显爱心与文明的话，对不同意见动辄粗痞相向甚至暴力威胁，就与恶狗无异了，只能是亵渎爱心。</span><br style="color: rgb(5, 17, 26); font-family: 宋体; font-size: 15px; line-height: 22px; orphans: 2; text-align: -webkit-auto; white-space: normal; widows: 2; background-color: rgb(220, 236, 237);"/><br style="color: rgb(5, 17, 26); font-family: 宋体; font-size: 15px; line-height: 22px; orphans: 2; text-align: -webkit-auto; white-space: normal; widows: 2; background-color: rgb(220, 236, 237);"/><span style="color: rgb(5, 17, 26); font-family: 宋体; font-size: 15px; line-height: 22px; orphans: 2; text-align: -webkit-auto;  widows: 2; background-color: rgb(220, 236, 237);">&nbsp;&nbsp;&nbsp;&nbsp;所以目前的根本问题根本就不是什么要不要养狗的问题，而是如何加强对养狗的管理、尤其是对养狗人的管理上进行规范，严格监管。没有人会真正干涉那些爱狗人士的狗道主义，同样也没有人能指责那些对狗害心存防范的市民，双方在权利上是平等的。在当前城市养狗泛滥成灾的情况下，如何减少狗患对人类正常生活的威胁、如何让人与狗和谐相处，其实考验的是城市管理者的能力。</span></p>', '2013-07-01 05:13:49', 43, 4, 0, 0, 1, 12, 'didi', 1, 1, 1, '', 0, 0),
(27, 2, 2, 24, 'aa', '', '', '', 'bb', '<p>cc</p>', '2013-07-05 05:20:14', 1, 0, 0, 0, 1, 2, 'uublog', 1, 1, 1, '', 0, 0),
(28, 2, 2, 24, '巴基斯坦总理北京坐地铁 希望以后自己国家也建(图)', '', '', '', '午，拥挤的北京地铁六号线迎来了一群特殊客人：巴基斯坦总理纳瓦兹·谢里夫及其随行人员。领导人首访中国是巴外交传统从3日开始，谢里夫开启了为期六天的访华行程。这是谢里夫上月开始新一任总理任期后首次出访，距离中国总理李克强访问巴基斯坦仅一个半月，两国新政府成立之初迅速实现高层互访，也被认为是中巴两国特殊友情的体现。“从中巴之间这样密切的关系和全天候的朋友来讲，这并不奇怪。”中国前驻伊朗、阿联酋、荷兰大使', '<p style="; ; ; ; ; ; line-height: 30px; font-family: SimSun; font-size: 14px; white-space: normal; text-indent: 2em; ">午，拥挤的北京地铁六号线迎来了一群特殊客人：巴基斯坦总理纳瓦兹·谢里夫及其随行人员。</p><p style="; ; ; ; ; ; line-height: 30px; font-family: SimSun; font-size: 14px; white-space: normal; text-indent: 2em; "><strong>领导人首访中国是巴外交传统</strong></p><p style="; ; ; ; ; ; line-height: 30px; font-family: SimSun; font-size: 14px; white-space: normal; text-indent: 2em; ">从3日开始，谢里夫开启了为期六天的访华行程。这是谢里夫上月开始新一任总理任期后首次出访，距离中国总理李克强访问巴基斯坦仅一个半月，两国新政府成立之初迅速实现高层互访，也被认为是中巴两国特殊友情的体现。</p><p style="; ; ; ; ; ; line-height: 30px; font-family: SimSun; font-size: 14px; white-space: normal; text-indent: 2em; ">“从中巴之间这样密切的关系和全天候的朋友来讲，这并不奇怪。”中国前驻伊朗、阿联酋、荷兰大使华黎明告诉记者，自上世纪六十年代以来，巴基斯坦历届总统或总理就任后首访的目</p><p><br/></p>', '2013-07-05 05:22:06', 4, 1, 0, 0, 1, 2, 'uublog', 1, 1, 1, '', 0, 0),
(29, 3, 3, 2, '西安日系车主被砸成重伤案宣判 主犯获刑10年(图)', '', '', '', '打砸现场。来源：北京青年报嫌犯。来源：北京青年报　　原标题：西安集中宣判九起故意伤害、寻衅滋事案　　日前，陕西省西安市莲湖区、碑林区、雁塔区、长安区人民法院集中宣判去年9月15日发生的九起故意伤害、寻衅滋事案，十二名被告人分别被判处有期徒刑。　　莲湖区人民法院审理查明：2012年9月15日13时许，被告人蔡洋、寻建奎在西安市玉祥门盗取路边摩托车U型锁，打砸日系车辆。15时40分许，被害人李建利驾驶', '<p><img src="http://www.chinanews.com/fz/2013/07-05/U303P4T8D5009435F107DT20130705161559.jpg" alt="西安日系车主被砸成重伤案宣判主犯获刑10年（图）" style="border-top-width: 0px; border-right-width: 0px; border-bottom-width: 0px; border-left-width: 0px; border-style: initial; border-color: initial; border-image: initial; "/></p><p>打砸现场。来源：北京青年报</p><p><img src="http://www.chinanews.com/fz/2013/07-05/U303P4T8D5009435F116DT20130705161752.jpg" style="border-top-width: 0px; border-right-width: 0px; border-bottom-width: 0px; border-left-width: 0px; border-style: initial; border-color: initial; border-image: initial; "/></p><p>嫌犯。来源：北京青年报</p><p style="; ; ; ; ; ; color: rgb(51, 51, 51); letter-spacing: 1px; "><strong>　　原标题：西安集中宣判九起故意伤害、寻衅滋事案</strong></p><p style="; ; ; ; ; ; color: rgb(51, 51, 51); letter-spacing: 1px; ">　　日前，陕西省西安市莲湖区、碑林区、雁塔区、长安区人民法院集中宣判去年9月15日发生的九起故意伤害、寻衅滋事案，十二名被告人分别被判处有期徒刑。</p><p style="; ; ; ; ; ; color: rgb(51, 51, 51); letter-spacing: 1px; ">　　莲湖区人民法院审理查明：2012年9月15日13时许，被告人蔡洋、寻建奎在西安市玉祥门盗取路边摩托车U型锁，打砸日系车辆。15时40分许，被害人李建利驾驶陕A10J00号丰田卡罗拉轿车经过环城西路，被告人寻建奎持砖头砸该车前风挡玻璃和后视镜，李建利阻拦并夺下砖头。被告人蔡洋持U型锁砸前风挡玻璃时，李建利上前阻拦并用砖头砸伤蔡洋头部，蔡洋即用U型锁猛击李建利头部左侧四下，致李建利重伤并五级伤残，被砸车辆维修费7562元。次日，寻建奎向公安机关主动投案。莲湖区人民法院以犯故意伤害罪判处蔡洋有期徒刑九年；犯寻衅滋事罪判处有期徒刑一年零六个月；合并执行有期徒刑十年；并判决赔偿被害人经济损失人民币258860.06元。同案被告人寻建奎因犯寻衅滋事罪，被判处有期徒刑一年。</p><p style="; ; ; ; ; ; color: rgb(51, 51, 51); letter-spacing: 1px; ">　　碑林区人民法院宣判四起案件，对在2012年9月15日发生寻衅滋事行为的五名被告人，分别以犯寻衅滋事罪判处了相应刑罚。判处参与打砸、掀翻5辆日系轿车的被告人李强有期徒刑一年零九个月；判处参与打砸、掀翻4辆日系轿车的被告人胡健利有期徒刑一年零六个月；判处参与在陕西省人大常委会机关大院打砸1辆日系越野车的被告人冯崟有期徒刑一年零二个月；判处参与打砸1辆日系越野车的被告人唐东有期徒刑一年；判处在本市钟楼饭店门前广场打伤执勤武警的被告人王某某(未成年)有期徒刑一年。</p><p><br/></p>', '2013-07-05 05:22:30', 0, 0, 0, 0, 1, 2, 'uublog', 1, 1, 1, '', 0, 0);
INSERT INTO `blog_article` (`id`, `channel1_id`, `channel2_id`, `category_id`, `title`, `titlestyle`, `titlepic`, `tags`, `summary`, `content`, `createtime`, `views`, `comments`, `goods`, `bads`, `status`, `user_id`, `username`, `istop`, `isoriginal`, `cancomment`, `password`, `ishome`, `isrecommend`) VALUES
(30, 3, 3, 2, '新疆已有犯罪人员自首 群众上交近千把管制刀具', '', '', '', '原标题：新疆收缴管制刀具群众已上交近千把　　京华时报讯新疆维吾尔自治区公安厅有关负责人日前表示，收缴管制刀具等物品的通告发布以来，已经收到了群众主动上交的近千把管制刀具，已有违法犯罪人员主动投案自首。　　7月1日至2日，新疆维吾尔自治区公安厅先后发布了《关于检举揭发暴力恐怖犯罪活动的通告》、《关于收缴管制刀具、危爆物品、涉恐涉暴宣传品的通告》和《新疆维吾尔自治区公安厅公告》（通缉令）。公安厅有关负', '<p style="; ; ; ; ; ; font-family: 宋体; font-size: 18px; line-height: 34px; word-wrap: break-word; text-align: left; white-space: normal; -webkit-text-size-adjust: none; ">原标题：新疆收缴管制刀具群众已上交近千把</p><p style="; ; ; ; ; ; font-family: 宋体; font-size: 18px; line-height: 34px; word-wrap: break-word; text-align: left; white-space: normal; -webkit-text-size-adjust: none; ">　　京华时报讯新疆维吾尔自治区公安厅有关负责人日前表示，收缴管制刀具等物品的通告发布以来，已经收到了群众主动上交的近千把管制刀具，已有违法犯罪人员主动投案自首。</p><p style="; ; ; ; ; ; font-family: 宋体; font-size: 18px; line-height: 34px; word-wrap: break-word; text-align: left; white-space: normal; -webkit-text-size-adjust: none; ">　　7月1日至2日，新疆维吾尔自治区公安厅先后发布了《关于检举揭发暴力恐怖犯罪活动的通告》、《关于收缴管制刀具、危爆物品、涉恐涉暴宣传品的通告》和《新疆维吾尔自治区公安厅公告》（通缉令）。公安厅有关负责人接受记者采访时表示，两个《通告》和《公告》发布后，社会反应强烈，各族人民群众积极参与，公安部门已经接到了一些涉恐涉暴违法犯罪线索的举报，收到了群众主动上交的近千把管制刀具，已有违法犯罪人员主动投案自首。（据天山网）</p><p style="; ; ; ; ; ; font-family: 宋体; font-size: 18px; line-height: 34px; word-wrap: break-word; white-space: normal; -webkit-text-size-adjust: none; text-align: center; "><object id="_v_p_913" name="_v_p_913" codebase="http://download.macromedia.com/pub/shockwave/cabs/flash/swflash.cab#version=10,1,85,3" width="548" height="411" classid="clsid:d27cdb6e-ae6d-11cf-96b8-444553540000"><embed name="_v_p_913" width="548" height="411" src="http://tv.people.com.cn/img/2011ptv2/playerByOsmfnb.swf?0.7933613189961761" wmode="Window" allowfullscreen="true" allowscriptaccess="always" pluginspage="http://www.adobe.com/shockwave/download/download.cgi?P1_Prod_Version=ShockwaveFlash" flashvars="id=/pvservice/xml/2013/7/2/321d4d20-6af1-430c-a66a-5246bab8e845.xml&amp;noad=1&amp;norecomm=1&amp;skin=2&amp;height=411&amp;width=548&amp;cdn=100%2C0%2C0%2C0&amp;sl=5&amp;ism=1&amp;key=" type="application/x-shockwave-flash"/></object></p><p style="; ; ; ; ; ; font-family: 宋体; font-size: 18px; line-height: 34px; word-wrap: break-word; text-align: left; white-space: normal; -webkit-text-size-adjust: none; ">&nbsp;</p><p><a href="http://tv.people.com.cn/n/2013/0703/c150716-22056453.html" target="_blank" style="color: rgb(0, 0, 0); text-decoration: none; ">新疆维吾尔自治区公安厅关于收缴管制刀具 危爆物品 涉恐涉暴宣传品的通告</a></p><p><br/></p>', '2013-07-05 12:46:55', 2, 0, 0, 0, 1, 2, 'uublog', 1, 1, 1, '', 0, 0),
(31, 2, 2, 23, 'Wamp5 配置PHP 图文详解（2）', '', '', '', '上接 Wamp5 配置PHP 图文详解（1）2、下面解决“在浏览器中输入本地IP地址，显示404错误或500错误”这个问题。我们在地址栏中输入本机IP地址，模拟外网访问。比如，我的IP是192.168.1.234。输入到地址栏中，同样会打开前述的主网页。但通常会遇到打不开的情况。这时，首先输入localhost，看一看能否打开主页，如果不能打开，请确认服务器是否正常工作，并参照前面的解决方法予以解', '<p><a href="http://hi.baidu.com/cloudon10/item/99da7e1072c66df69c778abc" target="_blank" style="text-decoration: none; color: rgb(63, 167, 203); "><img alt="文章图片" src="http://hiphotos.baidu.com/cloudon10/pic/item/dfdd958d9e510fb3d553a4dfd933c895d0430cc1.jpg" data-loadfunc="1" data-loaded="1" style="border-top-width: 0px; border-right-width: 0px; border-bottom-width: 0px; border-left-width: 0px; border-style: initial; border-color: initial; border-image: initial; max-width: 580px; "/></a></p><p style="; ; ;"><a href="http://hi.baidu.com/cloudon10/blog/item/e81054a5c770ec96471064f7.html" target="_blank" style="color: rgb(63, 167, 203);">上接 Wamp5 配置PHP 图文详解（1）</a></p><p style="; ; ;">2、下面解决“在浏览器中输入本地IP地址，显示404错误或500错误”这个问题。</p><p style="; ; ;">我们在地址栏中输入本机IP地址，模拟外网访问。比如，我的IP是192.168.1.234。输入到地址栏中，同样会打开前述的主网页。但通常会遇到打不开的情况。这时，首先输入localhost，看一看能否打开主页，如果不能打开，请确认服务器是否正常工作，并参照前面的解决方法予以解决。如果输入localhost能够打开主页，说明服务器工作正常，问题出在外网访问的授权上，需要解决授权问题。</p><p style="; ; ;">apache默认安装是不允许外网访问的，需要授权设置。如下：</p><p style="; ; ;">点击打开httpd.conf，找到如下文字：Deny from all</p><p style="; ; ;">同样的文字会有多处，全部修改为：Allow from all，如下：</p><p style="; ; ;">修改完成后，保存，重启所有服务。</p><p style="; ; ;">再次输入本机IP地址：192.168.1.234，这时打开的网页应该与输入localhost得到的网页是一样的。</p><p style="; ; ;">至此，完成授权工作。到其它电脑上（局域网内），输入你的IP地址，看一看，是不是打开了你的主页。</p><p style="; ; ;">如果想让互联网上所有的电脑都能访问你的网站，还需要注册你IP地址和域名，也可以用“花生壳”一类的软件来实现，具体如何实现我还在研究</p><p><br/></p>', '2013-07-08 04:40:00', 1, 0, 0, 0, 1, 12, 'didi', 1, 1, 1, '', 0, 0),
(32, 1, 1, 33, '【摄影】小暑时分', '', '', '', '图片版权均由博主所有，任何商业或个人用途，严禁盗图', '<p><a href="http://a.hiphotos.baidu.com/album/pic/item/71cf3bc79f3df8dc39b0630ccc11728b4610289a.jpg?psign=39b0630ccc11728b4710b912c8fcc3cec2fdfc0393450ca2" target="_blank" title="查看原图" data-width="700" style="color: rgb(250, 96, 112); -webkit-transition: color 0.15s linear, background-color 0.3s linear; transition: color 0.15s linear, background-color 0.3s linear; cursor: pointer;"><img alt="图片" src="http://a.hiphotos.baidu.com/album/pic/item/71cf3bc79f3df8dc39b0630ccc11728b4610289a.jpg?psign=39b0630ccc11728b4710b912c8fcc3cec2fdfc0393450ca2" data-loadfunc="1" data-loaded="1" style="border-top-width: 0px; border-right-width: 0px; border-bottom-width: 0px; border-left-width: 0px; border-style: initial; border-color: initial; border-image: initial; clear: both; max-width: 758px; vertical-align: top; "/></a></p><p><a href="http://h.hiphotos.baidu.com/album/pic/item/b17eca8065380cd71ebc4e70a044ad3458828189.jpg?psign=1ebc4e70a044ad345982b2b7d0a20cf430adcbef7709a5b1" target="_blank" title="查看原图" data-width="700" style="color: rgb(248, 112, 112);"><img alt="图片" src="http://h.hiphotos.baidu.com/album/pic/item/b17eca8065380cd71ebc4e70a044ad3458828189.jpg?psign=1ebc4e70a044ad345982b2b7d0a20cf430adcbef7709a5b1" data-loadfunc="1" data-loaded="1" style="border-top-width: 0px; border-right-width: 0px; border-bottom-width: 0px; border-left-width: 0px; border-style: initial; border-color: initial; border-image: initial; clear: both; max-width: 758px; vertical-align: top; "/></a></p><p><a href="http://h.hiphotos.baidu.com/album/pic/item/42a98226cffc1e17ad2260ac4b90f603728de98a.jpg?psign=ad2260ac4b90f603738da9773912b31bb151f8198718cdb2" target="_blank" title="查看原图" data-width="700" style="color: rgb(248, 112, 112);"><img alt="图片" src="http://h.hiphotos.baidu.com/album/pic/item/42a98226cffc1e17ad2260ac4b90f603728de98a.jpg?psign=ad2260ac4b90f603738da9773912b31bb151f8198718cdb2" data-loadfunc="1" data-loaded="1" style="border-top-width: 0px; border-right-width: 0px; border-bottom-width: 0px; border-left-width: 0px; border-style: initial; border-color: initial; border-image: initial; clear: both; max-width: 758px; vertical-align: top; "/></a></p><p><a href="http://c.hiphotos.baidu.com/album/pic/item/78310a55b319ebc495ea9a048326cffc1f171698.jpg?psign=95ea9a048326cffc1e178a82b9014a90f703738da87732a0" target="_blank" title="查看原图" data-width="467" style="color: rgb(248, 112, 112);"><img alt="图片" src="http://c.hiphotos.baidu.com/album/pic/item/78310a55b319ebc495ea9a048326cffc1f171698.jpg?psign=95ea9a048326cffc1e178a82b9014a90f703738da87732a0" data-loadfunc="1" data-loaded="1" style="border-top-width: 0px; border-right-width: 0px; border-bottom-width: 0px; border-left-width: 0px; border-style: initial; border-color: initial; border-image: initial; clear: both; max-width: 758px; vertical-align: top; "/></a></p><p><a href="http://c.hiphotos.baidu.com/album/pic/item/8ad4b31c8701a18bbd66fed29f2f07082938fe9a.jpg?psign=bd66fed29f2f070828381f30e924b899a8014c086f06daa2" target="_blank" title="查看原图" data-width="467" style="color: rgb(248, 112, 112);"><img alt="图片" src="http://c.hiphotos.baidu.com/album/pic/item/8ad4b31c8701a18bbd66fed29f2f07082938fe9a.jpg?psign=bd66fed29f2f070828381f30e924b899a8014c086f06daa2" data-loadfunc="1" data-loaded="1" style="border-top-width: 0px; border-right-width: 0px; border-bottom-width: 0px; border-left-width: 0px; border-style: initial; border-color: initial; border-image: initial; clear: both; max-width: 758px; vertical-align: top; "/></a></p><p style="; ; ;">图片版权均由博主所有，任何商业或个人用途，严禁盗图</p><p><br/></p>', '2013-07-09 05:30:15', 4, 0, 0, 0, 1, 19, 'one', 1, 1, 1, '', 0, 0),
(33, 4, 4, 33, '暂住客 回家了', '', '', '', '三是我开始养的第一批的猫，后来由于某种原因送给一个朋友了！由于对方父母的原因，来我家暂住一段时间。时间真的很短！她今天回家啦！&nbsp;有点不舍！但是她的日子过得很好！！！', '<p><a href="http://d.hiphotos.baidu.com/album/pic/item/42166d224f4a20a4e58e9f9691529822730ed0cb.jpg?psign=e58e9f9691529822720e0cf3d7ca7bcb0b46f21fbf09f4f3" target="_blank" title="查看原图" data-width="480" style="color: rgb(159, 159, 159);"><img alt="图片" src="http://d.hiphotos.baidu.com/album/pic/item/42166d224f4a20a4e58e9f9691529822730ed0cb.jpg?psign=e58e9f9691529822720e0cf3d7ca7bcb0b46f21fbf09f4f3" data-loadfunc="1" data-loaded="1" style="border-top-width: 0px; border-right-width: 0px; border-bottom-width: 0px; border-left-width: 0px; border-style: initial; border-color: initial; border-image: initial; clear: both; max-width: 758px; vertical-align: top; "/></a></p><p><a href="http://e.hiphotos.baidu.com/album/pic/item/838ba61ea8d3fd1f5db9016b314e251f95ca5f2a.jpg?psign=5db9016b314e251f95cad1c8a786c9177e3e6709c93d7b12" target="_blank" title="查看原图" data-width="480" style="color: rgb(159, 159, 159);"><img alt="图片" src="http://e.hiphotos.baidu.com/album/pic/item/838ba61ea8d3fd1f5db9016b314e251f95ca5f2a.jpg?psign=5db9016b314e251f95cad1c8a786c9177e3e6709c93d7b12" data-loadfunc="1" data-loaded="1" style="border-top-width: 0px; border-right-width: 0px; border-bottom-width: 0px; border-left-width: 0px; border-style: initial; border-color: initial; border-image: initial; clear: both; max-width: 758px; vertical-align: top; "/></a></p><p style="; ; ;">三是我开始养的第一批的猫，后来由于某种原因送给一个朋友了！</p><p style="; ; ;">由于对方父母的原因，来我家暂住一段时间。</p><p style="; ; ;">时间真的很短！她今天回家啦！&nbsp;有点不舍！</p><p style="; ; ;">但是她的日子过得很好！！！</p><p><br/></p>', '2013-07-09 05:33:06', 0, 0, 0, 0, 1, 19, 'one', 1, 1, 1, '', 0, 0),
(34, 22, 22, 33, '人生路上不必开快车', '', '', '', '&nbsp; &nbsp; &nbsp;记得以前第一次上路开车时，特别害怕，因为对路面情况全然不知，根本不知道怎么办？比如前面拥堵了、有人并线超车了、有游人过马路了、拐诱了，遇到这些情况，应如何处置，心里全然没底。当时的陪练告诉我，这种情况一是要减速慢下来，实在不行，你就停下来，千万别硬往前冲，别太着急。别人撞你，是他的责任，你撞别人，是你的责任。控制好速度是最重要的，没有太急的事，没必要开快车。', '<p style="; ; ; color: rgb(73, 73, 73); font-family: 宋体, Arial, Helvetica, sans-serif; font-size: 14px; line-height: 22px; orphans: 2; text-align: -webkit-auto; white-space: normal; widows: 2; background-color: rgb(255, 255, 255);">&nbsp; &nbsp; &nbsp;记得以前第一次上路开车时，特别害怕，因为对路面情况全然不知，根本不知道怎么办？比如前面拥堵了、有人并线超车了、有游人过马路了、拐诱了，遇到这些情况，应如何处置，心里全然没底。当时的陪练告诉我，这种情况一是要减速慢下来，实在不行，你就停下来，千万别硬往前冲，别太着急。别人撞你，是他的责任，你撞别人，是你的责任。控制好速度是最重要的，没有太急的事，没必要开快车。</p><p style="; ; ; color: rgb(73, 73, 73); font-family: 宋体, Arial, Helvetica, sans-serif; font-size: 14px; line-height: 22px; orphans: 2; text-align: -webkit-auto; white-space: normal; widows: 2; background-color: rgb(255, 255, 255);">&nbsp;&nbsp;&nbsp;&nbsp;&nbsp; 他的原则很有用，以后我就按这种原则，上路之后心里就踏实多了。</p><p style="; ; ; color: rgb(73, 73, 73); font-family: 宋体, Arial, Helvetica, sans-serif; font-size: 14px; line-height: 22px; orphans: 2; text-align: -webkit-auto; white-space: normal; widows: 2; background-color: rgb(255, 255, 255);">&nbsp;&nbsp;&nbsp;&nbsp;&nbsp; 人生路上正如开车差不多，该慢则慢，该停则停，没必要非要开快车。其实抵达目的地的时间差不了太多。</p><p style="; ; ; color: rgb(73, 73, 73); font-family: 宋体, Arial, Helvetica, sans-serif; font-size: 14px; line-height: 22px; orphans: 2; text-align: -webkit-auto; white-space: normal; widows: 2; background-color: rgb(255, 255, 255);">&nbsp;&nbsp;&nbsp;&nbsp;&nbsp; 中国是一个竞争激烈的国度，这使得中国人特别能抢、擅抢，抢与快成了中国人的做事风格、处事原则。其实，抢了半天，快了半天，结果都差不太多。</p><p style="; ; ; color: rgb(73, 73, 73); font-family: 宋体, Arial, Helvetica, sans-serif; font-size: 14px; line-height: 22px; orphans: 2; text-align: -webkit-auto; white-space: normal; widows: 2; background-color: rgb(255, 255, 255);">&nbsp;&nbsp;&nbsp;&nbsp;&nbsp; 我开车是从来不抢的，因为我觉得我没有太急迫的事。如果预见路上要堵，提前一些时间就可以了，没有必要给自己安排得那么紧凑。</p><p style="; ; ; color: rgb(73, 73, 73); font-family: 宋体, Arial, Helvetica, sans-serif; font-size: 14px; line-height: 22px; orphans: 2; text-align: -webkit-auto; white-space: normal; widows: 2; background-color: rgb(255, 255, 255);">&nbsp;&nbsp;&nbsp;&nbsp;&nbsp;&nbsp; 我的这种观点，喜欢开快车，在转弯处与行人斗智斗勇的朋友不认可，他说：“你这次让了，下个灯可能又会堵的。一步落后，步步落后。”我觉得他的话有道理，我试验了一次，但发现其实并不是这样，会落后一些，但最终的结果差不了太长时间。那种急怕完全是自己心理的原因。</p><p style="; ; ; color: rgb(73, 73, 73); font-family: 宋体, Arial, Helvetica, sans-serif; font-size: 14px; line-height: 22px; orphans: 2; text-align: -webkit-auto; white-space: normal; widows: 2; background-color: rgb(255, 255, 255);">&nbsp;&nbsp;&nbsp;&nbsp;&nbsp; 人生路上要抢机遇，大多数人也是如此认为，觉得这次机会错过了，下次就没有了。人生的步伐就从此与别人拉开距离，你这个机会不抓住，以后就要费很大劲儿，才能赶上。</p><p style="; ; ; color: rgb(73, 73, 73); font-family: 宋体, Arial, Helvetica, sans-serif; font-size: 14px; line-height: 22px; orphans: 2; text-align: -webkit-auto; white-space: normal; widows: 2; background-color: rgb(255, 255, 255);">&nbsp;&nbsp;&nbsp;&nbsp; 这话很有道理，也是很多人的人生指南。&nbsp;但实际上并完全如此，年轻的时候，步子要快一些，那时竞争激烈，大家都拼命往前赶，你却慢慢悠悠的，那是要被落下很多的。</p><p style="; ; ; color: rgb(73, 73, 73); font-family: 宋体, Arial, Helvetica, sans-serif; font-size: 14px; line-height: 22px; orphans: 2; text-align: -webkit-auto; white-space: normal; widows: 2; background-color: rgb(255, 255, 255);">&nbsp;&nbsp;&nbsp;&nbsp;&nbsp; 但到了一定年龄，到了三十岁以后，就要稳健一些，沉稳一些。</p><p style="; ; ; color: rgb(73, 73, 73); font-family: 宋体, Arial, Helvetica, sans-serif; font-size: 14px; line-height: 22px; orphans: 2; text-align: -webkit-auto; white-space: normal; widows: 2; background-color: rgb(255, 255, 255);">&nbsp;&nbsp;&nbsp;&nbsp;&nbsp; 人生路上的事，更复杂一些。你抢了半天，争了一世，最终结果，也都是一切化为乌有。人生旅途并不是快速行军，应该是欣赏风景。该慢时还要慢下来，该停下来就停下来，当然，始终不能停止追求完善自我，实现自我理想的脚步。</p><p style="; ; ; color: rgb(73, 73, 73); font-family: 宋体, Arial, Helvetica, sans-serif; font-size: 14px; line-height: 22px; orphans: 2; text-align: -webkit-auto; white-space: normal; widows: 2; background-color: rgb(255, 255, 255);">&nbsp;&nbsp;&nbsp;&nbsp; 只要不停下脚步，你总会有一天站在人生的巅峰上的。</p><p><br/></p>', '2013-07-09 05:34:49', 0, 0, 0, 0, 1, 19, 'one', 1, 1, 1, '', 0, 0),
(35, 25, 25, 33, '冯小刚确认任春晚总导演(图)', '', '', '', '冯小刚参与春晚的消息最近一直炒得沸沸扬扬，而坊间亦是各种猜测不断。经过媒体获悉，冯小刚担任央视马年春晚导演的消息已经基本确定。此前曾有消息称，冯小刚将和几位央视导演联合执导春晚，但从媒体获悉的消息看，冯小刚是单独担任春晚总导演，并由央视的一名导演担任执行总导演。&nbsp;冯小刚任总导演吕逸涛、孙滨、郎昆或任执行总导演&nbsp;央视2014年春晚总导演已经锁定冯小刚，而除了他担任总导演外，郎昆、', '<p style="; ; ; color: rgb(73, 73, 73); font-family: 宋体, Arial, Helvetica, sans-serif; font-size: 14px; line-height: 22px; orphans: 2; text-align: -webkit-auto; white-space: normal; widows: 2; background-color: rgb(255, 255, 255);">冯小刚参与春晚的消息最近一直炒得沸沸扬扬，而坊间亦是各种猜测不断。经过媒体获悉，冯小刚担任央视马年春晚导演的消息已经基本确定。此前曾有消息称，冯小刚将和几位央视导演联合执导春晚，但从媒体获悉的消息看，冯小刚是单独担任春晚总导演，并由央视的一名导演担任执行总导演。</p><p style="; ; ; color: rgb(73, 73, 73); font-family: 宋体, Arial, Helvetica, sans-serif; font-size: 14px; line-height: 22px; orphans: 2; white-space: normal; widows: 2; background-color: rgb(255, 255, 255); text-align: center;">&nbsp;<img class="editor-pic-insert" title="冯小刚确认任春晚总导演(图)" src="http://img3.laibafile.cn/p/m/149224086.jpg" alt="冯小刚确认任春晚总导演(图)" border="0" style="border-top-width: 0px; border-right-width: 0px; border-bottom-width: 0px; border-left-width: 0px; border-style: initial; border-color: initial; border-image: initial; max-width: 700px; margin-bottom: 10px; "/></p><p style="; ; ; color: rgb(73, 73, 73); font-family: 宋体, Arial, Helvetica, sans-serif; font-size: 14px; line-height: 22px; orphans: 2; white-space: normal; widows: 2; background-color: rgb(255, 255, 255);">冯小刚任总导演吕逸涛、孙滨、郎昆或任执行总导演</p><p style="; ; ; color: rgb(73, 73, 73); font-family: 宋体, Arial, Helvetica, sans-serif; font-size: 14px; line-height: 22px; orphans: 2; text-align: -webkit-auto; white-space: normal; widows: 2; background-color: rgb(255, 255, 255);">&nbsp;</p><p style="; ; ; color: rgb(73, 73, 73); font-family: 宋体, Arial, Helvetica, sans-serif; font-size: 14px; line-height: 22px; orphans: 2; text-align: -webkit-auto; white-space: normal; widows: 2; background-color: rgb(255, 255, 255);">央视2014年春晚总导演已经锁定冯小刚，而除了他担任总导演外，郎昆、孙滨和吕逸涛三位央视导演中将有一位担任执行总导演。据悉，虽然还并未正式宣布，但冯小刚的“春晚行”也已经在计划之中，第一站就是在本月中旬参与央视王牌栏目《我要上春晚》的录制。</p><p style="; ; ; color: rgb(73, 73, 73); font-family: 宋体, Arial, Helvetica, sans-serif; font-size: 14px; line-height: 22px; orphans: 2; text-align: -webkit-auto; white-space: normal; widows: 2; background-color: rgb(255, 255, 255);">&nbsp;</p><p style="; ; ; color: rgb(73, 73, 73); font-family: 宋体, Arial, Helvetica, sans-serif; font-size: 14px; line-height: 22px; orphans: 2; white-space: normal; widows: 2; background-color: rgb(255, 255, 255); text-align: center;">&nbsp;<img class="editor-pic-insert" title="冯小刚确认任春晚总导演(图)" src="http://img3.laibafile.cn/p/m/149224222.jpg" alt="冯小刚确认任春晚总导演(图)" width="429" height="600" border="0" style="border-top-width: 0px; border-right-width: 0px; border-bottom-width: 0px; border-left-width: 0px; border-style: initial; border-color: initial; border-image: initial; max-width: 700px; margin-bottom: 10px; "/></p><p style="; ; ; color: rgb(73, 73, 73); font-family: 宋体, Arial, Helvetica, sans-serif; font-size: 14px; line-height: 22px; orphans: 2; white-space: normal; widows: 2; background-color: rgb(255, 255, 255);">由于冯小刚此前并没有执导春晚的经验，他的主要工作很可能是大局上的把控，至于细节问题则交给执行总导演负责，因此，执行总导演的人选也至关重要。</p><p style="; ; ; color: rgb(73, 73, 73); font-family: 宋体, Arial, Helvetica, sans-serif; font-size: 14px; line-height: 22px; orphans: 2; white-space: normal; widows: 2; background-color: rgb(255, 255, 255); text-align: center;">&nbsp;<img class="editor-pic-insert" title="冯小刚确认任春晚总导演(图)" src="http://img3.laibafile.cn/p/m/149224412.jpg" alt="冯小刚确认任春晚总导演(图)" border="0" style="border-top-width: 0px; border-right-width: 0px; border-bottom-width: 0px; border-left-width: 0px; border-style: initial; border-color: initial; border-image: initial; max-width: 700px; margin-bottom: 10px; "/></p><p style="; ; ; color: rgb(73, 73, 73); font-family: 宋体, Arial, Helvetica, sans-serif; font-size: 14px; line-height: 22px; orphans: 2; text-align: -webkit-auto; white-space: normal; widows: 2; background-color: rgb(255, 255, 255);">&nbsp;最关键的是冯小刚和赵本山私交很好，当年冯小刚拍《集结号》时候，赵本山曾去探班，在零下40度的气温下，给剧组的每个成员送了一个大苹果，还在父亲刚刚去世不久就参加该片的首映，足见两人交情之深。在今年两会期间冯小刚和赵本山休息期间掰手腕，也可见两人交往维持的非常好，所以如果冯小刚当导演，赵本山重返春晚机会很大，我们拭目以待。</p><p style="; ; ; color: rgb(73, 73, 73); font-family: 宋体, Arial, Helvetica, sans-serif; font-size: 14px; line-height: 22px; orphans: 2; text-align: -webkit-auto; white-space: normal; widows: 2; background-color: rgb(255, 255, 255);">&nbsp;</p><p style="; ; ; color: rgb(73, 73, 73); font-family: 宋体, Arial, Helvetica, sans-serif; font-size: 14px; line-height: 22px; orphans: 2; text-align: -webkit-auto; white-space: normal; widows: 2; background-color: rgb(255, 255, 255);">&nbsp;记者了解到，执行总导演的人选会出自六月中旬参与春晚导演竞聘的12组人选，目前呼声较高的是连任两届春晚“执行总导演”的吕逸涛；《欢乐中国行》的总导演孙滨以及多次担任春晚总导演的央视戏曲音乐部主任郎昆。</p><p style="; ; ; color: rgb(73, 73, 73); font-family: 宋体, Arial, Helvetica, sans-serif; font-size: 14px; line-height: 22px; orphans: 2; text-align: -webkit-auto; white-space: normal; widows: 2; background-color: rgb(255, 255, 255);">&nbsp;</p><p style="; ; ; color: rgb(73, 73, 73); font-family: 宋体, Arial, Helvetica, sans-serif; font-size: 14px; line-height: 22px; orphans: 2; text-align: -webkit-auto; white-space: normal; widows: 2; background-color: rgb(255, 255, 255);">相比之下，三位导演中，前两位目前央视颇具实力的导演，而郎昆更不用说，据悉早在2013年春晚结束后，他就早早地提交了马年春晚的方案，而且还颇受认可。</p><p style="; ; ; color: rgb(73, 73, 73); font-family: 宋体, Arial, Helvetica, sans-serif; font-size: 14px; line-height: 22px; orphans: 2; text-align: -webkit-auto; white-space: normal; widows: 2; background-color: rgb(255, 255, 255);">&nbsp;</p><p style="; ; ; color: rgb(73, 73, 73); font-family: 宋体, Arial, Helvetica, sans-serif; font-size: 14px; line-height: 22px; orphans: 2; text-align: -webkit-auto; white-space: normal; widows: 2; background-color: rgb(255, 255, 255);">冯小刚开始“春晚行”&nbsp;将参与《我要上春晚》录制</p><p style="; ; ; color: rgb(73, 73, 73); font-family: 宋体, Arial, Helvetica, sans-serif; font-size: 14px; line-height: 22px; orphans: 2; text-align: -webkit-auto; white-space: normal; widows: 2; background-color: rgb(255, 255, 255);">&nbsp;</p><p style="; ; ; color: rgb(73, 73, 73); font-family: 宋体, Arial, Helvetica, sans-serif; font-size: 14px; line-height: 22px; orphans: 2; text-align: -webkit-auto; white-space: normal; widows: 2; background-color: rgb(255, 255, 255);">虽然央视还没有正式宣布2014年春晚总导演的人选，但记者获悉，冯小刚已经开始“密谋”他的春晚行了，首站就是亮相为春晚输送优秀选手的《我要上春晚》栏目。</p><p style="; ; ; color: rgb(73, 73, 73); font-family: 宋体, Arial, Helvetica, sans-serif; font-size: 14px; line-height: 22px; orphans: 2; text-align: -webkit-auto; white-space: normal; widows: 2; background-color: rgb(255, 255, 255);">&nbsp;</p><p style="; ; ; color: rgb(73, 73, 73); font-family: 宋体, Arial, Helvetica, sans-serif; font-size: 14px; line-height: 22px; orphans: 2; text-align: -webkit-auto; white-space: normal; widows: 2; background-color: rgb(255, 255, 255);">去年开始，央视王牌栏目《我要上春晚》开设了特别板块《直通春晚》，集结各卫视选手节目的优秀选手争夺三个上春晚的名额。今年，这一活动将继续开展。了解到，目前《我要上春晚》也开始了常规节目的录制。</p><p style="; ; ; color: rgb(73, 73, 73); font-family: 宋体, Arial, Helvetica, sans-serif; font-size: 14px; line-height: 22px; orphans: 2; text-align: -webkit-auto; white-space: normal; widows: 2; background-color: rgb(255, 255, 255);">&nbsp;</p><p style="; ; ; color: rgb(73, 73, 73); font-family: 宋体, Arial, Helvetica, sans-serif; font-size: 14px; line-height: 22px; orphans: 2; text-align: -webkit-auto; white-space: normal; widows: 2; background-color: rgb(255, 255, 255);">此前有媒体报道称，央视将于7月12日宣布总导演的人选，但有知情人士称，本月16日-18日录制的《我要上春晚》节目中，冯小刚将出现在节目录制现场，看来他总导演的身份也已经确定无疑了。</p><p style="; ; ; color: rgb(73, 73, 73); font-family: 宋体, Arial, Helvetica, sans-serif; font-size: 14px; line-height: 22px; orphans: 2; text-align: -webkit-auto; white-space: normal; widows: 2; background-color: rgb(255, 255, 255);">&nbsp;</p><p style="; ; ; color: rgb(73, 73, 73); font-family: 宋体, Arial, Helvetica, sans-serif; font-size: 14px; line-height: 22px; orphans: 2; text-align: -webkit-auto; white-space: normal; widows: 2; background-color: rgb(255, 255, 255);">冯小刚是否真会出现在节目中？他是以评审还是嘉宾身份亮相？媒体致电节目组的相关负责人了解情况，不过，该负责人虽然并未承认冯小刚将参与录制的消息，但也并没有否认，只是给出了“敬请期待”的回答。</p><p><br/></p>', '2013-07-09 06:32:29', 0, 0, 0, 0, 1, 19, 'one', 1, 1, 1, '', 0, 0),
(36, 25, 25, 33, '激情戏让人想入非非的10大女星', '', '', '', '娱乐圈电影电视剧里激情戏份不少，有些电影总是拿激情镜头做噱头，以此获得较好的票房。在这个圈子里有这么一些明星，拍了很多吻戏床戏，每次都令人深刻，因为他们拍的太逼真了，甚至是假戏真做，我们旁观者不激动没反应，有时候都不正常。周迅&nbsp;&nbsp;周迅也是激情戏高手，尤其是与陈坤在《画皮》《巴尔扎克与小裁缝》中的水中鸳鸯浴，更是将激情戏推至了**。想想周迅刚出道那会儿，那会是什么激情派，而如今却', '<p style="; ; ; color: rgb(73, 73, 73); font-family: 宋体, Arial, Helvetica, sans-serif; font-size: 14px; line-height: 22px; orphans: 2; text-align: -webkit-auto; white-space: normal; widows: 2; background-color: rgb(255, 255, 255);">娱乐圈电影电视剧里激情戏份不少，有些电影总是拿激情镜头做噱头，以此获得较好的票房。在这个圈子里有这么一些明星，拍了很多吻戏床戏，每次都令人深刻，因为他们拍的太逼真了，甚至是假戏真做，我们旁观者不激动没反应，有时候都不正常。</p><p style="; ; ; color: rgb(73, 73, 73); font-family: 宋体, Arial, Helvetica, sans-serif; font-size: 14px; line-height: 22px; orphans: 2; white-space: normal; widows: 2; background-color: rgb(255, 255, 255); text-align: center;"><img class="editor-pic-insert" title="激情戏让人想入非非的10大女星" src="http://img3.laibafile.cn/p/m/148802150.jpg" alt="激情戏让人想入非非的10大女星" border="0" style="border-top-width: 0px; border-right-width: 0px; border-bottom-width: 0px; border-left-width: 0px; border-style: initial; border-color: initial; border-image: initial; max-width: 700px; margin-bottom: 10px; "/></p><p style="; ; ; color: rgb(73, 73, 73); font-family: 宋体, Arial, Helvetica, sans-serif; font-size: 14px; line-height: 22px; orphans: 2; white-space: normal; widows: 2; background-color: rgb(255, 255, 255); text-align: center;">周迅</p><p style="; ; ; color: rgb(73, 73, 73); font-family: 宋体, Arial, Helvetica, sans-serif; font-size: 14px; line-height: 22px; orphans: 2; text-align: -webkit-auto; white-space: normal; widows: 2; background-color: rgb(255, 255, 255);">&nbsp;&nbsp;周迅也是激情戏高手，尤其是与陈坤在《画皮》《巴尔扎克与小裁缝》中的水中鸳鸯浴，更是将激情戏推至了**。想想周迅刚出道那会儿，那会是什么激情派，而如今却成了激情戏高手，拍起来就没完没了的。</p><p style="; ; ; color: rgb(73, 73, 73); font-family: 宋体, Arial, Helvetica, sans-serif; font-size: 14px; line-height: 22px; orphans: 2; white-space: normal; widows: 2; background-color: rgb(255, 255, 255); text-align: center;"><img class="editor-pic-insert" title="激情戏让人想入非非的10大女星" src="http://img3.laibafile.cn/p/m/148802192.jpg" alt="激情戏让人想入非非的10大女星" border="0" style="border-top-width: 0px; border-right-width: 0px; border-bottom-width: 0px; border-left-width: 0px; border-style: initial; border-color: initial; border-image: initial; max-width: 700px; margin-bottom: 10px; "/></p><p style="; ; ; color: rgb(73, 73, 73); font-family: 宋体, Arial, Helvetica, sans-serif; font-size: 14px; line-height: 22px; orphans: 2; white-space: normal; widows: 2; background-color: rgb(255, 255, 255); text-align: center;">小宋佳</p><p style="; ; ; color: rgb(73, 73, 73); font-family: 宋体, Arial, Helvetica, sans-serif; font-size: 14px; line-height: 22px; orphans: 2; text-align: -webkit-auto; white-space: normal; widows: 2; background-color: rgb(255, 255, 255);">&nbsp;&nbsp;在《好奇害死猫》中，让小宋佳的身价提升不少。小宋佳和胡军有着非常惹火的激情戏。关于激情戏的尺度问题，她毫不忌讳地说：“我的尺度可以根据角色来。我觉得演员就是演别人，只要角色需要，对我来说，激情戏没有任何尺度限制。”</p><p style="; ; ; color: rgb(73, 73, 73); font-family: 宋体, Arial, Helvetica, sans-serif; font-size: 14px; line-height: 22px; orphans: 2; white-space: normal; widows: 2; background-color: rgb(255, 255, 255); text-align: center;"><img class="editor-pic-insert" title="激情戏让人想入非非的10大女星" src="http://img3.laibafile.cn/p/m/148802224.jpg" alt="激情戏让人想入非非的10大女星" border="0" style="border-top-width: 0px; border-right-width: 0px; border-bottom-width: 0px; border-left-width: 0px; border-style: initial; border-color: initial; border-image: initial; max-width: 700px; margin-bottom: 10px; "/></p><p style="; ; ; color: rgb(73, 73, 73); font-family: 宋体, Arial, Helvetica, sans-serif; font-size: 14px; line-height: 22px; orphans: 2; white-space: normal; widows: 2; background-color: rgb(255, 255, 255); text-align: center;">章子怡</p><p style="; ; ; color: rgb(73, 73, 73); font-family: 宋体, Arial, Helvetica, sans-serif; font-size: 14px; line-height: 22px; orphans: 2; text-align: -webkit-auto; white-space: normal; widows: 2; background-color: rgb(255, 255, 255);">&nbsp;&nbsp;章子怡的床戏总是演的有点过火，《卧虎藏龙》的那场金城武显得颇猥琐，《英雄》里她自己笑得和花痴一样，《夜宴》中她倒是不可乐了，但是葛优的可乐发挥到了120%，最可笑床戏非章子怡莫属……</p><p style="; ; ; color: rgb(73, 73, 73); font-family: 宋体, Arial, Helvetica, sans-serif; font-size: 14px; line-height: 22px; orphans: 2; white-space: normal; widows: 2; background-color: rgb(255, 255, 255); text-align: center;"><img class="editor-pic-insert" title="激情戏让人想入非非的10大女星" src="http://img3.laibafile.cn/p/m/148802247.jpg" alt="激情戏让人想入非非的10大女星" border="0" style="border-top-width: 0px; border-right-width: 0px; border-bottom-width: 0px; border-left-width: 0px; border-style: initial; border-color: initial; border-image: initial; max-width: 700px; margin-bottom: 10px; "/></p><p style="; ; ; color: rgb(73, 73, 73); font-family: 宋体, Arial, Helvetica, sans-serif; font-size: 14px; line-height: 22px; orphans: 2; white-space: normal; widows: 2; background-color: rgb(255, 255, 255); text-align: center;">赵薇</p><p style="; ; ; color: rgb(73, 73, 73); font-family: 宋体, Arial, Helvetica, sans-serif; font-size: 14px; line-height: 22px; orphans: 2; text-align: -webkit-auto; white-space: normal; widows: 2; background-color: rgb(255, 255, 255);">&nbsp;&nbsp;拿过无数大奖的赵薇即使演技如何提升，永远改变不了的就是她的个性，一直做事大大咧咧的她在演感情戏的时候，一定会笑场，而延伸到拍吻戏的时候，她会做很多鬼脸掩饰情绪，缓解内心的紧张与尴尬，即使如今收获影后无数，也许是习惯早已经成为自然，一直都无法改掉这样的嗜好，让人感觉相当的怪异。</p><p style="; ; ; color: rgb(73, 73, 73); font-family: 宋体, Arial, Helvetica, sans-serif; font-size: 14px; line-height: 22px; orphans: 2; white-space: normal; widows: 2; background-color: rgb(255, 255, 255); text-align: center;">&nbsp;<img class="editor-pic-insert" title="激情戏让人想入非非的10大女星" src="http://img3.laibafile.cn/p/m/148802278.jpg" alt="激情戏让人想入非非的10大女星" border="0" style="border-top-width: 0px; border-right-width: 0px; border-bottom-width: 0px; border-left-width: 0px; border-style: initial; border-color: initial; border-image: initial; max-width: 700px; margin-bottom: 10px; "/></p><p style="; ; ; color: rgb(73, 73, 73); font-family: 宋体, Arial, Helvetica, sans-serif; font-size: 14px; line-height: 22px; orphans: 2; white-space: normal; widows: 2; background-color: rgb(255, 255, 255); text-align: center;">李小冉</p><p style="; ; ; color: rgb(73, 73, 73); font-family: 宋体, Arial, Helvetica, sans-serif; font-size: 14px; line-height: 22px; orphans: 2; text-align: -webkit-auto; white-space: normal; widows: 2; background-color: rgb(255, 255, 255);">&nbsp;&nbsp;每每拍吻戏之前，李小冉总会饱餐一顿才能用心入戏，而她最喜欢的就是吃韭菜味混沌，所以当她有一次在吃完韭菜味混沌后与孙红雷接吻的时候，那股浓烈的韭菜味就好像战场上敌人致命的枪杆一样把对方弄得相当的紧张，让孙红雷头皮发麻不敢轻易下口，让人感觉相当郁闷。</p><p style="; ; ; color: rgb(73, 73, 73); font-family: 宋体, Arial, Helvetica, sans-serif; font-size: 14px; line-height: 22px; orphans: 2; white-space: normal; widows: 2; background-color: rgb(255, 255, 255); text-align: center;"><img class="editor-pic-insert" title="激情戏让人想入非非的10大女星" src="http://img3.laibafile.cn/p/m/148802298.jpg" alt="激情戏让人想入非非的10大女星" border="0" style="border-top-width: 0px; border-right-width: 0px; border-bottom-width: 0px; border-left-width: 0px; border-style: initial; border-color: initial; border-image: initial; max-width: 700px; margin-bottom: 10px; "/></p><p style="; ; ; color: rgb(73, 73, 73); font-family: 宋体, Arial, Helvetica, sans-serif; font-size: 14px; line-height: 22px; orphans: 2; white-space: normal; widows: 2; background-color: rgb(255, 255, 255); text-align: center;">林心如</p><p style="; ; ; color: rgb(73, 73, 73); font-family: 宋体, Arial, Helvetica, sans-serif; font-size: 14px; line-height: 22px; orphans: 2; text-align: -webkit-auto; white-space: normal; widows: 2; background-color: rgb(255, 255, 255);">&nbsp;&nbsp;轰动大众的前《还珠格格》演员内讧的事件，有人说是周杰嫉妒小虎队的人气，也有人说周杰是通过这种方式为自己博取眼球。而随着这件事的曝光，也滋生出其它的问题。早年拍戏时，周杰要求林心如和其舌吻，这让林心如十分的恼怒。</p><p style="; ; ; color: rgb(73, 73, 73); font-family: 宋体, Arial, Helvetica, sans-serif; font-size: 14px; line-height: 22px; orphans: 2; white-space: normal; widows: 2; background-color: rgb(255, 255, 255); text-align: center;"><img class="editor-pic-insert" title="激情戏让人想入非非的10大女星" src="http://img3.laibafile.cn/p/m/148802339.jpg" alt="激情戏让人想入非非的10大女星" border="0" style="border-top-width: 0px; border-right-width: 0px; border-bottom-width: 0px; border-left-width: 0px; border-style: initial; border-color: initial; border-image: initial; max-width: 700px; margin-bottom: 10px; "/></p><p style="; ; ; color: rgb(73, 73, 73); font-family: 宋体, Arial, Helvetica, sans-serif; font-size: 14px; line-height: 22px; orphans: 2; white-space: normal; widows: 2; background-color: rgb(255, 255, 255); text-align: center;">刘亦菲</p><p style="; ; ; color: rgb(73, 73, 73); font-family: 宋体, Arial, Helvetica, sans-serif; font-size: 14px; line-height: 22px; orphans: 2; text-align: -webkit-auto; white-space: normal; widows: 2; background-color: rgb(255, 255, 255);">&nbsp;&nbsp;在我的记忆里，刘亦菲一直给人一种清新典雅的感觉，有着十分脱俗的气质，或许是因为她饰演小龙女的缘故吧。不过当初拍摄《神雕侠侣》时，刘亦菲也曾遭遇过咸猪手的侵袭。据悉，她被一群扮演丐帮弟子的群众演员高高抛起，一只无名黑手突然从其右臂下伸出，摸了她的右胸，真让她尴尬。</p><p style="; ; ; color: rgb(73, 73, 73); font-family: 宋体, Arial, Helvetica, sans-serif; font-size: 14px; line-height: 22px; orphans: 2; white-space: normal; widows: 2; background-color: rgb(255, 255, 255); text-align: center;"><img class="editor-pic-insert" title="激情戏让人想入非非的10大女星" src="http://img3.laibafile.cn/p/m/148802352.jpg" alt="激情戏让人想入非非的10大女星" border="0" style="border-top-width: 0px; border-right-width: 0px; border-bottom-width: 0px; border-left-width: 0px; border-style: initial; border-color: initial; border-image: initial; max-width: 700px; margin-bottom: 10px; "/></p><p style="; ; ; color: rgb(73, 73, 73); font-family: 宋体, Arial, Helvetica, sans-serif; font-size: 14px; line-height: 22px; orphans: 2; white-space: normal; widows: 2; background-color: rgb(255, 255, 255); text-align: center;">徐静蕾</p><p style="; ; ; color: rgb(73, 73, 73); font-family: 宋体, Arial, Helvetica, sans-serif; font-size: 14px; line-height: 22px; orphans: 2; text-align: -webkit-auto; white-space: normal; widows: 2; background-color: rgb(255, 255, 255);">&nbsp;&nbsp;徐静蕾本是青春才女，无论是《将爱情进行到底》还是此后的一系列影视剧，但自从拍摄《开往春天的地铁》与邵兵激情大干后，徐静蕾也是一发不可收拾，在《我爱你》、《投名状》、《杜拉拉》中均有激情戏份，清纯才女激情献身果真令观众大饱眼福。</p><p style="; ; ; color: rgb(73, 73, 73); font-family: 宋体, Arial, Helvetica, sans-serif; font-size: 14px; line-height: 22px; orphans: 2; white-space: normal; widows: 2; background-color: rgb(255, 255, 255); text-align: center;"><img class="editor-pic-insert" title="激情戏让人想入非非的10大女星" src="http://img3.laibafile.cn/p/m/148802409.jpg" alt="激情戏让人想入非非的10大女星" border="0" style="border-top-width: 0px; border-right-width: 0px; border-bottom-width: 0px; border-left-width: 0px; border-style: initial; border-color: initial; border-image: initial; max-width: 700px; margin-bottom: 10px; "/></p><p style="; ; ; color: rgb(73, 73, 73); font-family: 宋体, Arial, Helvetica, sans-serif; font-size: 14px; line-height: 22px; orphans: 2; white-space: normal; widows: 2; background-color: rgb(255, 255, 255); text-align: center;">沈傲君</p><p style="; ; ; color: rgb(73, 73, 73); font-family: 宋体, Arial, Helvetica, sans-serif; font-size: 14px; line-height: 22px; orphans: 2; text-align: -webkit-auto; white-space: normal; widows: 2; background-color: rgb(255, 255, 255);">&nbsp;&nbsp;说实话，沈傲君虽然拍摄不过不少戏，但是很少传出过绯闻，作风一向很正派。不过这样一位好演员也没能够逃过一些居心叵测分子。据悉，沈傲君一次拍戏就被男演员要求跟她来真的的事，被多捏一把，多搂一把的事。可是无奈只能忍气吞声。</p><p style="; ; ; color: rgb(73, 73, 73); font-family: 宋体, Arial, Helvetica, sans-serif; font-size: 14px; line-height: 22px; orphans: 2; white-space: normal; widows: 2; background-color: rgb(255, 255, 255); text-align: center;"><img class="editor-pic-insert" title="激情戏让人想入非非的10大女星" src="http://img3.laibafile.cn/p/m/148802444.jpg" alt="激情戏让人想入非非的10大女星" border="0" style="border-top-width: 0px; border-right-width: 0px; border-bottom-width: 0px; border-left-width: 0px; border-style: initial; border-color: initial; border-image: initial; max-width: 700px; margin-bottom: 10px; "/></p><p style="; ; ; color: rgb(73, 73, 73); font-family: 宋体, Arial, Helvetica, sans-serif; font-size: 14px; line-height: 22px; orphans: 2; white-space: normal; widows: 2; background-color: rgb(255, 255, 255); text-align: center;">廖碧儿</p><p style="; ; ; color: rgb(73, 73, 73); font-family: 宋体, Arial, Helvetica, sans-serif; font-size: 14px; line-height: 22px; orphans: 2; text-align: -webkit-auto; white-space: normal; widows: 2; background-color: rgb(255, 255, 255);">&nbsp;&nbsp;廖碧儿在拍摄吻戏的时候，有最大的一个怪癖，就是喜欢对方侧头，然后垂直吻下去，而这样做的目的就是为了让鼻子相互对顶，让她觉得相当浪漫，这可真够特别的，而在现实生活中就不知道她的男友是否每次都会言听计从呢？</p><p><br/></p>', '2013-07-09 06:33:37', 0, 0, 0, 0, 1, 19, 'one', 1, 1, 1, '', 0, 0);
INSERT INTO `blog_article` (`id`, `channel1_id`, `channel2_id`, `category_id`, `title`, `titlestyle`, `titlepic`, `tags`, `summary`, `content`, `createtime`, `views`, `comments`, `goods`, `bads`, `status`, `user_id`, `username`, `istop`, `isoriginal`, `cancomment`, `password`, `ishome`, `isrecommend`) VALUES
(37, 4, 4, 33, '李咏全家奢华游 独家揭秘其离开央视后的吸金法则', '', '', '', '文/长春国贸&nbsp;&nbsp;&nbsp;&nbsp;近日，李咏之妻、央视导演哈文在微博上频频分享全家出游美国的照片，甚是让人羡慕，旅行的奢华程度让网友大为惊叹。&nbsp;&nbsp;&nbsp;&nbsp;&nbsp;从美国著名的葡萄庄园小镇纳帕溪谷（世界最顶级葡萄酒庄园），到奥兰多环球影城（全球最大的环球影城乐园及度假区），从旧金山的九曲花街到斯坦福校园，有网友戏称：李咏携妻女将游遍1', '<p style="; ; ; color: rgb(73, 73, 73); font-family: 宋体, Arial, Helvetica, sans-serif; font-size: 14px; line-height: 22px; orphans: 2; text-align: -webkit-auto; white-space: normal; widows: 2; background-color: rgb(255, 255, 255);"><strong><span style="color: rgb(0, 0, 255); ">文/长春国贸</span></strong></p><p style="; ; ; color: rgb(73, 73, 73); font-family: 宋体, Arial, Helvetica, sans-serif; font-size: 14px; line-height: 22px; orphans: 2; text-align: -webkit-auto; white-space: normal; widows: 2; background-color: rgb(255, 255, 255);"><span style="color: rgb(0, 0, 255); "><strong>&nbsp;&nbsp;&nbsp;&nbsp;近日，李咏之妻、央视导演哈文在微博上频频分享全家出游美国的照片，甚是让人羡慕，旅行的奢华程度让网友大为惊叹。</strong></span></p><p style="; ; ; color: rgb(73, 73, 73); font-family: 宋体, Arial, Helvetica, sans-serif; font-size: 14px; line-height: 22px; orphans: 2; white-space: normal; widows: 2; background-color: rgb(255, 255, 255); text-align: center;"><span style="color: rgb(0, 0, 255); "><strong><img class="editor-pic-insert" title="李咏全家奢华游 独家揭秘其离开央视后的吸金法则" src="http://img3.laibafile.cn/p/m/149144645.jpg" alt="李咏全家奢华游 独家揭秘其离开央视后的吸金法则" border="0" style="border-top-width: 0px; border-right-width: 0px; border-bottom-width: 0px; border-left-width: 0px; border-style: initial; border-color: initial; border-image: initial; max-width: 700px; margin-bottom: 10px; "/></strong></span></p><p style="text-align:center;; ; ; color: rgb(73, 73, 73); font-family: 宋体, Arial, Helvetica, sans-serif; font-size: 14px; line-height: 22px; orphans: 2; white-space: normal; widows: 2; background-color: rgb(255, 255, 255);">&nbsp;</p><p style="; ; ; color: rgb(73, 73, 73); font-family: 宋体, Arial, Helvetica, sans-serif; font-size: 14px; line-height: 22px; orphans: 2; text-align: -webkit-auto; white-space: normal; widows: 2; background-color: rgb(255, 255, 255);"><span style="color: rgb(0, 0, 255); "><strong>&nbsp;&nbsp;&nbsp;&nbsp;从美国著名的葡萄庄园小镇纳帕溪谷（世界最顶级葡萄酒庄园），到奥兰多环球影城（全球最大的环球影城乐园及度假区），从旧金山的九曲花街到斯坦福校园，有网友戏称：李咏携妻女将游遍13个州。还有网友爆料在美国偶遇李咏全家，下榻豪华酒店、吃穿用度皆不同一般，而且这已经是2013年李咏全家的第三次外出度假。看来，离开央视这颗大树的庇护，李咏日子过得越来越滋润惬意。</strong></span></p><p style="; ; ; color: rgb(73, 73, 73); font-family: 宋体, Arial, Helvetica, sans-serif; font-size: 14px; line-height: 22px; orphans: 2; white-space: normal; widows: 2; background-color: rgb(255, 255, 255); text-align: center;"><span style="color: rgb(0, 0, 255); "><strong><img class="editor-pic-insert" title="李咏全家奢华游 独家揭秘其离开央视后的吸金法则" src="http://img3.laibafile.cn/p/m/149144680.jpg" alt="李咏全家奢华游 独家揭秘其离开央视后的吸金法则" border="0" style="border-top-width: 0px; border-right-width: 0px; border-bottom-width: 0px; border-left-width: 0px; border-style: initial; border-color: initial; border-image: initial; max-width: 700px; margin-bottom: 10px; "/></strong></span></p><p style="text-align:center;; ; ; color: rgb(73, 73, 73); font-family: 宋体, Arial, Helvetica, sans-serif; font-size: 14px; line-height: 22px; orphans: 2; white-space: normal; widows: 2; background-color: rgb(255, 255, 255);">&nbsp;</p><p style="; ; ; color: rgb(73, 73, 73); font-family: 宋体, Arial, Helvetica, sans-serif; font-size: 14px; line-height: 22px; orphans: 2; text-align: -webkit-auto; white-space: normal; widows: 2; background-color: rgb(255, 255, 255);"><span style="color: rgb(0, 0, 255); "><strong>&nbsp;&nbsp;&nbsp;&nbsp;李咏曾在自传中说到：“我负责赚钱养家，妻女负责貌美如花”，作为一个好丈夫和好爸爸，养家糊口让妻子和女儿幸福开心肯定是李咏最重要的目标。如今，这一家三口幸福出游，据长春国贸了解，李咏已经找到了新的吸金手段。</strong></span></p><p style="; ; ; color: rgb(73, 73, 73); font-family: 宋体, Arial, Helvetica, sans-serif; font-size: 14px; line-height: 22px; orphans: 2; white-space: normal; widows: 2; background-color: rgb(255, 255, 255); text-align: center;"><span style="color: rgb(0, 0, 255); "><strong><img class="editor-pic-insert" title="李咏全家奢华游 独家揭秘其离开央视后的吸金法则" src="http://img3.laibafile.cn/p/m/149144705.jpg" alt="李咏全家奢华游 独家揭秘其离开央视后的吸金法则" border="0" style="border-top-width: 0px; border-right-width: 0px; border-bottom-width: 0px; border-left-width: 0px; border-style: initial; border-color: initial; border-image: initial; max-width: 700px; margin-bottom: 10px; "/></strong></span></p><p style="text-align:center;; ; ; color: rgb(73, 73, 73); font-family: 宋体, Arial, Helvetica, sans-serif; font-size: 14px; line-height: 22px; orphans: 2; white-space: normal; widows: 2; background-color: rgb(255, 255, 255);">&nbsp;</p><p style="; ; ; color: rgb(73, 73, 73); font-family: 宋体, Arial, Helvetica, sans-serif; font-size: 14px; line-height: 22px; orphans: 2; text-align: -webkit-auto; white-space: normal; widows: 2; background-color: rgb(255, 255, 255);"><span style="color: rgb(0, 0, 255); "><strong>&nbsp;&nbsp;&nbsp;&nbsp;一：继续主持生涯，薪水高歌猛进</strong></span></p><p style="; ; ; color: rgb(73, 73, 73); font-family: 宋体, Arial, Helvetica, sans-serif; font-size: 14px; line-height: 22px; orphans: 2; text-align: -webkit-auto; white-space: normal; widows: 2; background-color: rgb(255, 255, 255);"><span style="color: rgb(0, 0, 255); "><strong>&nbsp;&nbsp;&nbsp;&nbsp;目前，由李咏主持的两档节目已经开播，一档是央视明星舞蹈真人秀《舞出我人生》，&nbsp; 一档是东南卫视创业真人秀《爱拼才会赢》；另外，李咏已经确认盟安徽卫视主持《超级演说家》，这档安徽卫视的全新力作为了吸引到李咏的加盟，肯定开出了不薄的价码。</strong></span></p><p style="; ; ; color: rgb(73, 73, 73); font-family: 宋体, Arial, Helvetica, sans-serif; font-size: 14px; line-height: 22px; orphans: 2; text-align: -webkit-auto; white-space: normal; widows: 2; background-color: rgb(255, 255, 255);"><span style="color: rgb(0, 0, 255); "><strong>&nbsp;&nbsp;&nbsp;&nbsp;二：商业走穴接私活</strong></span></p><p style="; ; ; color: rgb(73, 73, 73); font-family: 宋体, Arial, Helvetica, sans-serif; font-size: 14px; line-height: 22px; orphans: 2; text-align: -webkit-auto; white-space: normal; widows: 2; background-color: rgb(255, 255, 255);"><span style="color: rgb(0, 0, 255); "><strong>&nbsp;&nbsp;&nbsp;&nbsp;长春国贸曾在2011年就爆料过李咏接“私活”违规出席商业活动，东窗事发后被央视一顿狠批。长春国贸认为，人都是为了生存才去工作，主持人接私活无可厚非，无奈央视门禁森严，现在恢复“自由身”的李咏不再受限制，在赚钱养家让妻女貌美如花的压力之下李咏不会放过任何一个“小钱”。</strong></span></p><p style="; ; ; color: rgb(73, 73, 73); font-family: 宋体, Arial, Helvetica, sans-serif; font-size: 14px; line-height: 22px; orphans: 2; text-align: -webkit-auto; white-space: normal; widows: 2; background-color: rgb(255, 255, 255);"><span style="color: rgb(0, 0, 255); "><strong>&nbsp;&nbsp;&nbsp;&nbsp;三：商业代言，疯狂吸金</strong></span></p><p style="; ; ; color: rgb(73, 73, 73); font-family: 宋体, Arial, Helvetica, sans-serif; font-size: 14px; line-height: 22px; orphans: 2; text-align: -webkit-auto; white-space: normal; widows: 2; background-color: rgb(255, 255, 255);"><span style="color: rgb(0, 0, 255); "><strong>&nbsp;&nbsp;&nbsp;&nbsp;为企业产品代言做广告，是明星们最挣钱的路子之一，不但高昂的代言费轻松到账，并且是保持活跃在公众视线中的不二法门。有圈内人爆料，已有厂商向李咏伸出了橄榄枝，但至于商业合作能否达成，就看向来奔放活泼的咏哥能不能耐得住消失在公众视野中的寂寞。</strong></span></p><p style="; ; ; color: rgb(73, 73, 73); font-family: 宋体, Arial, Helvetica, sans-serif; font-size: 14px; line-height: 22px; orphans: 2; text-align: -webkit-auto; white-space: normal; widows: 2; background-color: rgb(255, 255, 255);"><span style="color: rgb(0, 0, 255); "><strong>&nbsp;&nbsp;&nbsp; 长春国贸猜测，李咏的日子过得如此奢华惬意，是否已经走上了商业化道路，这次全家奢华出游是否是商业合作成功后的一次犒劳呢？</strong></span></p><p><br/></p>', '2013-07-09 06:34:04', 0, 0, 0, 0, 1, 19, 'one', 1, 1, 1, '', 0, 0),
(38, 26, 26, 36, '泥石流冲断都汶高速 数百人被困隧道内', '', '', '', '资料图海外网综合&nbsp;据央视新闻报道，7月10日凌晨，连接都江堰到汶川的都汶高速，由于泥石流和山体塌方中断，造成数百人被困桃关隧道内，早上10点后已完全失去联系！目前救援仍在进行之中，希望他们平安！', '<p style="; ; ; line-height: 30px; font-family: SimSun; font-size: 14px; orphans: 2; white-space: normal; widows: 2; text-indent: 2em; text-align: center;"><a href="http://china.haiwainet.cn/n/2013/0710/c345646-19047963-2.html" style="margin-top: 0px; margin-right: 0px; margin-bottom: 0px; margin-left: 0px; padding-top: 0px; padding-right: 0px; padding-bottom: 0px; padding-left: 0px; text-decoration: none; "><img alt="" desc="资料图" src="http://china.haiwainet.cn/NMediaFile/2013/0710/LOCAL201307101936000359409593631.jpg" style="margin-top: 0px; margin-right: 0px; margin-bottom: 0px; margin-left: 0px; padding-top: 0px; padding-right: 0px; padding-bottom: 10px; padding-left: 0px; border-top-width: 0px; border-right-width: 0px; border-bottom-width: 0px; border-left-width: 0px; border-style: initial; border-color: initial; border-image: initial; width: 550px; height: 367px; "/></a></p><p class="desc" style="; ; ; line-height: 30px; font-family: SimSun; font-size: 14px; orphans: 2; white-space: normal; widows: 2; text-align: center;">资料图</p><p style="; ; ; line-height: 30px; font-family: SimSun; font-size: 14px; orphans: 2; text-align: -webkit-auto; white-space: normal; widows: 2; text-indent: 2em;"><strong><span style="color:RoyalBlue"><span style="color:RoyalBlue"><a href="http://www.haiwainet.cn/" style="margin-top: 0px; margin-right: 0px; margin-bottom: 0px; margin-left: 0px; padding-top: 0px; padding-right: 0px; padding-bottom: 0px; padding-left: 0px; text-decoration: none; "><span style="color:RoyalBlue">海外网</span></a></span></span>综合</strong>&nbsp;据<a href="http://ent.haiwainet.cn/n/2012/1214/c345668-17862606.html" style="margin-top: 0px; margin-right: 0px; margin-bottom: 0px; margin-left: 0px; padding-top: 0px; padding-right: 0px; padding-bottom: 0px; padding-left: 0px; text-decoration: none; "><span style="color:RoyalBlue">央视</span></a>新闻报道，7月10日凌晨，连接都江堰到汶川的都汶高速，由于泥石流和山体塌方中断，造成数百人被困桃关隧道内，早上10点后已完全失去联系！目前救援仍在进行之中，希望他们平安！</p><p><br/></p>', '2013-07-10 12:50:39', 0, 0, 0, 0, 1, 30, 'aab', 1, 1, 1, '', 0, 0),
(39, 26, 26, 36, '时言平：垮塌的大桥是否缺少责任的支撑', '', '', '', '7月8日晚起，四川遭受暴雨袭击。岷江、沱江、涪江出现超警戒、超保证水位，暴雨造成3座大桥垮塌。其中，江油青莲镇盘江大桥被冲垮，200米长桥上过往的车辆和行人瞬间落入滚滚江水中，当地正在组织救援，已确认3人获救6人失踪。汹涌洪水中的大桥垮塌，主要的原因恐怕是要归结于无情天灾下的不可抗力。但即便是这样，还是要打捞打捞怒涛中是否有人为的责任。这样的质询并非刁难，而是相信：有责任支撑的大桥，会更加的坚固牢', '<p style="; ; ; line-height: 30px; font-family: SimSun; font-size: 14px; orphans: 2; text-align: -webkit-auto; white-space: normal; widows: 2; text-indent: 2em;">7月8日晚起，四川遭受暴雨袭击。岷江、沱江、涪江出现超警戒、超保证水位，暴雨造成3座大桥垮塌。其中，江油青莲镇盘江大桥被冲垮，200米长桥上过往的车辆和行人瞬间落入滚滚江水中，当地正在组织救援，已确认3人获救6人失踪。</p><p style="; ; ; line-height: 30px; font-family: SimSun; font-size: 14px; orphans: 2; text-align: -webkit-auto; white-space: normal; widows: 2; text-indent: 2em;">汹涌洪水中的大桥垮塌，主要的原因恐怕是要归结于无情天灾下的不可抗力。但即便是这样，还是要打捞打捞怒涛中是否有人为的责任。<strong>这样的质询并非刁难，而是相信：有责任支撑的大桥，会更加的坚固牢靠。</strong></p><p style="; ; ; line-height: 30px; font-family: SimSun; font-size: 14px; orphans: 2; text-align: -webkit-auto; white-space: normal; widows: 2; text-indent: 2em;">就拿江油垮塌的盘江大桥来说，修建于60年代的老桥曾遭遇5·12地震的损伤，在今年6月中旬刚完成加固。面对“一修就垮”的舆论质疑，绵阳交通运输局回应称：当时经过检测，加固后的盘江大桥具备了安全通行的条件。尽管如此，但在加固维修时，是否考虑到大桥承受暴雨等自然灾害的能力？有没有评估过，暴雨情况下是否还具备安全通行的条件？</p><p style="; ; ; line-height: 30px; font-family: SimSun; font-size: 14px; orphans: 2; text-align: -webkit-auto; white-space: normal; widows: 2; text-indent: 2em;">如果心里有杆秤，那么在暴雨红色预警发出后，交通部门完全能够及时封闭大桥，避免灾难发生。至于事后称“设置了限行标志，严禁超高、超重车辆通行”，但更多的时候，这只是种提示，缺乏有效管理。洪水灾害是有天气预警的，如果能够及时评估险情，灾难或许可以避免。</p><p style="; ; ; line-height: 30px; font-family: SimSun; font-size: 14px; orphans: 2; text-align: -webkit-auto; white-space: normal; widows: 2; text-indent: 2em;">说到垮桥，人们总是容易怀疑桥梁的质量问题。有媒体曾经统计过，5年来，全国共有37座桥梁垮塌，其中13座在建桥梁发生事故。而这些垮塌事故的回应中，几乎都回避质量问题。江油这次垮桥事件，有人指出“才用了一星期，桥就垮了”，也将质疑的矛头指向了大桥质量。</p><p style="; ; ; line-height: 30px; font-family: SimSun; font-size: 14px; orphans: 2; text-align: -webkit-auto; white-space: normal; widows: 2; text-indent: 2em;">对大桥质量问题的质疑，或许会令当地政府感到“委屈”，然而，这反映了地方政府公信力的不足。或许我们应该相信，大桥被冲垮暴雨是主要原因。<strong>那么是不是大桥没有质量问题而垮塌，就意味着相关职能部门没有责任了呢？当然不是。</strong>工程质量只是责任的一种。如果说，大桥修复后的安全指标原本无法承受这次洪水而被冲垮，那么相关部门是否为此做出评估、预警和特殊情况下的有效管理？如果没有，那也是责任缺失的表现。</p><p style="; ; ; line-height: 30px; font-family: SimSun; font-size: 14px; orphans: 2; text-align: -webkit-auto; white-space: normal; widows: 2; text-indent: 2em;"><strong>“天灾”和“不可抗力”，并不是政府职能机构免于问责的充分理由。</strong>在“天灾”和“不可抗力”面前，是否充分把握和利用了减少损失和伤害的机会，也是一种责任的表现。</p><p style="; ; ; line-height: 30px; font-family: SimSun; font-size: 14px; orphans: 2; text-align: -webkit-auto; white-space: normal; widows: 2; text-indent: 2em;">桥梁等民生设施上面，多一份责任的支撑，民众的生命财产安全就多一份保障。全国多地正遭遇强降雨，去年北京7.21特大暴雨带来的惨痛伤亡尚令人记忆犹新，如今四川塌桥事件又再度敲响了防灾减灾的警钟。<strong>殷鉴当前，各地政府是否能够主动担负肩上重责，撑起一座座生命之桥、信任之桥？</strong></p><p style="; ; ; line-height: 30px; font-family: SimSun; font-size: 14px; orphans: 2; text-align: -webkit-auto; white-space: normal; widows: 2; text-indent: 2em;">（时言平，<a href="http://www.haiwainet.cn/" style="margin-top: 0px; margin-right: 0px; margin-bottom: 0px; margin-left: 0px; padding-top: 0px; padding-right: 0px; padding-bottom: 0px; padding-left: 0px; text-decoration: none; "><span style="color:RoyalBlue">海外网</span></a>特约评论员）</p><p><br/></p>', '2013-07-10 12:51:18', 1, 0, 0, 0, 1, 30, 'aab', 1, 1, 1, '', 0, 0),
(40, 6, 6, 34, '高峰：中国为何对韩国海军总长开放最尖端舰艇', '', '', '', '据韩联社7月9日报道，韩国海军9日表示，海军参谋总长崔润喜当天将访问中国，会见中国海军司令员吴胜利，就进一步加强两国军事合作与交流的方案进行商讨。韩国海军方面表示，崔润喜还将会见中国国防部长常万全，就地区安全局势和两国军事领域合作等事宜进行讨论。希望他此次访华之旅可进一步巩固两国军事合作。根据韩方媒体报道，崔润喜此行有意为中韩朝渔业纠纷可能引发的争端做出探索，并要求中国管制中国渔船在朝韩敏感区域的', '<p style="; ; ; line-height: 30px; font-family: SimSun; font-size: 14px; orphans: 2; text-align: -webkit-auto; white-space: normal; widows: 2; text-indent: 2em;">据韩联社7月9日报道，韩国海军9日表示，海军参谋总长崔润喜当天将访问中国，会见中国海军司令员吴胜利，就进一步加强两国军事合作与交流的方案进行商讨。韩国海军方面表示，崔润喜还将会见中国国防部长常万全，就地区安全局势和两国军事领域合作等事宜进行讨论。希望他此次访华之旅可进一步巩固两国军事合作。</p><p style="; ; ; line-height: 30px; font-family: SimSun; font-size: 14px; orphans: 2; text-align: -webkit-auto; white-space: normal; widows: 2; text-indent: 2em;">根据韩方媒体报道，崔润喜此行有意为中韩朝渔业纠纷可能引发的争端做出探索，并要求中国管制中国渔船在朝韩敏感区域的捕捞作业。他表示认为，中国渔船在黄海“北方界线”（NLL）附近海域进行非法捕捞可能会引发朝韩海上冲突。中朝、中韩在该区域的矛盾已久并因朝韩两国多次抓捕中国渔船而引发外交纠纷。在韩国总统朴槿惠高调顺利访华的大背景下，韩国方面可能认为这或许存在解决问题的契机。而以可能引发半岛双方敌对动作为由，也符合朴槿惠访华提出的寻求中国支持一起推进半岛和平互信的理念。</p><p style="; ; ; line-height: 30px; font-family: SimSun; font-size: 14px; orphans: 2; text-align: -webkit-auto; white-space: normal; widows: 2; text-indent: 2em;">其实中国在消息面上已经为崔润喜的此行主张提前作出回应。中国农业部网站8日发布消息称，6月28日，农业部紧急下发通知，暂停今年朝鲜东部海域远洋渔业项目，所有中国渔船不得赴朝鲜东部海域作业。农业部发布的消息称，据了解，朝鲜东部海域高度敏感复杂，一方面朝鲜半岛局势复杂多变，另一方面朝鲜东部海域毗邻俄、日、韩三国海域，我赴朝作业渔船数量较大，如管理不严、组织不善极易引发涉外事件。虽然黄海（朝韩西海）北方界线（NLL）不在上述通知范围内，但足以体现出中国政府保护本国渔民安全利益和维护地区和平稳定的姿态和决心。</p><p style="; ; ; line-height: 30px; font-family: SimSun; font-size: 14px; orphans: 2; text-align: -webkit-auto; white-space: normal; widows: 2; text-indent: 2em;">高峰军事观察认为，崔润喜此次访华最重要的看点是中国给韩国军方前所未有的礼遇。这可能是中国在朴槿惠总统访华后以政治互信推动军事互信发展的姿态体现。韩联社还透露称，在12日前往位于青岛的中国海军北海舰队司令部访问时，中方将向崔润喜公开潜艇和护卫舰等最尖端的舰艇。这也是中国军方首次向韩国公开本国的潜艇。而之前享受过该殊荣的是美军参联会主席马伦2011年访华时参观了一艘中国新式元级潜艇。这次是对美国西太军事体系盟友的首次开放。</p><p style="; ; ; line-height: 30px; font-family: SimSun; font-size: 14px; orphans: 2; text-align: -webkit-auto; white-space: normal; widows: 2; text-indent: 2em;">那么中国如此大方的对韩国海军将领开放参观先进军舰潜艇有何深意呢？高峰军事观察认为，首先是对韩国新任总统朴槿惠访华成果的肯定。在中韩致力于朝鲜半岛和东北亚安全稳定的共同战略前提下，增加对韩国的军事透明度有利于体现中国的诚意和决心。在美国的东北亚军事体系内，中国一直是不分青红皂白无条件支持朝鲜的负面形象。毫无疑问以开放的姿态促进军事互信，有利于消解韩国自韩战以来对中国的军事戒心。</p><p style="; ; ; line-height: 30px; font-family: SimSun; font-size: 14px; orphans: 2; text-align: -webkit-auto; white-space: normal; widows: 2; text-indent: 2em;">其二是加强与韩国军方的高层互访交流增进互信，有利于分化美国主导的美日韩军事同盟。在美国推进重返亚洲战略和日本借机挑起东海<a href="http://tw.haiwainet.cn/n/2013/0122/c345665-18060370.html" style="margin-top: 0px; margin-right: 0px; margin-bottom: 0px; margin-left: 0px; padding-top: 0px; padding-right: 0px; padding-bottom: 0px; padding-left: 0px; text-decoration: none; "><span style="color:RoyalBlue">钓鱼岛</span></a>纠纷导致的中日外交、军事对抗的大环境下，韩国的表现绝对会影响整体格局的发展和美国的方针走向。目前中韩在对日外交上存在很多共同点，包括与日本的岛屿争端、日本右翼政府对历史问题的狂妄亵渎和因此产生的日本重新武装危险趋势。而日本在朝核问题上紧跟美国的强硬路线不但无助于朝核问题的解决，反而会给朝鲜不必要的借口刺激朝鲜变得更激进。上述这些涉日问题都是中韩战略走近的基础。</p><p style="; ; ; line-height: 30px; font-family: SimSun; font-size: 14px; orphans: 2; text-align: -webkit-auto; white-space: normal; widows: 2; text-indent: 2em;">第三点是警告朝鲜。朝鲜在近两年给中国塞的棒槌够多了。虽然战略上中国不会抛弃朝鲜，但是适当的严厉警告是必需的。近期与韩国关系的高调发展，意在警告朝鲜，中国会按照自身的战略需求平衡发展与周边重要邻国关系，而不是一味的忍让被朝鲜的侥幸和冒险主义牵着鼻子走。朝鲜自认是中国的铁血盟友，但是没有享受到参观中国当前最先进海军装备的待遇，听闻此消息后应该是酸意很浓的，但是希望朝鲜能够认真反思自身战略误区所在，并回到客观轨道上来。</p><p style="; ; ; line-height: 30px; font-family: SimSun; font-size: 14px; orphans: 2; text-align: -webkit-auto; white-space: normal; widows: 2; text-indent: 2em;">（注：本文转载自“高峰--凤凰博客”，作者观点不代表本网立场。）</p><p><br/></p>', '2013-07-10 12:52:48', 0, 0, 0, 0, 1, 30, 'aab', 1, 1, 1, '', 0, 0),
(41, 2, 2, 36, '四川桃关隧道被困近2000人正有序转移', '', '', '', '四川日报网记者 松涛 20：11报道：四川日报网记者刚刚从汶川县应急办获悉，都汶高速桃关一号隧洞被困近2000人员已经取得联系，在公安交警的有序组织下，已派出16辆大巴抓紧将滞留人员转移至汶川县城。目前，滞留在都汶路桃关一号隧道的被困人员正抓紧往汶川县城方向转移，首批16辆客车已驶离桃关一号隧道，向县城转移滞留人员。目前正在增加转移车辆。另外，截至目前，救援难点映秀镇孤岛张家坪村被困群众247人，', '<p style="; ; ; line-height: 28px; font-family: 宋体, Arial, sans-serif; orphans: 2; text-align: -webkit-auto; white-space: normal; widows: 2; background-color: rgb(255, 255, 255); text-indent: 2em;"><strong>四川日报网记者 松涛 20：11报道：</strong>四川日报网记者刚刚从汶川县应急办获悉，都汶高速桃关一号隧洞被困近2000人员已经取得联系，在公安交警的有序组织下，已派出16辆大巴抓紧将滞留人员转移至汶川县城。</p><p style="; ; ; line-height: 28px; font-family: 宋体, Arial, sans-serif; orphans: 2; text-align: -webkit-auto; white-space: normal; widows: 2; background-color: rgb(255, 255, 255); text-indent: 2em;">目前，滞留在都汶路桃关一号隧道的被困人员正抓紧往汶川县城方向转移，首批16辆客车已驶离桃关一号隧道，向县城转移滞留人员。目前正在增加转移车辆。</p><p style="; ; ; line-height: 28px; font-family: 宋体, Arial, sans-serif; orphans: 2; text-align: -webkit-auto; white-space: normal; widows: 2; background-color: rgb(255, 255, 255); text-indent: 2em;">另外，截至目前，救援难点映秀镇孤岛张家坪村被困群众247人，已全部安全转移并得到妥善安置。孤岛草坡乡、银杏乡和绵虒镇羊店村救援队伍已进入，救援工作快速推进，其他受灾乡镇救援工作有力有序开展。</p><p><br/></p>', '2013-07-10 12:54:32', 4, 0, 0, 0, 1, 30, 'aab', 1, 1, 1, '', 0, 0),
(42, 3, 3, 35, '广东吴川原公安副局长保护黑恶势力进校园赌球', '', '', '', '中新网湛江7月10日电 (梁盛 宁琪敏)广东湛江市纪检部门10日通报称，原吴川市公安局副局长李建涉嫌“保护”黑恶势力渗入校园操纵赌球，目前已被移送司法机关，案件还在进一步审理中。2008年至2012年，李建任吴川市公安局治安大队长、副局长期间，成立抓赌专业队，在抓赌过程中采取虚报赌资及罚款的方式，截留资金272万多元人民币作帐外开支，并且在收取赌场老板交来的罚款后降格处理涉赌人员、对依法应当移交司', '<p style="; ; ; line-height: 28px; font-family: 宋体, Arial, sans-serif; orphans: 2; text-align: -webkit-auto; white-space: normal; widows: 2; background-color: rgb(255, 255, 255); text-indent: 2em;">中新网湛江7月10日电 (梁盛 宁琪敏)广东湛江市纪检部门10日通报称，原吴川市公安局副局长李建涉嫌“保护”黑恶势力渗入校园操纵赌球，目前已被移送司法机关，案件还在进一步审理中。</p><p style="; ; ; line-height: 28px; font-family: 宋体, Arial, sans-serif; orphans: 2; text-align: -webkit-auto; white-space: normal; widows: 2; background-color: rgb(255, 255, 255); text-indent: 2em;">2008年至2012年，李建任吴川市公安局治安大队长、副局长期间，成立抓赌专业队，在抓赌过程中采取虚报赌资及罚款的方式，截留资金272万多元人民币作帐外开支，并且在收取赌场老板交来的罚款后降格处理涉赌人员、对依法应当移交司法机关处理的案件不移交处理。对上述问题，李建负主要领导责任。2012年8月，吴川市校园赌博案被媒体曝光后，李建指使有关人员订立攻守同盟，销毁截留资金开支的原始单据。2013年2月，李建被移送司法机关。</p><p style="; ; ; line-height: 28px; font-family: 宋体, Arial, sans-serif; orphans: 2; text-align: -webkit-auto; white-space: normal; widows: 2; background-color: rgb(255, 255, 255); text-indent: 2em;">去年6月至7月，吴川警方曾掀起一场声势浩大的打击校园赌博专项行动，涉赌人员纷纷落入法网。当地警方以深挖黑恶势力渗入校园操纵赌球和高利贷等案件为线索，在侦破吴川一中和川西中学校园赌博案等重点案件的基础上，端掉4个校园涉赌团伙，刑拘32名涉案犯罪人员。</p><p style="; ; ; line-height: 28px; font-family: 宋体, Arial, sans-serif; orphans: 2; text-align: -webkit-auto; white-space: normal; widows: 2; background-color: rgb(255, 255, 255); text-indent: 2em;">据其中一名频繁被处理但仍“屡教不改”的涉赌人员交代，他所在的赌场曾不断被当地公安机关捣毁，在收缴了大量赌资后，李建伙同另外两名大队、中队长，将现场的赌资截留下来归自己使用，然后将案件中收缴赌资的数额降到最低。这样一来，极低的赌资就只够得上治安处罚，因此校园赌博案中的大多数赌场和团伙都以同样的方式逃避了制裁。</p><p><br/></p>', '2013-07-10 12:55:05', 1, 0, 0, 0, 1, 30, 'aab', 1, 1, 1, '', 0, 0),
(43, 3, 3, 36, '贵州凤冈客车与货车相撞 已致4人遇难', '', '', '', '中新网贵阳7月10日电 (记者 杨茜)10日18时，贵州凤冈县委宣传部通报，凤冈县内上午9时发生的车祸遇难者名单，此次车祸已致4人凤冈县委宣传部通报称，10日上午9时45分，在贵州凤冈县城下城门天河桥处一辆从务川县黄都开往遵义的客车与一辆货车追尾，造成两车坠桥。当场遇难1人，送往医院抢救途中死亡2人，到医院后经抢救无效死亡1人。事故目前造成4人遇难，重伤4人。经调查，大客车核载30人，实载31人，', '<p style="; ; ; line-height: 28px; font-family: 宋体, Arial, sans-serif; orphans: 2; text-align: -webkit-auto; white-space: normal; widows: 2; background-color: rgb(255, 255, 255); text-indent: 2em;">中新网贵阳7月10日电 (记者 杨茜)10日18时，贵州凤冈县委宣传部通报，凤冈县内上午9时发生的车祸遇难者名单，此次车祸已致4人</p><p style="; ; ; line-height: 28px; font-family: 宋体, Arial, sans-serif; orphans: 2; text-align: -webkit-auto; white-space: normal; widows: 2; background-color: rgb(255, 255, 255); text-indent: 2em;">凤冈县委宣传部通报称，10日上午9时45分，在贵州凤冈县城下城门天河桥处一辆从务川县黄都开往遵义的客车与一辆货车追尾，造成两车坠桥。当场遇难1人，送往医院抢救途中死亡2人，到医院后经抢救无效死亡1人。事故目前造成4人遇难，重伤4人。经调查，大客车核载30人，实载31人，其中有婴儿1人。遇难人员李仕珍、黄华分、钱春林、皮庆武，4人均为务川县黄都镇人，其中年龄最大61岁，最小22岁。</p><p style="; ; ; line-height: 28px; font-family: 宋体, Arial, sans-serif; orphans: 2; text-align: -webkit-auto; white-space: normal; widows: 2; background-color: rgb(255, 255, 255); text-indent: 2em;">目前，凤冈县委、县政府正全力救治受伤人员，事故原因还在调查中。</p><p><br/></p>', '2013-07-10 12:55:22', 0, 0, 0, 0, 1, 30, 'aab', 1, 1, 1, '', 0, 0),
(44, 4, 4, 36, '京广京沪部分动车票今起可打8-8.5折优惠', '', '', '', '【京广京沪部分动车今起打折】#城市运行#暑期即将到来，铁路部门决定从7月10日起至8月31日，京广、京沪高铁部分动车组列车的商务座、特等座和一等座票价按不同时段实行特惠。在预售期1至5天内实行8.5折特惠，在预售期6至20天内实行8折特惠。大家可以登录（www.12306.cn）查询具体优惠车次和时间。', '<p><span style="font-family: 宋体, Arial, sans-serif; line-height: 28px; orphans: 2; text-align: -webkit-auto; text-indent: 32px;  widows: 2; background-color: rgb(255, 255, 255);">【京广京沪部分动车今起打折】#城市运行#暑期即将到来，铁路部门决定从7月10日起至8月31日，京广、京沪高铁部分动车组列车的商务座、特等座和一等座票价按不同时段实行特惠。在预售期1至5天内实行8.5折特惠，在预售期6至20天内实行8折特惠。大家可以登录（www.12306.cn）查询具体优惠车次和时间。</span></p>', '2013-07-10 12:55:38', 0, 0, 0, 0, 1, 30, 'aab', 1, 1, 1, '', 0, 0),
(45, 4, 4, 36, '新闻晚8点：黑帮办报为己代言 富二代少女飚车', '', '', '', '新闻晚8点：黑帮办报为己代言 少女飚车称爹有钱收起新闻晚8点：校长命根惨遭斩 武汉娇女变汉子新闻晚8点：校长命根惨遭斩 武汉娇女变汉子新闻晚8点：铁老大判狱中养老 高龄鸡爪上餐桌【日本最大黑帮山口组办报纸 宣传纲领促团结】惊！日本最大的黑社会组织山口组竟办起了报纸。领导人希望通过舆论阵地宣传组织纲领，以求团结广大成员。谁说纸媒必亡，这不就是新生力量？【杭州市委书记痛骂干部：一些官员是吃货】杭州市委', '<h3 style="margin: 0px; padding: 0px 0px 0px 11px; font-size: 16px; height: 30px; width: 560px; overflow: hidden;"><a target="_blank" href="http://v.qq.com/page/m/l/1/m001240bol1.html" style="outline-style: none; outline-width: initial; outline-color: initial; color: rgb(0, 0, 0); text-decoration: none; ">新闻晚8点：黑帮办报为己代言 少女飚车称爹有钱</a></h3><p><a class="v_close" id="v_colse" style="outline: none; color: rgb(83, 109, 166); position: absolute; right: 10px; top: 4px; border: none; background-image: none; cursor: pointer; font-size: 12px; padding-left: 18px;"><span id="icon_v_close" style="width: 11px; height: 14px; display: inline-block; background-image: url(http://mat1.gtimg.com/news/dc/images/s_gallery_20121102.png); position: absolute; top: 7px; left: 0px; background-position: -66px -498px; background-repeat: no-repeat no-repeat;"></span>收起</a></p><ul style="list-style-type: none;" class=" list-paddingleft-2"><li><p><a target="_blank" href="http://v.qq.com/page/n/7/j/n0012cv4d7j.html" style="outline-style: none; outline-width: initial; outline-color: initial; color: rgb(0, 0, 0); text-decoration: none; "><img src="http://vpic.video.qq.com/123/n0012cv4d7j_160_90_1.jpg" alt="新闻晚8点：校长命根惨遭斩 武汉娇女变汉子" style="border-top-style: none; border-right-style: none; border-bottom-style: none; border-left-style: none; border-width: initial; border-color: initial; border-image: initial; vertical-align: bottom; float: left; margin-right: 12px; width: 112px; height: 63px; "/></a></p><p style="; ; ; font-size: 14px; line-height: 26px;"><a target="_blank" href="http://v.qq.com/page/n/7/j/n0012cv4d7j.html" style="outline-style: none; outline-width: initial; outline-color: initial; color: rgb(255, 255, 255); text-decoration: none; border-bottom-width: initial; border-bottom-style: none; border-bottom-color: initial; ">新闻晚8点：校长命根惨遭斩 武汉娇女变汉子</a></p></li><li><p><a target="_blank" href="http://v.qq.com/page/h/x/f/h0012jab8xf.html" style="outline-style: none; outline-width: initial; outline-color: initial; color: rgb(0, 0, 0); text-decoration: none; "><img src="http://vpic.video.qq.com/123/h0012jab8xf_160_90_1.jpg" alt="新闻晚8点：校长命根惨遭斩 武汉娇女变汉子" style="border-top-style: none; border-right-style: none; border-bottom-style: none; border-left-style: none; border-width: initial; border-color: initial; border-image: initial; vertical-align: bottom; float: left; margin-right: 12px; width: 112px; height: 63px; "/></a></p><p style="; ; ; font-size: 14px; line-height: 26px;"><a target="_blank" href="http://v.qq.com/page/h/x/f/h0012jab8xf.html" style="outline-style: none; outline-width: initial; outline-color: initial; color: rgb(255, 255, 255); text-decoration: none; border-bottom-width: initial; border-bottom-style: none; border-bottom-color: initial; ">新闻晚8点：校长命根惨遭斩 武汉娇女变汉子</a></p></li><li><p><a target="_blank" href="http://v.qq.com/page/e/3/g/e0012eu853g.html" style="outline-style: none; outline-width: initial; outline-color: initial; color: rgb(0, 0, 0); text-decoration: none; "><img src="http://vpic.video.qq.com/123/e0012eu853g_160_90_1.jpg" alt="新闻晚8点：铁老大判狱中养老 高龄鸡爪上餐桌" style="border-top-style: none; border-right-style: none; border-bottom-style: none; border-left-style: none; border-width: initial; border-color: initial; border-image: initial; vertical-align: bottom; float: left; margin-right: 12px; width: 112px; height: 63px; "/></a></p><p style="; ; ; font-size: 14px; line-height: 26px;"><a target="_blank" href="http://v.qq.com/page/e/3/g/e0012eu853g.html" style="outline-style: none; outline-width: initial; outline-color: initial; color: rgb(255, 255, 255); text-decoration: none; border-bottom-width: initial; border-bottom-style: none; border-bottom-color: initial; ">新闻晚8点：铁老大判狱中养老 高龄鸡爪上餐桌</a></p></li></ul><p><a class="moreTvBtn" id="moreTvBtn" style="width: 25px; height: 45px; background-image: url(http://mat1.gtimg.com/news/dc/images/moreTvBtn.png); background-color: rgb(36, 36, 36); position: absolute; top: 245px; right: 0px; z-index: 3; visibility: hidden; outline: none; background-position: 50% -16px; background-repeat: no-repeat no-repeat;"></a></p><p><span id="focusHub" tabindex="-1" style="orphans: 2; text-align: -webkit-auto;  widows: 2; background-color: rgb(255, 255, 255); width: 0px; height: 0px; overflow: hidden; display: block; font-family: Arial; font-size: 0px; line-height: 0;"></span><span id="goRead" tabindex="-1" title="已跳出视频，可按下键继续阅读正文，按上键返回视频区域" style="orphans: 2; text-align: -webkit-auto;  widows: 2; background-color: rgb(255, 255, 255); width: 0px; height: 0px; overflow: hidden; display: block; font-family: Arial; font-size: 0px; line-height: 0;"></span></p><p style="; ; ; line-height: 28px; font-family: 宋体, Arial, sans-serif; orphans: 2; text-align: -webkit-auto; white-space: normal; widows: 2; background-color: rgb(255, 255, 255);"><br/></p><p style="; ; ; line-height: 28px; font-family: 宋体, Arial, sans-serif; orphans: 2; text-align: -webkit-auto; white-space: normal; widows: 2; background-color: rgb(255, 255, 255); text-indent: 2em;"><br/></p><p style="; ; ; line-height: 28px; font-family: 宋体, Arial, sans-serif; orphans: 2; text-align: -webkit-auto; white-space: normal; widows: 2; background-color: rgb(255, 255, 255); text-indent: 2em;"><strong>【日本最大黑帮山口组办报纸 宣传纲领促团结】</strong></p><p style="; ; ; line-height: 28px; font-family: 宋体, Arial, sans-serif; orphans: 2; text-align: -webkit-auto; white-space: normal; widows: 2; background-color: rgb(255, 255, 255); text-indent: 2em;">惊！日本最大的黑社会组织山口组竟办起了报纸。领导人希望通过舆论阵地宣传组织纲领，以求团结广大成员。谁说纸媒必亡，这不就是新生力量？</p><p style="; ; ; line-height: 28px; font-family: 宋体, Arial, sans-serif; orphans: 2; text-align: -webkit-auto; white-space: normal; widows: 2; background-color: rgb(255, 255, 255); text-indent: 2em;"><strong>【杭州市委书记痛骂干部：一些官员是吃货】</strong></p><p style="; ; ; line-height: 28px; font-family: 宋体, Arial, sans-serif; orphans: 2; text-align: -webkit-auto; white-space: normal; widows: 2; background-color: rgb(255, 255, 255); text-indent: 2em;">杭州市委书记黄坤明发飙了，怒批一些干部是吃货。岂止吃货，干部中不乏贪货、淫货、赌货……为官一任造福一方，干部们必须忍得住清淡，耐得住寂寞，否则早晚被请去喝茶。</p><p style="; ; ; line-height: 28px; font-family: 宋体, Arial, sans-serif; orphans: 2; text-align: -webkit-auto; white-space: normal; widows: 2; background-color: rgb(255, 255, 255); text-indent: 2em;"><strong>【外国富二代拼爹遭调侃：来中国定被秒杀】</strong></p><p style="; ; ; line-height: 28px; font-family: 宋体, Arial, sans-serif; orphans: 2; text-align: -webkit-auto; white-space: normal; widows: 2; background-color: rgb(255, 255, 255); text-indent: 2em;">炫富是一件无国界的事情，英国少女醉酒飚车出事故，开口就是我爹很有钱。不过，她若来中国必然会被秒杀。这里可是盛产官富二代的地方。仅看京城四少之一的王烁持枪打人，处罚结果都没有下文。这份霸气，岂是一句“我爹有钱”可比的。</p><p style="; ; ; line-height: 28px; font-family: 宋体, Arial, sans-serif; orphans: 2; text-align: -webkit-auto; white-space: normal; widows: 2; background-color: rgb(255, 255, 255); text-indent: 2em;"><strong>【市民被迫看海 政府治水年年空喊年年涝】</strong></p><p style="; ; ; line-height: 28px; font-family: 宋体, Arial, sans-serif; orphans: 2; text-align: -webkit-auto; white-space: normal; widows: 2; background-color: rgb(255, 255, 255); text-indent: 2em;">全国多地近来连日暴雨，水位猛涨，城市再现看海奇观。各地政府年年治涝年年涝，年年承诺但治不了。看海的百姓们，只能自求多福了。</p><p><br/></p>', '2013-07-10 12:55:57', 5, 0, 0, 0, 1, 30, 'aab', 1, 1, 1, '', 0, 0),
(46, 4, 4, 36, '四川曾传困数百人桃关隧道内经查无人被困', '', '', '', '【桃关隧道内无人被困】汶川映秀镇张家坪、黄家园、老街村遭遇洪灾，近400名村民安置在映秀小学和七一中学，政府已分发了棉被和食物，儿童、老人已安排在学生宿舍。记者从三个官方机构获知，桃关隧道并无人员被困。被困人数最多的张家坪已转移出254人，无人员伤亡。记者 李鑫 崔然 李昶(四川在线-华西都市报)', '<p style="; ; ; line-height: 28px; font-family: 宋体, Arial, sans-serif; orphans: 2; text-align: -webkit-auto; white-space: normal; widows: 2; background-color: rgb(255, 255, 255); text-indent: 2em;">【桃关隧道内无人被困】汶川映秀镇张家坪、黄家园、老街村遭遇洪灾，近400名村民安置在映秀小学和七一中学，政府已分发了棉被和食物，儿童、老人已安排在学生宿舍。记者从三个官方机构获知，桃关隧道并无人员被困。被困人数最多的张家坪已转移出254人，无人员伤亡。记者 李鑫 崔然 李昶</p><p style="; ; ; line-height: 28px; font-family: 宋体, Arial, sans-serif; orphans: 2; text-align: -webkit-auto; white-space: normal; widows: 2; background-color: rgb(255, 255, 255); text-indent: 2em;">(四川在线-华西都市报)</p><p><br/></p>', '2013-07-10 12:56:13', 0, 0, 0, 0, 1, 30, 'aab', 1, 1, 1, '', 0, 0),
(47, 5, 5, 36, '湖北随州工厂爆炸续：目前确认2人死亡7人受伤', '', '', '', '原标题：湖北随州工厂爆炸续：目前确认2人死亡7人受伤中新网武汉7月10日电 据湖北随州市相关部门证实，当地工厂爆炸事故中的1名失踪者已找到。截至目前，已确认2名死亡，7人受伤。7月10日中午12:25分，湖北随州市南郊瓜园社区五组境内一生产袋料香菇消毒液的力强生物科技开发公司发生爆炸。10日下午稍早前，当地官方消息称，爆炸造成1人死亡，1人失踪，6人受伤，伤者已全部送医院救治。事故原因调查随之展开', '<p style="; ; ; line-height: 28px; font-family: 宋体, Arial, sans-serif; orphans: 2; text-align: -webkit-auto; white-space: normal; widows: 2; background-color: rgb(255, 255, 255); text-indent: 2em;">原标题：湖北随州工厂爆炸续：目前确认2人死亡7人受伤</p><p style="; ; ; line-height: 28px; font-family: 宋体, Arial, sans-serif; orphans: 2; text-align: -webkit-auto; white-space: normal; widows: 2; background-color: rgb(255, 255, 255); text-indent: 2em;">中新网武汉7月10日电 据湖北随州市相关部门证实，当地工厂爆炸事故中的1名失踪者已找到。截至目前，已确认2名死亡，7人受伤。</p><p style="; ; ; line-height: 28px; font-family: 宋体, Arial, sans-serif; orphans: 2; text-align: -webkit-auto; white-space: normal; widows: 2; background-color: rgb(255, 255, 255); text-indent: 2em;">7月10日中午12:25分，湖北随州市南郊瓜园社区五组境内一生产袋料香菇消毒液的力强生物科技开发公司发生爆炸。</p><p style="; ; ; line-height: 28px; font-family: 宋体, Arial, sans-serif; orphans: 2; text-align: -webkit-auto; white-space: normal; widows: 2; background-color: rgb(255, 255, 255); text-indent: 2em;">10日下午稍早前，当地官方消息称，爆炸造成1人死亡，1人失踪，6人受伤，伤者已全部送医院救治。事故原因调查随之展开。(完)</p><p><br/></p>', '2013-07-10 12:56:32', 0, 0, 0, 0, 1, 30, 'aab', 1, 1, 1, '', 0, 0);
INSERT INTO `blog_article` (`id`, `channel1_id`, `channel2_id`, `category_id`, `title`, `titlestyle`, `titlepic`, `tags`, `summary`, `content`, `createtime`, `views`, `comments`, `goods`, `bads`, `status`, `user_id`, `username`, `istop`, `isoriginal`, `cancomment`, `password`, `ishome`, `isrecommend`) VALUES
(48, 5, 5, 36, '研究称2011年晋鲁蒙煤电污染致8.35万人早死', '', '', '', '【财新网】（记者 杨秋波）环保组织绿色和平7月10日发布最新调查数据称，2011年煤炭消费量排名全国前三的山东、山西、内蒙古，其燃煤电厂排放的PM2.5污染物，在经过大气运动、扩散、转移、沉淀后，可对全国公众的健康造成巨大损害。当年三省煤电厂污染排放共造成中国大陆地区高达8.35万人过早死亡，同时还引发了近13万例哮喘和超过14万例慢性支气管炎。继京津冀区域燃煤电厂造成公众健康影响损失评估之后，绿', '<p style="; ; ; line-height: 28px; font-family: 宋体, Arial, sans-serif; orphans: 2; white-space: normal; widows: 2; background-color: rgb(255, 255, 255); text-align: center;"><br/></p><p><img alt="2" src="http://img1.gtimg.com/news/pics/hv1/215/9/1369/89021735.jpg" style="border-top-style: none; border-right-style: none; border-bottom-style: none; border-left-style: none; border-width: initial; border-color: initial; border-image: initial; vertical-align: bottom; "/></p><p><br/></p><p style="; ; ; line-height: 28px; font-family: 宋体, Arial, sans-serif; orphans: 2; white-space: normal; widows: 2; background-color: rgb(255, 255, 255); text-align: center;"><br/></p><p><img alt="3" src="http://img1.gtimg.com/news/pics/hv1/213/9/1369/89021733.jpg" style="border-top-style: none; border-right-style: none; border-bottom-style: none; border-left-style: none; border-width: initial; border-color: initial; border-image: initial; vertical-align: bottom; "/></p><p><br/></p><p style="; ; ; line-height: 28px; font-family: 宋体, Arial, sans-serif; orphans: 2; white-space: normal; widows: 2; background-color: rgb(255, 255, 255); text-align: center;"><br/></p><p style="; ; ; line-height: 28px; font-family: 宋体, Arial, sans-serif; orphans: 2; white-space: normal; widows: 2; background-color: rgb(255, 255, 255); text-align: center;"><br/></p><p><img alt="5" src="http://img1.gtimg.com/news/pics/hv1/214/9/1369/89021734.jpg" style="border-top-style: none; border-right-style: none; border-bottom-style: none; border-left-style: none; border-width: initial; border-color: initial; border-image: initial; vertical-align: bottom; "/></p><p><br/></p><p style="; ; ; line-height: 28px; font-family: 宋体, Arial, sans-serif; orphans: 2; text-align: -webkit-auto; white-space: normal; widows: 2; background-color: rgb(255, 255, 255); text-indent: 2em;"><strong>【<span class="infoMblog" style="position: relative; z-index: auto; "><a class="a-tips-Article-QQ" href="http://t.qq.com/caixincn#pref=qqcom.keyword" rel="caixincn" reltitle="财新网" target="_blank" style="outline-style: none; outline-width: initial; outline-color: initial; color: rgb(0, 0, 0); text-decoration: none; border-bottom-width: 1px; border-bottom-style: dotted; border-bottom-color: rgb(83, 109, 166); ">财新网</a></span>】（记者 杨秋波）</strong>环保组织绿色和平7月10日发布最新调查数据称，2011年煤炭消费量排名全国前三的山东、山西、内蒙古，其燃煤电厂排放的PM2.5污染物，在经过大气运动、扩散、转移、沉淀后，可对全国公众的健康造成巨大损害。当年三省煤电厂污染排放共造成中国大陆地区高达8.35万人过早死亡，同时还引发了近13万例哮喘和超过14万例慢性支气管炎。</p><p style="; ; ; line-height: 28px; font-family: 宋体, Arial, sans-serif; orphans: 2; text-align: -webkit-auto; white-space: normal; widows: 2; background-color: rgb(255, 255, 255); text-indent: 2em;">继京津冀区域燃煤电厂造成公众健康影响损失评估之后，绿色和平与美国研究机构GRAY AIR RESOLUTION合作，对山东、山西、内蒙古区域内所有装机超过60万千瓦以上，总计637家燃煤电厂的大气污染物排放数据进行调研和分析，评估这些污染排放物对PM2.5水平的影响。该研究结合世界卫生组织（WHO）全球疾病分担研究采用的健康损失计算模型，进行燃煤电厂污染排放对地区人群健康危害的定量评估分析。</p><p style="; ; ; line-height: 28px; font-family: 宋体, Arial, sans-serif; orphans: 2; text-align: -webkit-auto; white-space: normal; widows: 2; background-color: rgb(255, 255, 255); text-indent: 2em;">研究显示，2011年，山东、山西、内蒙三地燃煤电厂排放的三种主要大气污染物：二氧化硫、氮氧化物和PM10达514万吨 ，几乎相当于2010年所有欧盟国家煤电厂排放总和的两倍。二氧化硫和氮氧化物在大气中经由化学反应生成硫酸盐及硝酸盐微粒，这些微粒也是PM2.5的主要组成部分。特征污染物，如硫酸盐微粒在大气中停留的时间是2到5天，污染物从源头释放开始，可以传播1000 到2000公里或更远，对沉淀区域的公众健康产生巨大危害。</p><p style="; ; ; line-height: 28px; font-family: 宋体, Arial, sans-serif; orphans: 2; text-align: -webkit-auto; white-space: normal; widows: 2; background-color: rgb(255, 255, 255); text-indent: 2em;">2011年，中国三大煤炭消耗省份煤电厂排放出的PM2.5造成的中国大陆地区过早死亡高达8.35万例（其中山东煤电厂导致29800例、山西26200例、内蒙古27500例）， 这一数字相当于2010年美国的煤电厂导致的13200例过早死亡的6.3倍。</p><p style="; ; ; line-height: 28px; font-family: 宋体, Arial, sans-serif; orphans: 2; text-align: -webkit-auto; white-space: normal; widows: 2; background-color: rgb(255, 255, 255); text-indent: 2em;">煤电厂污染排放带来的呼吸系统危害尤为严重。研究显示，山东、山西、内蒙古三地燃煤电厂污染排放共造成慢性支气管炎140500例，哮喘129100例，肺癌导致的过早死亡8300例。</p><p style="; ; ; line-height: 28px; font-family: 宋体, Arial, sans-serif; orphans: 2; text-align: -webkit-auto; white-space: normal; widows: 2; background-color: rgb(255, 255, 255); text-indent: 2em;">三大煤炭消费省份燃煤电厂污染排放也给本地区的居民带来了巨大的健康影响，山东省的煤电厂造成本省7200例过早死亡，山西省的煤电厂造成本省2800例过早死亡，内蒙古的煤电厂造成本省1500例过早死亡。</p><p style="; ; ; line-height: 28px; font-family: 宋体, Arial, sans-serif; orphans: 2; text-align: -webkit-auto; white-space: normal; widows: 2; background-color: rgb(255, 255, 255); text-indent: 2em;">绿色和平气候与能源项目主任黄玮认为，三大省份空气污染问题的主要原因之一正是它们快速增加的煤炭消费，这三个省份煤炭消费量从2006年到2011年共计增长了32.7%。煤炭消费的快速增长逐渐削弱了通过末端治理带来的益处，如果不控制总的煤炭消耗量，空气污染的难题就不可能得到解决。</p><p style="; ; ; line-height: 28px; font-family: 宋体, Arial, sans-serif; orphans: 2; text-align: -webkit-auto; white-space: normal; widows: 2; background-color: rgb(255, 255, 255); text-indent: 2em;">山东、内蒙古、山西三省的煤炭消耗量位列全国前三名，2011年共计消耗了10.7亿吨煤炭（山东38921吨，山西33479吨，内蒙34684吨），占同年全国煤炭消费量的31%，相当于美国2011年全国的煤炭消耗总量。如此高的煤炭消费量背后，山西和内蒙古的GDP能耗也远远高于全国平均水平。山西和内蒙古的单位GDP煤耗水平分别是全国平均水平的2.7倍和3.3倍，这也折射出这两个省份的发展过于依赖煤炭的产业结构。</p><p style="; ; ; line-height: 28px; font-family: 宋体, Arial, sans-serif; orphans: 2; text-align: -webkit-auto; white-space: normal; widows: 2; background-color: rgb(255, 255, 255); text-indent: 2em;">绿色和平气候与能源项目主任黄玮表示，以煤炭消费快速增长为基础的粗放式工业扩张模式，给环境带来了巨大的压力。要想彻底扭转空气恶化的趋势，必须从根本上转变发展方式，用煤炭消费总量削减倒逼产业调整与能源结构调整。山东、山西、内蒙古，应尽快削减煤炭消费量，提出一个明确的、积极进取的PM2.5达标时间表；规划制定过程中应做到信息公开，鼓励公众参与。</p><p style="; ; ; line-height: 28px; font-family: 宋体, Arial, sans-serif; orphans: 2; text-align: -webkit-auto; white-space: normal; widows: 2; background-color: rgb(255, 255, 255); text-indent: 2em;">绿色和平委托美国大气污染模型专家、博士安德鲁·格雷评估中国煤电厂造成的PM2.5污染以及由此引起的健康损失。格雷在大气污染研究方面有30年的经验，曾在美国政府、学术机构的项目部门就职，也做过独立顾问。格雷使用三维非稳态拉格朗日烟团输送模型（CALPUFF）建模系统来评估中国2000多家运营中的煤电厂产生的污染物，以及这些排放物对PM2.5水平的影响。</p><p style="; ; ; line-height: 28px; font-family: 宋体, Arial, sans-serif; orphans: 2; text-align: -webkit-auto; white-space: normal; widows: 2; background-color: rgb(255, 255, 255); text-indent: 2em;">据绿色和平介绍，此项研究使用了为世界卫生组织全球疾病负担（WHO Global Burden of Disease）研究开发的健康风险模型，对PM2.5暴露导致的死亡进行了评估。这是包括中国在内的全球评估PM2.5健康影响的最新、最权威的模型。在其他的健康结局评估上，使用了最适用的流行病学的结果，以及不同疾病的发病率和患病率的官方或学术数据。</p><p><br/></p>', '2013-07-10 12:56:57', 0, 0, 0, 0, 1, 30, 'aab', 1, 1, 1, '', 0, 0),
(49, 6, 6, 36, '广东教育厅长：无证幼儿园不能取缔只能提醒', '', '', '', '9日中午，广东省教育厅上线广东省人民广播电台“民声热线——行风评议面对面”节目，对于行风评议团关注的教育乱收费、假期补课、无证幼儿园等问题，逐一接受了评议和监督。广东没有教育乱收费利益链针对有人提出教育乱收费屡禁不止，而且收费名目花样百出，广东省教育厅厅长罗伟其回应，省教育厅严格要求学校按照规范标准收费，但不排除有学校弄虚作假、巧立名目乱收费。有媒体直指教育乱收费屡禁不止，是因为教育主管部门成为了', '<p style="; ; ; line-height: 28px; font-family: 宋体, Arial, sans-serif; orphans: 2; text-align: -webkit-auto; white-space: normal; widows: 2; background-color: rgb(255, 255, 255); text-indent: 2em;">9日中午，广东省教育厅上线广东省人民广播电台“民声热线——行风评议面对面”节目，对于行风评议团关注的教育乱收费、假期补课、无证幼儿园等问题，逐一接受了评议和监督。</p><p style="; ; ; line-height: 28px; font-family: 宋体, Arial, sans-serif; orphans: 2; text-align: -webkit-auto; white-space: normal; widows: 2; background-color: rgb(255, 255, 255); text-indent: 2em;"><strong>广东没有教育乱收费利益链</strong></p><p style="; ; ; line-height: 28px; font-family: 宋体, Arial, sans-serif; orphans: 2; text-align: -webkit-auto; white-space: normal; widows: 2; background-color: rgb(255, 255, 255); text-indent: 2em;">针对有人提出教育乱收费屡禁不止，而且收费名目花样百出，广东省教育厅厅长罗伟其回应，省教育厅严格要求学校按照规范标准收费，但不排除有学校弄虚作假、巧立名目乱收费。</p><p style="; ; ; line-height: 28px; font-family: 宋体, Arial, sans-serif; orphans: 2; text-align: -webkit-auto; white-space: normal; widows: 2; background-color: rgb(255, 255, 255); text-indent: 2em;">有媒体直指教育乱收费屡禁不止，是因为教育主管部门成为了教育乱收费的事实利益分享者，与学校形成了利益链条。对此罗伟其正面回应：“我可以负责任地说，广东省不存在这样的利益链条。”</p><p style="; ; ; line-height: 28px; font-family: 宋体, Arial, sans-serif; orphans: 2; text-align: -webkit-auto; white-space: normal; widows: 2; background-color: rgb(255, 255, 255); text-indent: 2em;"><strong>三年级以下学生不组织远行</strong></p><p style="; ; ; line-height: 28px; font-family: 宋体, Arial, sans-serif; orphans: 2; text-align: -webkit-auto; white-space: normal; widows: 2; background-color: rgb(255, 255, 255); text-indent: 2em;">针对近日旧金山航班事故中，国内夏令营游学团遇险一事，行风评议员蒋洪峰询问：“暑假夏令营”算不算乱收费？</p><p style="; ; ; line-height: 28px; font-family: 宋体, Arial, sans-serif; orphans: 2; text-align: -webkit-auto; white-space: normal; widows: 2; background-color: rgb(255, 255, 255); text-indent: 2em;">罗伟其指出，学校组织夏令营，一定要遵循自愿原则，“各学校按照自身情况和学生意愿组织，夏令营内容和收费标准一定要清楚地告诉家长和学生。最重要一条要确保学生安全。”罗伟其特别强调，不鼓励夏令营低龄化，特别是小学三年级以下的学生，安全问题没做好，不要组织远行。目前省教育厅已责成各级教育局和学校对夏令营组织工作进行评估，要把安全工作做好。</p><p style="; ; ; line-height: 28px; font-family: 宋体, Arial, sans-serif; orphans: 2; text-align: -webkit-auto; white-space: normal; widows: 2; background-color: rgb(255, 255, 255); text-indent: 2em;"><strong>10名校长因违规补课被免职</strong></p><p style="; ; ; line-height: 28px; font-family: 宋体, Arial, sans-serif; orphans: 2; text-align: -webkit-auto; white-space: normal; widows: 2; background-color: rgb(255, 255, 255); text-indent: 2em;">违规补课也是屡禁不止的教育“顽疾”。罗伟其坦言，补课问题非常复杂，“现阶段‘堵’是主要工作，要先把堵的事情做好，然后再研究怎么疏导。”</p><p style="; ; ; line-height: 28px; font-family: 宋体, Arial, sans-serif; orphans: 2; text-align: -webkit-auto; white-space: normal; widows: 2; background-color: rgb(255, 255, 255); text-indent: 2em;">据悉，由于违规补课，去年广东省共免了10名校长的官职。</p><p style="; ; ; line-height: 28px; font-family: 宋体, Arial, sans-serif; orphans: 2; text-align: -webkit-auto; white-space: normal; widows: 2; background-color: rgb(255, 255, 255); text-indent: 2em;"><strong>无证幼儿园不能简单取缔</strong></p><p style="; ; ; line-height: 28px; font-family: 宋体, Arial, sans-serif; orphans: 2; text-align: -webkit-auto; white-space: normal; widows: 2; background-color: rgb(255, 255, 255); text-indent: 2em;">学前教育，一直也是社会关注的焦点，近期，广州天河珠村有一所在园人数达500人的大型幼儿园被曝光一直在无证办学。</p><p style="; ; ; line-height: 28px; font-family: 宋体, Arial, sans-serif; orphans: 2; text-align: -webkit-auto; white-space: normal; widows: 2; background-color: rgb(255, 255, 255); text-indent: 2em;">针对无证办园的问题，罗伟其表示，三年前广东有5000多家幼儿园是无证的，现在还剩下1200多家。相关部门一直在清理检查，要求他们办证，但是消防、安全方面不满足要求的，肯定不能办证。</p><p style="; ; ; line-height: 28px; font-family: 宋体, Arial, sans-serif; orphans: 2; text-align: -webkit-auto; white-space: normal; widows: 2; background-color: rgb(255, 255, 255); text-indent: 2em;">对于大量的无证幼儿园，不能一刀切的取缔，那样会导致大量儿童失学。罗伟其表示，相关部门的做法是，公布有证幼儿园的名单，名单中没有的就是无证幼儿园，提醒家长在选择幼儿园的时候要注意。</p><p style="; ; ; line-height: 28px; font-family: 宋体, Arial, sans-serif; orphans: 2; text-align: -webkit-auto; white-space: normal; widows: 2; background-color: rgb(255, 255, 255); text-indent: 2em;"><strong>八成高校毕业生已签约</strong></p><p style="; ; ; line-height: 28px; font-family: 宋体, Arial, sans-serif; orphans: 2; text-align: -webkit-auto; white-space: normal; widows: 2; background-color: rgb(255, 255, 255); text-indent: 2em;">今年高校毕业生的就业问题一直也是社会关注的热点，截至7月1日，广东省高校毕业生签约率已达80.97%，其中研究生签约率为84.57%，本科生77.38%，专科生84.26%，与去年同期基本持平。据教育部的统计，广东2013届高校毕业生签约率位居全国前列。(羊城晚报 记者 林世宁</p><p><br/></p>', '2013-07-10 12:57:21', 0, 0, 0, 0, 1, 30, 'aab', 1, 1, 1, '', 0, 0),
(50, 6, 6, 36, '广东惠州警方称知名反贪举报人被砍案已立案', '', '', '', '原标题：警方称“惠阳欧伯”被砍案已立案 将全力侦破人民网北京7月10日电（赵艳红 实习生刘静东）日前有媒体报道称惠州知名网友“惠州欧伯”（真名李建新）7月8日驾车外出遭3男子泼硫酸和刀砍。广东惠州市惠阳区警方10日向人民网证实，已按故意伤害案立案，目前正在全力侦破。据媒体报道，“惠阳欧伯”李建新今年47岁，惠州市惠阳区永湖镇人。“惠阳欧伯”在惠州热门论坛西子论坛共发帖子95个，其中至少8成内容是举', '<p style="; ; ; line-height: 28px; font-family: 宋体, Arial, sans-serif; orphans: 2; text-align: -webkit-auto; white-space: normal; widows: 2; background-color: rgb(255, 255, 255); text-indent: 2em;">原标题：警方称“惠阳欧伯”被砍案已立案 将全力侦破</p><p style="; ; ; line-height: 28px; font-family: 宋体, Arial, sans-serif; orphans: 2; text-align: -webkit-auto; white-space: normal; widows: 2; background-color: rgb(255, 255, 255); text-indent: 2em;">人民网北京7月10日电（赵艳红 实习生刘静东）日前有媒体报道称惠州知名网友“惠州欧伯”（真名李建新）7月8日驾车外出遭3男子泼硫酸和刀砍。广东惠州市惠阳区警方10日向人民网证实，已按故意伤害案立案，目前正在全力侦破。</p><p style="; ; ; line-height: 28px; font-family: 宋体, Arial, sans-serif; orphans: 2; text-align: -webkit-auto; white-space: normal; widows: 2; background-color: rgb(255, 255, 255); text-indent: 2em;">据媒体报道，“惠阳欧伯”李建新今年47岁，惠州市惠阳区永湖镇人。“惠阳欧伯”在惠州热门论坛西子论坛共发帖子95个，其中至少8成内容是举报惠阳各类问题，其中最多的是村官贪腐，举报范围还涉及学校滥收费、水库污染等。在不少网友心目中，“惠阳欧伯”已经是一个职业举报人。</p><p style="; ; ; line-height: 28px; font-family: 宋体, Arial, sans-serif; orphans: 2; text-align: -webkit-auto; white-space: normal; widows: 2; background-color: rgb(255, 255, 255); text-indent: 2em;">“三个凶手下手特别狠，像是职业干这行的。估计是我哥哥经常举报违法现象，得罪了人。” 10日下午，李建新的弟弟在电话中告诉记者，李建新的双手手指被接回，目前暂无生命危险，但是右眼眼球被摘除了。预计经过2-3年物理治疗，右手功能可以恢复七成，左手功能可以恢复五成。</p><p style="; ; ; line-height: 28px; font-family: 宋体, Arial, sans-serif; orphans: 2; text-align: -webkit-auto; white-space: normal; widows: 2; background-color: rgb(255, 255, 255); text-indent: 2em;">李建新此前的手术共花费2万元。后续的治疗费用，还没有估算。“困难会有，但是我们家人尽力自己解决。”李建新的弟弟称。</p><p style="; ; ; line-height: 28px; font-family: 宋体, Arial, sans-serif; orphans: 2; text-align: -webkit-auto; white-space: normal; widows: 2; background-color: rgb(255, 255, 255); text-indent: 2em;">8日上午9时50分许，李建新和妻子李贵琼在惠阳区永湖镇的家中告别，打算带6岁的儿子去惠城淡水玩一天。驾车行至永湖镇乙湖工业区靠近惠澳大道一个路口时，他的车被后方车辆撞了一下。10时许，李贵琼接到一个自称垃圾场女工的电话，“你丈夫叫我给你电话，他被人砍了”。李贵琼和小叔子李建煌等人赶到事发地点看到，李建新倒在车旁的血泊中。其双手手腕附近被砍2刀，2根手指被砍断，右眼周围血肉模糊。李建新当时还能说话，他向弟弟转述，自己被后车撞停后下车查看，3名男子下车，先向他背部泼硫酸，后拿刀砍他，因为儿子在车内，他不敢逃跑。</p><p><br/></p>', '2013-07-10 12:57:38', 0, 0, 0, 0, 1, 30, 'aab', 1, 1, 1, '', 0, 0),
(51, 6, 6, 36, '北京分类清理小产权房 专家称最好清理时机已过', '', '', '', '北京“分类”清小产权房北京拉开了史上最大规模的小产权房整治工作。小产权房已经经历了不止一次的整治，在整治过程中存在的困难也愈发明显。如何协调好各方面的利益，使小产权房整治工作有序进行，考验着管理层的智慧北京市国土局近日公布了第二批“小产权房”名单，加上去年9月公布的第一批79个项目，目前共计85处小产权房被公布。北京市国土局的相关人士表示，部分该追究行政责任的已经移送至纪检监察机关，部分涉嫌犯罪的', '<p style="; ; ; line-height: 28px; font-family: 宋体, Arial, sans-serif; orphans: 2; text-align: -webkit-auto; white-space: normal; widows: 2; background-color: rgb(255, 255, 255); text-indent: 2em;">北京“分类”清小产权房</p><p style="; ; ; line-height: 28px; font-family: 宋体, Arial, sans-serif; orphans: 2; text-align: -webkit-auto; white-space: normal; widows: 2; background-color: rgb(255, 255, 255); text-indent: 2em;">北京拉开了史上最大规模的小产权房整治工作。小产权房已经经历了不止一次的整治，在整治过程中存在的困难也愈发明显。</p><p style="; ; ; line-height: 28px; font-family: 宋体, Arial, sans-serif; orphans: 2; text-align: -webkit-auto; white-space: normal; widows: 2; background-color: rgb(255, 255, 255); text-indent: 2em;">如何协调好各方面的利益，使小产权房整治工作有序进行，考验着管理层的智慧</p><p style="; ; ; line-height: 28px; font-family: 宋体, Arial, sans-serif; orphans: 2; text-align: -webkit-auto; white-space: normal; widows: 2; background-color: rgb(255, 255, 255); text-indent: 2em;">北京市国土局近日公布了第二批“小产权房”名单，加上去年9月公布的第一批79个项目，目前共计85处小产权房被公布。北京市国土局的相关人士表示，部分该追究行政责任的已经移送至纪检监察机关，部分涉嫌犯罪的已经移送至司法机关追究刑事责任。</p><p style="; ; ; line-height: 28px; font-family: 宋体, Arial, sans-serif; orphans: 2; text-align: -webkit-auto; white-space: normal; widows: 2; background-color: rgb(255, 255, 255); text-indent: 2em;">截至目前，已没收建筑物面积240.92万平方米，收缴罚款2408.86万元，拆除建筑物面积2.23万平方米等。</p><p style="; ; ; line-height: 28px; font-family: 宋体, Arial, sans-serif; orphans: 2; text-align: -webkit-auto; white-space: normal; widows: 2; background-color: rgb(255, 255, 255); text-indent: 2em;">从相关报道来看，北京此次清理小产权房的决心、力度似乎都是很大的。不过类似的清理，相关部门以前也曾经做过。“但是大家并没有看到什么很好的效果。甚至小产权房的还在继续疯涨。因此，对此次清理活动的效果，尚有待观察。”房地产法律事务专家吴远保在接受法治周末记者采访时说。</p><p style="; ; ; line-height: 28px; font-family: 宋体, Arial, sans-serif; orphans: 2; text-align: -webkit-auto; white-space: normal; widows: 2; background-color: rgb(255, 255, 255); text-indent: 2em;"><strong>小产权房“豪宅化”</strong></p><p style="; ; ; line-height: 28px; font-family: 宋体, Arial, sans-serif; orphans: 2; text-align: -webkit-auto; white-space: normal; widows: 2; background-color: rgb(255, 255, 255); text-indent: 2em;">北京市房山国土局的一位负责人表示，此次清理堪称史上力度最大。包括房山国土局在内的多个区县，均被要求建立辖区内的小产权房或者疑似小产权房项目建立台账，全面摸清辖区内小产权房的数量和分布。</p><p style="; ; ; line-height: 28px; font-family: 宋体, Arial, sans-serif; orphans: 2; text-align: -webkit-auto; white-space: normal; widows: 2; background-color: rgb(255, 255, 255); text-indent: 2em;">据其透露，北京市高层官员已经内部要求，力争实现新增小产权房项目零增长。</p><p style="; ; ; line-height: 28px; font-family: 宋体, Arial, sans-serif; orphans: 2; text-align: -webkit-auto; white-space: normal; widows: 2; background-color: rgb(255, 255, 255); text-indent: 2em;">在公布的两批名单中，昌平、房山、怀柔最为集中，成为3大重灾区。其中，昌平区33个、房山区23个、怀柔区13个、通州区6个、延庆县4个、大兴区3个、门头沟区2个、密云县1个。</p><p style="; ; ; line-height: 28px; font-family: 宋体, Arial, sans-serif; orphans: 2; text-align: -webkit-auto; white-space: normal; widows: 2; background-color: rgb(255, 255, 255); text-indent: 2em;">“从中可以明显看出小产权房的范围较之从前扩大了。”房地产资深专家、正略咨询合伙人康桄瑀对法治周末记者强调，早在2008年、2009年前后就有了小产权房概念，所谓“小产权房”一般是指在集体土地上未经批准建设，向本集体经济组织以外的单位和个人销售的房屋。因为没有土地证，通常会以不低于市场价40%的价格出售。</p><p style="; ; ; line-height: 28px; font-family: 宋体, Arial, sans-serif; orphans: 2; text-align: -webkit-auto; white-space: normal; widows: 2; background-color: rgb(255, 255, 255); text-indent: 2em;">与现在不同，当时的小产权房集中在北京东部的通州地区。很多是村民集资建房，除用于自住的部分，多出来的出售给非本村的外来人。</p><p style="; ; ; line-height: 28px; font-family: 宋体, Arial, sans-serif; orphans: 2; text-align: -webkit-auto; white-space: normal; widows: 2; background-color: rgb(255, 255, 255); text-indent: 2em;">康桄瑀表示，当时的小产权房大多以六七层、砖混结构为主，建筑技术不算复杂。而近几年，小产权房有愈演愈烈的趋势。不仅仅是通州，大兴等区域的小产权房的数量也在扩张。</p><p style="; ; ; line-height: 28px; font-family: 宋体, Arial, sans-serif; orphans: 2; text-align: -webkit-auto; white-space: normal; widows: 2; background-color: rgb(255, 255, 255); text-indent: 2em;">小产权房最初多出现在集资住宅领域。近年来，小产权房不再是低价房的代名词，逐渐呈现豪宅化趋势。记者统计发现，在小产权房最多的昌平区，半山云居别墅、依山小墅等“小产权别墅”超过10家之多。</p><p style="; ; ; line-height: 28px; font-family: 宋体, Arial, sans-serif; orphans: 2; text-align: -webkit-auto; white-space: normal; widows: 2; background-color: rgb(255, 255, 255); text-indent: 2em;">2012年3月份被曝出来的昌平区郑各庄村违规建设的“水城御墅四合院”，单套起价2000万元，最高售价每套5000万元。国土资源部为此专门责成北京市相关部门查处“天价”小产权房。去年6月21日，北京市国土局挂牌督办郑各庄村委会非法占地建设“水城御墅”案件。</p><p style="; ; ; line-height: 28px; font-family: 宋体, Arial, sans-serif; orphans: 2; text-align: -webkit-auto; white-space: normal; widows: 2; background-color: rgb(255, 255, 255); text-indent: 2em;">该项目在去年进行了初步整改。但在刚刚公布的第二批名单中，“水城御墅”再度登上黑榜。</p><p abs_visibility="true" style="; ; ; line-height: 28px; font-family: 宋体, Arial, sans-serif; orphans: 2; text-align: -webkit-auto; white-space: normal; widows: 2; background-color: rgb(255, 255, 255); text-indent: 2em;"><strong abs_visibility="true">最好的清理时机已错过</strong></p><p style="; ; ; line-height: 28px; font-family: 宋体, Arial, sans-serif; orphans: 2; text-align: -webkit-auto; white-space: normal; widows: 2; background-color: rgb(255, 255, 255); text-indent: 2em;">“楼房在加高，楼房标准也在不断升级，甚至出现了别墅。这就给治理增加了难度。”康桄瑀说，而今，随着别墅小产权房出现，触及到方方面面的利益更加难以协调。高端小产权房价格高，清理时遭遇的难度会更大。比如一处别墅小产权房，要购房者按照周边别墅4至6倍的房价，这样的补缴价格实在是太高了。</p><p style="; ; ; line-height: 28px; font-family: 宋体, Arial, sans-serif; orphans: 2; text-align: -webkit-auto; white-space: normal; widows: 2; background-color: rgb(255, 255, 255); text-indent: 2em;">康桄瑀表示，村民把自家宅基地拿出来建房，自住的同时出售，这样的情况相对好处理。但集体用地建小产权房就比较复杂了。一方面，可能涉及到土地被变性处理之后建房。原本的耕地、工业用地用于建房，很多项目规模都比较大。</p><p style="; ; ; line-height: 28px; font-family: 宋体, Arial, sans-serif; orphans: 2; text-align: -webkit-auto; white-space: normal; widows: 2; background-color: rgb(255, 255, 255); text-indent: 2em;">北京市国土资源局耕地保护处处长关爱军曾表示，农村集体土地未经批准不能进行非农建设。农业附属用房属于设施农业项目用地，按国土资源部和农业部联合下发的文件，耕地上的附属设施用地规模控制在3%至7%以内。</p><p style="; ; ; line-height: 28px; font-family: 宋体, Arial, sans-serif; orphans: 2; text-align: -webkit-auto; white-space: normal; widows: 2; background-color: rgb(255, 255, 255); text-indent: 2em;">“租一个500平方米的蔬菜大棚，顶多就能盖一个小开间。”关爱军提醒，此种向市民出租、出售的建筑，部分属于变相的小产权房项目，也不能买。</p><p abs_visibility="true" style="; ; ; line-height: 28px; font-family: 宋体, Arial, sans-serif; orphans: 2; text-align: -webkit-auto; white-space: normal; widows: 2; background-color: rgb(255, 255, 255); text-indent: 2em;">“事实上，最好的清理小产权房的时机已经被错过。”康桄瑀认为，最佳时间点应该是在2009年，第二次房地产高潮来临之前。此时小产权房从分布区域、层级、级别、属性上都没有现在复杂。关键的问题是房价、地价与现在相比处于低点，以收取土地出让金等形式就可以解决部分问题。</p><p style="; ; ; line-height: 28px; font-family: 宋体, Arial, sans-serif; orphans: 2; text-align: -webkit-auto; white-space: normal; widows: 2; background-color: rgb(255, 255, 255); text-indent: 2em;"><strong>寻求利益平衡</strong></p><p style="; ; ; line-height: 28px; font-family: 宋体, Arial, sans-serif; orphans: 2; text-align: -webkit-auto; white-space: normal; widows: 2; background-color: rgb(255, 255, 255); text-indent: 2em;">事实上，小产权房的形成原因错综复杂。包括国有土地上的房屋昂贵、购买资格的限制等。“政府相关部门在清理过程中，除了依法办事，还更应切实考虑小产权各方当事人的利益。否则，对社会的稳定、和谐均会造成消极影响。”吴远保强调。</p><p style="; ; ; line-height: 28px; font-family: 宋体, Arial, sans-serif; orphans: 2; text-align: -webkit-auto; white-space: normal; widows: 2; background-color: rgb(255, 255, 255); text-indent: 2em;">康桄瑀表示，处理小产权房首先是要进行分类，不能一刀切。从土地属性上，村民自建的宅基地违建与由村委会、乡政府等参与运作的土地变性违建要区分；再者，清理时要处理好各方利益主体的关系，防止激化矛盾。</p><p style="; ; ; line-height: 28px; font-family: 宋体, Arial, sans-serif; orphans: 2; text-align: -webkit-auto; white-space: normal; widows: 2; background-color: rgb(255, 255, 255); text-indent: 2em;">对于购买了小产权房的城里人，此种买卖行为可能被判为无效，而由此导致购买的小产权房被拆除、支付的购房款又难以要回的两难境地。“虽然从法律上看，购买人应当为自己的决策承担法律责任，但从社会公正的角度来看，相关部门还是应当认真对待清理活动将产生的后果，提前作出相关的规定、制定出方案。”吴远保说。</p><p style="; ; ; line-height: 28px; font-family: 宋体, Arial, sans-serif; orphans: 2; text-align: -webkit-auto; white-space: normal; widows: 2; background-color: rgb(255, 255, 255); text-indent: 2em;">此外，北京市国土局副局长李军要求，各区县要通过停工、停售、拆除售楼处、查封施工机械，遣散施工队伍、查封已建未售的房屋、处理相关责任人等处理在建、在售的小产权房项目。</p><p style="; ; ; line-height: 28px; font-family: 宋体, Arial, sans-serif; orphans: 2; text-align: -webkit-auto; white-space: normal; widows: 2; background-color: rgb(255, 255, 255); text-indent: 2em;">北京市国土局相关人士亦透露，在小产权房的专项整治中，也拆除了一批存在重大安全隐患、非法占用基本农田、耕地或者林地、一级水源保护区等小产权房项目。</p><p style="; ; ; line-height: 28px; font-family: 宋体, Arial, sans-serif; orphans: 2; text-align: -webkit-auto; white-space: normal; widows: 2; background-color: rgb(255, 255, 255); text-indent: 2em;">根据要求，7月底前，全市存在重大安全隐患的存量违法建设要全部拆除；年底前，全市上账的50%存量违建要拆除；到明年一季度要拆除80%；明年7月底前，上账的存量违法建设要100%拆除。</p><p style="; ; ; line-height: 28px; font-family: 宋体, Arial, sans-serif; orphans: 2; text-align: -webkit-auto; white-space: normal; widows: 2; background-color: rgb(255, 255, 255); text-indent: 2em;">值得一提的是，除了要求新建的小产权房零增长之外，有关已售已建的小产权房处理办法亦在研究制定之中。</p><p style="; ; ; line-height: 28px; font-family: 宋体, Arial, sans-serif; orphans: 2; text-align: -webkit-auto; white-space: normal; widows: 2; background-color: rgb(255, 255, 255); text-indent: 2em;">北京市国土局的相关负责人表示，已经选取相关试点地区，将遵循“依法依规”、“尊重历史”和“分类处理”等几大原则。</p><p style="; ; ; line-height: 28px; font-family: 宋体, Arial, sans-serif; orphans: 2; text-align: -webkit-auto; white-space: normal; widows: 2; background-color: rgb(255, 255, 255); text-indent: 2em;">针对“分类处理”，上述相关负责人表示，所谓“分类”，并非是说，交钱可转正，只是说小产权房的建筑形式、占地情况不同，例如有些为独栋，有些是高层；有些占用的是耕地，有些占用的是集体建设用地等</p><p><br/></p>', '2013-07-10 12:57:59', 0, 0, 0, 0, 1, 30, 'aab', 1, 1, 1, '', 0, 0);
INSERT INTO `blog_article` (`id`, `channel1_id`, `channel2_id`, `category_id`, `title`, `titlestyle`, `titlepic`, `tags`, `summary`, `content`, `createtime`, `views`, `comments`, `goods`, `bads`, `status`, `user_id`, `username`, `istop`, `isoriginal`, `cancomment`, `password`, `ishome`, `isrecommend`) VALUES
(52, 7, 7, 36, '河北赝品博物馆成科普基地 每年三四千学生参观', '', '', '', '冀宝斋展出的炎帝制造的青花瓷博物馆内区分公母的12生肖，标注的年代为元朝据央视网最新消息：河北冀州市10日下午通报称，由冀州市文广新局会同相关部门已成立联合调查组，对媒体关注的问题和质疑展开调查。在此期间，冀宝斋博物馆闭馆进行整顿，摘除科普教育基地、爱国主义教育基地等所有授予的牌子，对存在的问题进行纠正、整改。新华网石家庄7月10日电（记者白林骆学峰）近日，作家马伯庸一篇题为《少年Ma的奇幻历史漂', '<p style="; ; ; line-height: 28px; font-family: 宋体, Arial, sans-serif; orphans: 2; white-space: normal; widows: 2; background-color: rgb(255, 255, 255); text-align: center;"><br/></p><p><img alt="河北赝品博物馆成科普基地 每年三四千学生参观" width="450" height="599" src="http://img1.gtimg.com/news/pics/hv1/191/14/1369/89022986.jpg" _fcksavedurl="http://img1.gtimg.com/news/pics/hv1/191/14/1369/89022986.jpg" style="border-top-style: none; border-right-style: none; border-bottom-style: none; border-left-style: none; border-width: initial; border-color: initial; border-image: initial; vertical-align: bottom; "/></p><p><br/></p><p style="; ; ; line-height: 28px; font-family: 宋体, Arial, sans-serif; orphans: 2; white-space: normal; widows: 2; background-color: rgb(255, 255, 255); text-align: center;"><span style="font-size: 12px; ">冀宝斋展出的炎帝制造的青花瓷</span></p><p style="; ; ; line-height: 28px; font-family: 宋体, Arial, sans-serif; orphans: 2; white-space: normal; widows: 2; background-color: rgb(255, 255, 255); text-align: center;"><span style="font-size: 12px; "></span></p><p><img alt="河北赝品博物馆成科普基地 每年三四千学生参观" src="http://img1.gtimg.com/news/pics/hv1/205/14/1369/89023000.jpg" style="border-top-style: none; border-right-style: none; border-bottom-style: none; border-left-style: none; border-width: initial; border-color: initial; border-image: initial; vertical-align: bottom; "/></p><p><br/></p><p style="; ; ; line-height: 28px; font-family: 宋体, Arial, sans-serif; orphans: 2; white-space: normal; widows: 2; background-color: rgb(255, 255, 255); text-align: center;"><span style="font-size: 12px; ">博物馆内区分公母的12生肖，标注的年代为元朝</span></p><p style="; ; ; line-height: 28px; font-family: 宋体, Arial, sans-serif; orphans: 2; text-align: -webkit-auto; white-space: normal; widows: 2; background-color: rgb(255, 255, 255); text-indent: 2em;">据央视网最新消息：河北冀州市10日下午通报称，由冀州市文广新局会同相关部门已成立联合调查组，对媒体关注的问题和质疑展开调查。在此期间，冀宝斋博物馆闭馆进行整顿，摘除科普教育基地、爱国主义教育基地等所有授予的牌子，对存在的问题进行纠正、整改。</p><p style="; ; ; line-height: 28px; font-family: 宋体, Arial, sans-serif; orphans: 2; text-align: -webkit-auto; white-space: normal; widows: 2; background-color: rgb(255, 255, 255); text-indent: 2em;">新华网石家庄7月10日电（记者白林骆学峰）近日，作家马伯庸一篇题为《少年Ma的奇幻历史漂流之旅》的博文，让河北冀宝斋博物馆成为社会关注的热点，博物馆中年代穿越、造型奇异的藏品，让人们连连惊奇，并直称“毁三观”。</p><p style="; ; ; line-height: 28px; font-family: 宋体, Arial, sans-serif; orphans: 2; text-align: -webkit-auto; white-space: normal; widows: 2; background-color: rgb(255, 255, 255); text-indent: 2em;">该馆展品到底是真是假？博物馆的开办是否符合规定？“河北省省级科普基地”“衡水爱国主义教育基地”等称号如何获得？</p><p style="; ; ; line-height: 28px; font-family: 宋体, Arial, sans-serif; orphans: 2; text-align: -webkit-auto; white-space: normal; widows: 2; background-color: rgb(255, 255, 255); text-indent: 2em;"><strong>古陶瓷鉴定专家：我所鉴定的东西都是现代新仿品</strong></p><p style="; ; ; line-height: 28px; font-family: 宋体, Arial, sans-serif; orphans: 2; text-align: -webkit-auto; white-space: normal; widows: 2; background-color: rgb(255, 255, 255); text-indent: 2em;">冀宝斋博物馆位于河北省冀州市（县级市），衡水湖畔南岸，由冀州市二铺村兴建，属村集体所有，2010年7月正式开馆。自1970年至今担任该村村支书的王宗泉任该馆馆长。</p><p style="; ; ; line-height: 28px; font-family: 宋体, Arial, sans-serif; orphans: 2; text-align: -webkit-auto; white-space: normal; widows: 2; background-color: rgb(255, 255, 255); text-indent: 2em;">据该馆总顾问魏英俊介绍，这个博物馆有瓷器、青铜器、金银器、玉器等4万多件藏品，是王宗泉近30年逐渐买来收藏的。魏英俊称：该馆有几十件“元青花”，其数量之多、档次之高，全国闻名。</p><p style="; ; ; line-height: 28px; font-family: 宋体, Arial, sans-serif; orphans: 2; text-align: -webkit-auto; white-space: normal; widows: 2; background-color: rgb(255, 255, 255); text-indent: 2em;">记者采访了河北省文物鉴定中心研究员、古陶瓷鉴定专家穆青。他说：“这个博物馆正式开馆前，我和另外一个专家去鉴定过一次，在馆长王宗泉的办公室和库房放的东西没有真的，都是现代新仿品。”穆青表示，他所看到的冀宝斋的藏品市面上有的是，要多少有多少。</p><p style="; ; ; line-height: 28px; font-family: 宋体, Arial, sans-serif; orphans: 2; text-align: -webkit-auto; white-space: normal; widows: 2; background-color: rgb(255, 255, 255); text-indent: 2em;">河北省文物局局长张立方说：“我们看过展品，东西肯定都不对，那些元青花没有真的。冀宝斋博物馆自称的元青花的数量比全世界的总量还多。他们说，你们官方不认，我们自己认。”</p><p style="; ; ; line-height: 28px; font-family: 宋体, Arial, sans-serif; orphans: 2; text-align: -webkit-auto; white-space: normal; widows: 2; background-color: rgb(255, 255, 255); text-indent: 2em;">接受新华社记者采访时，魏英俊承认有些展品他们也无法确定真假。</p><p style="; ; ; line-height: 28px; font-family: 宋体, Arial, sans-serif; orphans: 2; text-align: -webkit-auto; white-space: normal; widows: 2; background-color: rgb(255, 255, 255); text-indent: 2em;">据知情人士透露，他们现在还在收东西，有人给他们送。魏英俊说，现在已有收购网络，很多人都是慕名而来的。</p><p style="; ; ; line-height: 28px; font-family: 宋体, Arial, sans-serif; orphans: 2; text-align: -webkit-auto; white-space: normal; widows: 2; background-color: rgb(255, 255, 255); text-indent: 2em;"><strong>官方：这个博物馆在河北省文物局就没注册</strong></p><p style="; ; ; line-height: 28px; font-family: 宋体, Arial, sans-serif; orphans: 2; text-align: -webkit-auto; white-space: normal; widows: 2; background-color: rgb(255, 255, 255); text-indent: 2em;">“冀宝斋博物馆没有在河北省文物局注册，没有走过手续，不是正式注册的博物馆，他们自己弄个牌子就招呼起来了。”张立方说：“民间博物馆正常应在河北省文物局做展品的登记，说明文物合法来源等。”</p><p style="; ; ; line-height: 28px; font-family: 宋体, Arial, sans-serif; orphans: 2; text-align: -webkit-auto; white-space: normal; widows: 2; background-color: rgb(255, 255, 255); text-indent: 2em;">“现在是他们自己在弄，他们自己在造势，自己在编故事呢。”张立方说。</p><p style="; ; ; line-height: 28px; font-family: 宋体, Arial, sans-serif; orphans: 2; text-align: -webkit-auto; white-space: normal; widows: 2; background-color: rgb(255, 255, 255); text-indent: 2em;">记者在冀宝斋博物馆办公室看到了由冀州市民政局2011年8月25日为其颁发的《民办非企业单位登记证书》，法定代表人是王宗泉，业务主管单位是冀州市文化广电新闻出版局。</p><p style="; ; ; line-height: 28px; font-family: 宋体, Arial, sans-serif; orphans: 2; text-align: -webkit-auto; white-space: normal; widows: 2; background-color: rgb(255, 255, 255); text-indent: 2em;">记者随即采访冀州市文化广电新闻出版局局长张庆振，他说：“批这个博物馆，县里没有这个权力，应该是省级批的这个博物馆，但我现在也不知道是不是有省里批的博物馆的文。”</p><p style="; ; ; line-height: 28px; font-family: 宋体, Arial, sans-serif; orphans: 2; text-align: -webkit-auto; white-space: normal; widows: 2; background-color: rgb(255, 255, 255); text-indent: 2em;">冀州市民政局副局长张国栋表示，他们就是根据《民办非企业单位登记管理暂行条例》给予冀宝斋博物馆登记注册。因为业务主管部门冀州市文广新局审查同意，要求在民政局注册，他们对照条例都符合条件就通过了。</p><p style="; ; ; line-height: 28px; font-family: 宋体, Arial, sans-serif; orphans: 2; text-align: -webkit-auto; white-space: normal; widows: 2; background-color: rgb(255, 255, 255); text-indent: 2em;">然而，张庆振说，冀宝斋博物馆建设的时候就没经过冀州市文化部门，没有冀州市文化部门的手续。2007年建成以后，他们要文广局按照在民政局登记注册的要求为其提供补办手续。</p><p style="; ; ; line-height: 28px; font-family: 宋体, Arial, sans-serif; orphans: 2; text-align: -webkit-auto; white-space: normal; widows: 2; background-color: rgb(255, 255, 255); text-indent: 2em;">据了解，2010年国家文物局等多部委联合印发的《关于促进民办博物馆发展的意见》指出，文物、民政行政部门制订民办博物馆登记管理办法，细化民办博物馆准入标准，完善审批程序，健全民办博物馆准入制度。对符合设立条件的民办博物馆，要按照《民办非企业单位登记管理暂行条例》和《博物馆管理办法》等有关规定，及时审核和给予登记注册。</p><p abs_visibility="true" style="; ; ; line-height: 28px; font-family: 宋体, Arial, sans-serif; orphans: 2; text-align: -webkit-auto; white-space: normal; widows: 2; background-color: rgb(255, 255, 255); text-indent: 2em;">张庆振说：“《关于促进民办博物馆发展的意见》没有细化民办博物馆准入标准和审批程序，而且冀州市文广新局2011年新组建成立，当时机构也不健全，不知道民办博物馆有哪些具体的条件，所以为其补办手续时就只是做了一个初审，即有场地，有藏品。”</p><p style="; ; ; line-height: 28px; font-family: 宋体, Arial, sans-serif; orphans: 2; text-align: -webkit-auto; white-space: normal; widows: 2; background-color: rgb(255, 255, 255); text-indent: 2em;"><strong>装满假文物的博物馆如何成地方文化名片？</strong></p><p style="; ; ; line-height: 28px; font-family: 宋体, Arial, sans-serif; orphans: 2; text-align: -webkit-auto; white-space: normal; widows: 2; background-color: rgb(255, 255, 255); text-indent: 2em;">在冀宝斋博物馆大门上，记者看到，赫然挂着河北省省级科普基地、河北省少先队实践教育基地、衡水市爱国主义教育基地、国家级3A旅游景区等牌子。地方官员也表示，该博物馆是一张地方文化名片。</p><p style="; ; ; line-height: 28px; font-family: 宋体, Arial, sans-serif; orphans: 2; text-align: -webkit-auto; white-space: normal; widows: 2; background-color: rgb(255, 255, 255); text-indent: 2em;">魏英俊说：“我们弘扬民族文化，传承人类文明，是该博物馆获此殊荣的原因，近一年内有三四千学生前来参观，接受教育。”</p><p style="; ; ; line-height: 28px; font-family: 宋体, Arial, sans-serif; orphans: 2; text-align: -webkit-auto; white-space: normal; widows: 2; background-color: rgb(255, 255, 255); text-indent: 2em;">那么这些牌子是否是真实的？记者10日分别致电河北省科技厅、共青团河北省委、<span class="infoMblog" style="position: relative; z-index: auto; "><a class="a-tips-Article-QQ" href="http://t.qq.com/hebeilvyou#pref=qqcom.keyword" rel="hebeilvyou" reltitle="河北省旅游局" target="_blank" style="outline-style: none; outline-width: initial; outline-color: initial; color: rgb(0, 0, 0); text-decoration: none; border-bottom-width: 1px; border-bottom-style: dotted; border-bottom-color: rgb(83, 109, 166); ">河北省旅游局</a></span>核实，他们确认冀宝斋博物馆是河北省省级科普基地、河北省少先队实践教育基地和国家级3A级景区。目前他们正在开展核查当时评选材料等工作。</p><p abs_visibility="true" style="; ; ; line-height: 28px; font-family: 宋体, Arial, sans-serif; orphans: 2; text-align: -webkit-auto; white-space: normal; widows: 2; background-color: rgb(255, 255, 255); text-indent: 2em;">共青团河北省委相关负责人表示，颁发牌子时，是地方推荐的，并没有到实地去过，只是觉得这是个给孩子们参与社会实践的场所。</p><p abs_visibility="true" style="; ; ; line-height: 28px; font-family: 宋体, Arial, sans-serif; orphans: 2; text-align: -webkit-auto; white-space: normal; widows: 2; background-color: rgb(255, 255, 255); text-indent: 2em;">河北省科技厅相关负责人表示，审批程序首先是市科技局推荐，然后组织专家评审、考察，然而评委中就没有搞文物的，都是搞科学的，专家去了就是听介绍，对展品的真假没有鉴别能力。专家的评价角度有问题，只是想把瓷器的制造技术和工艺进行科普。</p><p style="; ; ; line-height: 28px; font-family: 宋体, Arial, sans-serif; orphans: 2; text-align: -webkit-auto; white-space: normal; widows: 2; background-color: rgb(255, 255, 255); text-indent: 2em;">网民普遍认为：既然展品都是假的，何成博物馆？何来教育意义和科普价值？</p><p style="; ; ; line-height: 28px; font-family: 宋体, Arial, sans-serif; orphans: 2; text-align: -webkit-auto; white-space: normal; widows: 2; background-color: rgb(255, 255, 255); text-indent: 2em;">但是，魏英俊认为，在探讨研究中，出现不同看法、不同声音的争论很正常，不论真假对错，都是出于对中华民族古老瓷文化的保护弘扬，这也是建馆的宗旨所在。该博物馆搭建起一个平台，供人们鉴评和研究，以探明究竟，求得迷解，没必要对展品的真假吹毛求疵。</p><p style="; ; ; line-height: 28px; font-family: 宋体, Arial, sans-serif; orphans: 2; text-align: -webkit-auto; white-space: normal; widows: 2; background-color: rgb(255, 255, 255); text-indent: 2em;">冀州市10日下午通报称，由冀州市文广新局会同相关部门已成立联合调查组，对媒体关注的问题和质疑展开调查。在此期间，冀宝斋博物馆闭馆进行整顿，摘除科普教育基地、爱国主义教育基地等所有授予的牌子，对存在的问题进行纠正、整改。</p><p><br/></p>', '2013-07-10 12:58:19', 1, 0, 0, 0, 1, 30, 'aab', 1, 1, 1, '', 0, 0),
(53, 7, 7, 36, '安徽社会性加油站成品油抽检近4成不合格', '', '', '', '新华网合肥7月10日电(记者姜刚)9日安徽省工商局公布了今年上半年成品油商品质量监测情况表明，近两成不合格，其中社会性加油站成品油近4成不合格。近期，安徽省工商局依法对合肥、亳州、淮南、阜阳等地市场上销售的成品油质量进行了定向监测，共抽查79组汽油、柴油样品，经检验不合格15组，不合格率19%。其中以中石化、中石油为代表的国有控股公司生产和销售的成品油质量较好，抽查了40组样品全部合格；社会性加油', '<p style="; ; ; line-height: 28px; font-family: 宋体, Arial, sans-serif; orphans: 2; text-align: -webkit-auto; white-space: normal; widows: 2; background-color: rgb(255, 255, 255); text-indent: 2em;">新华网合肥7月10日电(记者姜刚)9日安徽省工商局公布了今年上半年成品油商品质量监测情况表明，近两成不合格，其中社会性加油站成品油近4成不合格。</p><p style="; ; ; line-height: 28px; font-family: 宋体, Arial, sans-serif; orphans: 2; text-align: -webkit-auto; white-space: normal; widows: 2; background-color: rgb(255, 255, 255); text-indent: 2em;">近期，安徽省工商局依法对合肥、亳州、淮南、阜阳等地市场上销售的成品油质量进行了定向监测，共抽查79组汽油、柴油样品，经检验不合格15组，不合格率19%。其中以中石化、中石油为代表的国有控股公司生产和销售的成品油质量较好，抽查了40组样品全部合格；社会性加油站抽查了39组样品，不合格15组，不合格率38.5%。</p><p style="; ; ; line-height: 28px; font-family: 宋体, Arial, sans-serif; orphans: 2; text-align: -webkit-auto; white-space: normal; widows: 2; background-color: rgb(255, 255, 255); text-indent: 2em;">监测结果表明，不合格成品油商品主要来自亳州、阜阳、淮南等地市场。从商品分类看，15组不合格成品油中，有8组车用乙醇汽油样品不合格，不合格项为乙醇含量、其他有机含氧化合物、硫含量和辛烷值；3组普通柴油不合格，不合格项为硫含量和闭口闪点；4组车用汽油不合格，不合格项为硫含量和甲醇含量。</p><p style="; ; ; line-height: 28px; font-family: 宋体, Arial, sans-serif; orphans: 2; text-align: -webkit-auto; white-space: normal; widows: 2; background-color: rgb(255, 255, 255); text-indent: 2em;">针对本次监测中发现的不合格成品油商品，安徽省工商局相关负责人表示，根据相关规定，该局已责成相关地方工商部门依法查处，并监督有关经营者整改。</p><p><br/></p>', '2013-07-10 12:58:35', 0, 0, 0, 0, 1, 30, 'aab', 1, 1, 1, '', 0, 0),
(54, 7, 7, 36, '聂树斌案今日再开庭 媒体盘点三大待解疑团', '', '', '', '中广网邯郸7月10日消息（记者明慧）据中国之声《新闻晚高峰》报道，备受社会关注的河北“一案双凶”涉案嫌疑人王书金，今天（10日）上午9点，在河北省邯郸市中级人民法院再次受审，此次开庭是二审第三次开庭，距6月25日最近的一次开庭审理仅隔半月时间，但这起案件却是错综复杂且旷日持久，跨时长达19年。今天的开庭，直接进入证据质证阶段，然后，控辩双方进行了法庭辩论。辩护律师主要针对检方提出的四组证据的客观性', '<p style="; ; ; line-height: 28px; font-family: 宋体, Arial, sans-serif; orphans: 2; text-align: -webkit-auto; white-space: normal; widows: 2; background-color: rgb(255, 255, 255); text-indent: 2em;">中广网邯郸7月10日消息（记者明慧）据中国之声《新闻晚高峰》报道，备受社会关注的河北“一案双凶”涉案嫌疑人王书金，今天（10日）上午9点，在河北省邯郸市中级人民法院再次受审，此次开庭是二审第三次开庭，距6月25日最近的一次开庭审理仅隔半月时间，但这起案件却是错综复杂且旷日持久，跨时长达19年。</p><p style="; ; ; line-height: 28px; font-family: 宋体, Arial, sans-serif; orphans: 2; text-align: -webkit-auto; white-space: normal; widows: 2; background-color: rgb(255, 255, 255); text-indent: 2em;">今天的开庭，直接进入证据质证阶段，然后，控辩双方进行了法庭辩论。</p><p style="; ; ; line-height: 28px; font-family: 宋体, Arial, sans-serif; orphans: 2; text-align: -webkit-auto; white-space: normal; widows: 2; background-color: rgb(255, 255, 255); text-indent: 2em;">辩护律师主要针对检方提出的四组证据的客观性，合法性和与本案的关联性上进行了证据质证。提出部分证据在程序规范上存在瑕疵，因而提出证据的效力质疑；检方实事求是的认可因历史局限性确有瑕疵，但不影响证据的合法效力。</p><p style="; ; ; line-height: 28px; font-family: 宋体, Arial, sans-serif; orphans: 2; text-align: -webkit-auto; white-space: normal; widows: 2; background-color: rgb(255, 255, 255); text-indent: 2em;">辩护方认为高度吻合，能够证明“石家庄西郊杀人案为王书金所为”；检方则认为其中存在严重差异，特别是隐秘物证，王书金始终未提及，无法认定王书金系石家庄西郊杀人案真凶。</p><p style="; ; ; line-height: 28px; font-family: 宋体, Arial, sans-serif; orphans: 2; text-align: -webkit-auto; white-space: normal; widows: 2; background-color: rgb(255, 255, 255); text-indent: 2em;">今天法庭旁听席上，有人大代表、政协委员、学者、律师、新闻媒体记者和邯郸各界群众200多人。聂树斌亲属也坐在旁听席中。</p><p style="; ; ; line-height: 28px; font-family: 宋体, Arial, sans-serif; orphans: 2; text-align: -webkit-auto; white-space: normal; widows: 2; background-color: rgb(255, 255, 255); text-indent: 2em;">参加庭审的河北刑诉律师侯凤梅休庭后接受记者采访说，有三个大点使这个案子不能轻易认定是王书金作案。</p><p style="; ; ; line-height: 28px; font-family: 宋体, Arial, sans-serif; orphans: 2; text-align: -webkit-auto; white-space: normal; widows: 2; background-color: rgb(255, 255, 255); text-indent: 2em;">侯凤梅：如果我是一名法官，这个案子我不敢下决心判是王书金是作案者。为什么不敢判，重要的三点过不去，一个是花衬衫的问题，你没证据。花衬衫的来源，不是被害人的吧，王书金你从来没提过吧，从哪来的这个花衬衫，这个隐秘证据确实客观存在。如果是凶手那花衬衫把这个人勒死的你能不记得吗？</p><p style="; ; ; line-height: 28px; font-family: 宋体, Arial, sans-serif; orphans: 2; text-align: -webkit-auto; white-space: normal; widows: 2; background-color: rgb(255, 255, 255); text-indent: 2em;">第二关于背心，此前都没有提到，这一展示证据出来了，他才想起来，那要是把聂树斌案子的证据全拿过来，会不会又想起很多东西呢，也不排除。也不排除他记忆的失误，但是这是我下不了决心的一个点。</p><p style="; ; ; line-height: 28px; font-family: 宋体, Arial, sans-serif; orphans: 2; text-align: -webkit-auto; white-space: normal; widows: 2; background-color: rgb(255, 255, 255); text-indent: 2em;">第三就是作案时间，午睡的时间，他不是一个农民他是打工者，打工者一个单位肯定不会容忍你下午，从中午睡觉一直睡到晚上，他说的是午休时间。但从相关的证人证言来看，下午四点半她在给自行车打气，五点还去洗澡。而这些证人都是与案件没有利害关系的，他不会说我就想保住你王书金或者某个人，这个证人的证言具有客观性。这三个大点是我认为这个案子不能轻易认定是王书金作案。</p><p style="; ; ; line-height: 28px; font-family: 宋体, Arial, sans-serif; orphans: 2; text-align: -webkit-auto; white-space: normal; widows: 2; background-color: rgb(255, 255, 255); text-indent: 2em;">今天的庭审，控辩双方都充分发表了自己的意见，分析的很透彻，并从证明标准上都提出要求排除合理怀疑。河北经贸大学法律系教授王韬说，这是一种进步。</p><p style="; ; ; line-height: 28px; font-family: 宋体, Arial, sans-serif; orphans: 2; text-align: -webkit-auto; white-space: normal; widows: 2; background-color: rgb(255, 255, 255); text-indent: 2em;">王韬：疑罪从无这几年提出来了，而且写到新刑事诉讼法中，我觉得今天在法庭上，包括从证明标准上大家都提出来要求排除合理怀疑，要达到这种程度可以说是一种进步。</p><p style="; ; ; line-height: 28px; font-family: 宋体, Arial, sans-serif; orphans: 2; text-align: -webkit-auto; white-space: normal; widows: 2; background-color: rgb(255, 255, 255); text-indent: 2em;">公众还很好奇，为何王书金主动要为康某被害一案担责。而本应尽力为当事人“开脱”的律师，也力主王书金杀了康某。可公诉人却一心“做好事”，坚决否认王书金是杀害康某的真凶。</p><p style="; ; ; line-height: 28px; font-family: 宋体, Arial, sans-serif; orphans: 2; text-align: -webkit-auto; white-space: normal; widows: 2; background-color: rgb(255, 255, 255); text-indent: 2em;">这起案件，聂树斌、王书金案，无论结果如何，都与嫌疑人生死无关。王书金身背数条人命，一定命不久矣；而聂树斌无论是否冤屈，18年前已被执行死刑。公众并不是不想信任判决结果，而是近些年在我国司法历史上的确存在个别冤案，让人们不得不怀疑，案件是否会有转机。</p><p style="; ; ; line-height: 28px; font-family: 宋体, Arial, sans-serif; orphans: 2; text-align: -webkit-auto; white-space: normal; widows: 2; background-color: rgb(255, 255, 255); text-indent: 2em;"><strong>案件背景</strong></p><p style="; ; ; line-height: 28px; font-family: 宋体, Arial, sans-serif; orphans: 2; text-align: -webkit-auto; white-space: normal; widows: 2; background-color: rgb(255, 255, 255); text-indent: 2em;">说起王书金，一定要提到另外一个名字，那就是聂树斌。1994年，河北省石家庄市西郊发生一起强奸杀人案，时年19岁的聂树斌被认定为凶手，于1995年被执行死刑。</p><p style="; ; ; line-height: 28px; font-family: 宋体, Arial, sans-serif; orphans: 2; text-align: -webkit-auto; white-space: normal; widows: 2; background-color: rgb(255, 255, 255); text-indent: 2em;">十年后，2005年，河南警方在荥阳抓捕犯下多起奸杀命案的河北广平籍农民王书金。王书金供述曾强奸多名妇女并杀死4人，其中包括一起“1994年石家庄西郊玉米地奸杀案”，而这一案件，与聂树斌案高度重合。</p><p style="; ; ; line-height: 28px; font-family: 宋体, Arial, sans-serif; orphans: 2; text-align: -webkit-auto; white-space: normal; widows: 2; background-color: rgb(255, 255, 255); text-indent: 2em;">2007年3月12日，邯郸市中级人民法院作出一审刑事判决，决定对王书金执行死刑，剥夺政治权利终身。王书金不服判决，上诉至河北省高级人民法院。</p><p style="; ; ; line-height: 28px; font-family: 宋体, Arial, sans-serif; orphans: 2; text-align: -webkit-auto; white-space: normal; widows: 2; background-color: rgb(255, 255, 255); text-indent: 2em;">2013年6月25日，王书金强奸杀人案二审再次开庭。公诉方河北省人民检察院举出大量新证据，指证“1994年石家庄西郊玉米地奸杀案”非王书金所为。辩方律师没有直接回应，而是对证据来源和合法性提出质疑。</p><p style="; ; ; line-height: 28px; font-family: 宋体, Arial, sans-serif; orphans: 2; text-align: -webkit-auto; white-space: normal; widows: 2; background-color: rgb(255, 255, 255); text-indent: 2em;">今天上午9时，河北省高级人民法院在邯郸市中级人民法院二审第三次开庭审理王书金案。</p><p><br/></p>', '2013-07-10 12:58:55', 0, 0, 0, 0, 1, 30, 'aab', 1, 1, 1, '', 0, 0),
(55, 8, 8, 36, '四川洪灾消防官兵已营救转移民众7000多人', '', '', '', '成都消防官兵正在转移一名受伤的妇女。申佳摄消防官兵涉水正在转移被困民众。张玉摄中新网成都7月10日电(记者刘忠俊)记者10日从四川消防总队获悉，截至10日8时，四川消防部队抗洪抢险已营救、转移民众7000多人，抢运及保护财产价值超过500万元。据了解，8日至10日，四川境内的成都、绵阳、德阳、阿坝等8市(州)普降暴雨，导致部分城市、乡镇街道、民房进水被淹，个别地方还导致道路、桥梁被冲毁，大批民众被', '<p style="text-align:center;; ; ; line-height: 28px; font-family: 宋体, Arial, sans-serif; orphans: 2; white-space: normal; widows: 2; background-color: rgb(255, 255, 255);"><br/></p><p><img alt="四川洪灾消防官兵已营救转移民众7000多人" src="http://img1.gtimg.com/news/pics/hv1/173/2/1369/89019908.jpg" style="border-top-style: none; border-right-style: none; border-bottom-style: none; border-left-style: none; border-width: initial; border-color: initial; border-image: initial; vertical-align: bottom; "/></p><p><br/></p><p class="pictext" style="text-align:center;; ; ; line-height: 28px; font-family: 宋体, Arial, sans-serif; orphans: 2; white-space: normal; widows: 2; background-color: rgb(255, 255, 255);"><span style="font-size: 12px; ">成都消防官兵正在转移一名受伤的妇女。申佳摄</span></p><p style="text-align:center;; ; ; line-height: 28px; font-family: 宋体, Arial, sans-serif; orphans: 2; white-space: normal; widows: 2; background-color: rgb(255, 255, 255);"><br/></p><p><img alt="四川洪灾消防官兵已营救转移民众7000多人" src="http://img1.gtimg.com/news/pics/hv1/174/2/1369/89019909.jpg" style="border-top-style: none; border-right-style: none; border-bottom-style: none; border-left-style: none; border-width: initial; border-color: initial; border-image: initial; vertical-align: bottom; "/></p><p><br/></p><p class="pictext" style="text-align:center;; ; ; line-height: 28px; font-family: 宋体, Arial, sans-serif; orphans: 2; white-space: normal; widows: 2; background-color: rgb(255, 255, 255);"><span style="font-size: 12px; ">消防官兵涉水正在转移被困民众。张玉摄</span></p><p style="; ; ; line-height: 28px; font-family: 宋体, Arial, sans-serif; orphans: 2; text-align: -webkit-auto; white-space: normal; widows: 2; background-color: rgb(255, 255, 255); text-indent: 2em;">中新网成都7月10日电(记者刘忠俊)记者10日从四川消防总队获悉，截至10日8时，四川消防部队抗洪抢险已营救、转移民众7000多人，抢运及保护财产价值超过500万元。</p><p style="; ; ; line-height: 28px; font-family: 宋体, Arial, sans-serif; orphans: 2; text-align: -webkit-auto; white-space: normal; widows: 2; background-color: rgb(255, 255, 255); text-indent: 2em;">据了解，8日至10日，四川境内的成都、绵阳、德阳、阿坝等8市(州)普降暴雨，导致部分城市、乡镇街道、民房进水被淹，个别地方还导致道路、桥梁被冲毁，大批民众被洪水围困等。灾情发生后，四川各地消防部队第一时间启动《抗洪抢险救援预案》赴灾区投入抗洪抢险。截至7月10日8时，全省消防部队共参加抗洪抢险147次，出动消防车233台次，出动官兵1115人次，共营救被困群众3427人，安全转移3649人，抢救及保护财产价值567万元。</p><p style="; ; ; line-height: 28px; font-family: 宋体, Arial, sans-serif; orphans: 2; text-align: -webkit-auto; white-space: normal; widows: 2; background-color: rgb(255, 255, 255); text-indent: 2em;">7月9日晨6时59分，德阳广汉市境内的松林镇太阳村7组被洪水包围，通往村内唯一一条道路淹没，深处约1.7米。当地已及时疏散民众200余人，村内还有100余名民众已被洪水包围困在家中。消防官兵接到救援命令，并在当地村民带领下用冲锋舟、橡皮艇、竹竿撑船等方式，深入村内逐户将被困的民众转移至安全地带。</p><p style="; ; ; line-height: 28px; font-family: 宋体, Arial, sans-serif; orphans: 2; text-align: -webkit-auto; white-space: normal; widows: 2; background-color: rgb(255, 255, 255); text-indent: 2em;">9时14分，阿坝州汶川县映秀镇因暴雨引发山洪、泥石流，导致省道303线映秀至卧龙段的易通沙场附近道路损毁，135名名群众、12辆车被困。山间小河变大河滚滚洪水呼啸而过，呼喊声、飞石滚动声、洪水声连城一片，被困民众十分危险。救援消防官兵徒步穿越危险区域抵达现场，将受困民众分成3批，一名队员负责3人的转移，并在危险路段组成人墙、设立安全绳索、专人照顾体力较弱的民众。泥石流致道路形成800余米的泥泞路段，部分路段淤泥深达膝盖处，人陷入后无法自拔。官兵们就利用接力的方式，将老人和小孩绑在背上，一步步地转移至安全地段。经过93分钟的紧张救援，安全转移98人。针对部分民众顾及产物不肯转移的情况，消防官兵耐心劝慰，说服37人并顺利转移。</p><p style="; ; ; line-height: 28px; font-family: 宋体, Arial, sans-serif; orphans: 2; text-align: -webkit-auto; white-space: normal; widows: 2; background-color: rgb(255, 255, 255); text-indent: 2em;">8日8时24分，平武遭受暴雨“袭击”，辖区内涪江河水骤增，龙安镇长河村被突如其来的洪水围成孤岛有人员被困。消防官兵抵达现场发现，跨度50米的河道已变200米的洪流。远处有2人被困在一辆工程车上，距岸边近100米，另有1人被困孤岛，湍急的洪水冲刷孤岛并不断出现垮塌。情况十分紧急，消防官兵驾橡皮艇快速向工程车靠近，顺利将2人营救上岸。湍急的洪水不断上涨，当3名消防官兵驾橡皮艇营救最后1名被困者时，湍急的洪水将橡皮艇冲向下游，消防官兵经过多次出击，成功被困孤岛的1人救出。</p><p style="; ; ; line-height: 28px; font-family: 宋体, Arial, sans-serif; orphans: 2; text-align: -webkit-auto; white-space: normal; widows: 2; background-color: rgb(255, 255, 255); text-indent: 2em;">9日，金堂老县城抗洪救灾现场，消防官兵驾驶冲锋舟挺进受灾区域，采取“全线呼喊、逐栋逐户”的方式搜救，一旦发现被困民众立即驾冲锋舟到达被困者所在建筑。消防官兵已营救被困民众2000余人。</p><p style="; ; ; line-height: 28px; font-family: 宋体, Arial, sans-serif; orphans: 2; text-align: -webkit-auto; white-space: normal; widows: 2; background-color: rgb(255, 255, 255); text-indent: 2em;">崇州观胜镇14组，面对百余民众被困的情况，官兵们采用冲锋舟和搭建绳桥等方式，双线展开营救。</p><p style="; ; ; line-height: 28px; font-family: 宋体, Arial, sans-serif; orphans: 2; text-align: -webkit-auto; white-space: normal; widows: 2; background-color: rgb(255, 255, 255); text-indent: 2em;">都江堰安农镇由于冲锋舟无法进入被困民众所在建筑周围，消防官兵就将安全绳系在重型消防车上，再泅渡到被困者所在建筑挨家挨户搜寻，将被困民众转移至安全区域。</p><p style="; ; ; line-height: 28px; font-family: 宋体, Arial, sans-serif; orphans: 2; text-align: -webkit-auto; white-space: normal; widows: 2; background-color: rgb(255, 255, 255); text-indent: 2em;">目前，四川都江堰、德阳、资阳、眉山等地的洪涝灾害还在继续，来不及休整的消防官兵再次投入到紧张的抢险救援中。(完)</p><p><br/></p>', '2013-07-10 12:59:32', 0, 0, 0, 0, 1, 30, 'aab', 1, 1, 1, '', 0, 0),
(56, 4, 4, 36, '塔城俄罗斯族双胞胎姐妹花为新疆代言(组图)', '', '', '', '双胞胎姐妹花为新疆代言双胞胎姐妹花为新疆代言双胞胎姐妹花为新疆代言天山网讯 7月2日，天山网通过腾讯、新浪微博发起“我爱新疆 我为新疆代言”网络微活动，引发全国网友的强烈关注，各地的网友纷纷自拍视频或者照片参与活动。7月10日上午，来自新疆塔城的一对18岁的俄罗斯族双胞胎姐妹花丽达、卓娅在微博上发来照片表达对大美新疆的热爱，赢得了众多网友的追捧', '<p style="; ; ; line-height: 28px; font-family: 宋体, Arial, sans-serif; orphans: 2; white-space: normal; widows: 2; background-color: rgb(255, 255, 255); text-align: center;"><br/></p><p><img alt="塔城俄罗斯族双胞胎姐妹花为新疆代言(组图)" src="http://img1.gtimg.com/news/pics/hv1/95/9/1369/89021615.jpg" style="border-top-style: none; border-right-style: none; border-bottom-style: none; border-left-style: none; border-width: initial; border-color: initial; border-image: initial; vertical-align: bottom; "/></p><p><br/></p><p style="; ; ; line-height: 28px; font-family: 宋体, Arial, sans-serif; orphans: 2; white-space: normal; widows: 2; background-color: rgb(255, 255, 255); text-align: center;">双胞胎姐妹花为新疆代言</p><p style="text-align:center;; ; ; line-height: 28px; font-family: 宋体, Arial, sans-serif; orphans: 2; white-space: normal; widows: 2; background-color: rgb(255, 255, 255);"><br/></p><p><img alt="塔城俄罗斯族双胞胎姐妹花为新疆代言(组图)" src="http://img1.gtimg.com/news/pics/hv1/96/9/1369/89021616.jpg" style="border-top-style: none; border-right-style: none; border-bottom-style: none; border-left-style: none; border-width: initial; border-color: initial; border-image: initial; vertical-align: bottom; "/></p><p><br/></p><p style="text-align:center;; ; ; line-height: 28px; font-family: 宋体, Arial, sans-serif; orphans: 2; white-space: normal; widows: 2; background-color: rgb(255, 255, 255);">双胞胎姐妹花为新疆代言</p><p style="text-align:center;; ; ; line-height: 28px; font-family: 宋体, Arial, sans-serif; orphans: 2; white-space: normal; widows: 2; background-color: rgb(255, 255, 255);"><br/></p><p><img alt="塔城俄罗斯族双胞胎姐妹花为新疆代言(组图)" src="http://img1.gtimg.com/news/pics/hv1/97/9/1369/89021617.jpg" style="border-top-style: none; border-right-style: none; border-bottom-style: none; border-left-style: none; border-width: initial; border-color: initial; border-image: initial; vertical-align: bottom; "/></p><p><br/></p><p style="text-align:center;; ; ; line-height: 28px; font-family: 宋体, Arial, sans-serif; orphans: 2; white-space: normal; widows: 2; background-color: rgb(255, 255, 255);">双胞胎姐妹花为新疆代言</p><p style="; ; ; line-height: 28px; font-family: 宋体, Arial, sans-serif; orphans: 2; text-align: -webkit-auto; white-space: normal; widows: 2; background-color: rgb(255, 255, 255); text-indent: 2em;">天山网讯 7月2日，天山网通过腾讯、新浪微博发起“我爱新疆 我为新疆代言”网络微活动，引发全国网友的强烈关注，各地的网友纷纷自拍视频或者照片参与活动。7月10日上午，来自新疆塔城的一对18岁的俄罗斯族双胞胎姐妹花丽达、卓娅在微博上发来照片表达对大美新疆的热爱，赢得了众多网友的追捧</p><p><br/></p>', '2013-07-10 13:02:16', 0, 0, 0, 0, 1, 30, 'aab', 1, 1, 1, '', 0, 0),
(57, 5, 5, 36, '四川宜宾岷江水位超警戒线 车渡客船停航封渡', '', '', '', '中新网宜宾7月10日电 (文升林邱萍)7月10日，记者从宜宾县交通运输局了解到，当日岷江水位已达298.50米，超出警戒水位0.6米，车渡、客船停航封渡。7月9日晚，宜宾县普降大雨，加之受上游来水影响，岷江水位普遍上涨。7月10日早上6时，宜宾县交通运输局立即率领相关单位人员赶往泥溪车渡现场查看水位情况，泥溪车渡当时水位8.6米，停航水位297.90米，实际水位已达298.50米，已是今年汛期以来', '<p style="; ; ; line-height: 28px; font-family: 宋体, Arial, sans-serif; orphans: 2; text-align: -webkit-auto; white-space: normal; widows: 2; background-color: rgb(255, 255, 255); text-indent: 2em;">中新网宜宾7月10日电 (文升林邱萍)7月10日，记者从宜宾县交通运输局了解到，当日岷江水位已达298.50米，超出警戒水位0.6米，车渡、客船停航封渡。</p><p style="; ; ; line-height: 28px; font-family: 宋体, Arial, sans-serif; orphans: 2; text-align: -webkit-auto; white-space: normal; widows: 2; background-color: rgb(255, 255, 255); text-indent: 2em;">7月9日晚，宜宾县普降大雨，加之受上游来水影响，岷江水位普遍上涨。7月10日早上6时，宜宾县交通运输局立即率领相关单位人员赶往泥溪车渡现场查看水位情况，泥溪车渡当时水位8.6米，停航水位297.90米，实际水位已达298.50米，已是今年汛期以来最高水位，车渡立即停航。</p><p style="; ; ; line-height: 28px; font-family: 宋体, Arial, sans-serif; orphans: 2; text-align: -webkit-auto; white-space: normal; widows: 2; background-color: rgb(255, 255, 255); text-indent: 2em;">另据了解，该县水位情况普遍上涨，岷江片所有渡口已经停航。越溪河除古柏码头上渡口未达到警戒水位线未停航封渡外，李场镇管辖的四个渡口已停航封渡；金沙江水位未达到警戒水位线，但水位仍在不断上涨，目前安边渡口、打渔村渡口未停航；关河没有涨水，横江渡口未停航。(完</p><p><br/></p>', '2013-07-10 13:02:34', 0, 0, 0, 0, 1, 30, 'aab', 1, 1, 1, '', 0, 0),
(58, 5, 5, 36, '山西晋中煤矿板房坍塌事故共致12死7伤', '', '', '', '中新网太原7月10日电 (屈丽霞 张云)记者从山西省晋中市寿阳县政府获悉，截至10日下午3时，位于该县山西潞安大成利源煤化有限公司选煤厂建设工地上板房坍塌事故，现场搜救已全部结束，事故共造成12人死亡，7人受伤。据寿阳县政府办公室介绍，7月9日晚7时30分左右，位于晋中寿阳县平舒乡平舒村的山西潞安大成利源煤化有限公司选煤厂建设工地，因强降雨造成挡土墙坍塌，埋压施工人员所住活动板房，导致正在房内休息', '<p style="; ; ; line-height: 28px; font-family: 宋体, Arial, sans-serif; orphans: 2; text-align: -webkit-auto; white-space: normal; widows: 2; background-color: rgb(255, 255, 255); text-indent: 2em;">中新网太原7月10日电 (屈丽霞 张云)记者从山西省晋中市寿阳县政府获悉，截至10日下午3时，位于该县山西潞安大成利源煤化有限公司选煤厂建设工地上板房坍塌事故，现场搜救已全部结束，事故共造成12人死亡，7人受伤。</p><p style="; ; ; line-height: 28px; font-family: 宋体, Arial, sans-serif; orphans: 2; text-align: -webkit-auto; white-space: normal; widows: 2; background-color: rgb(255, 255, 255); text-indent: 2em;">据寿阳县政府办公室介绍，7月9日晚7时30分左右，位于晋中寿阳县平舒乡平舒村的山西潞安大成利源煤化有限公司选煤厂建设工地，因强降雨造成挡土墙坍塌，埋压施工人员所住活动板房，导致正在房内休息的工人被埋。</p><p style="; ; ; line-height: 28px; font-family: 宋体, Arial, sans-serif; orphans: 2; text-align: -webkit-auto; white-space: normal; widows: 2; background-color: rgb(255, 255, 255); text-indent: 2em;">事故发生后，当地政府当即启动应急预案，迅速带领公安、消防、安监、卫生多部门及潞阳公司负责人赶赴现场展开抢险救援。现场成立抢险救援指挥部，分设抢险救援组、医疗救治组、后勤保障组等8个小组开展救援行动。</p><p style="; ; ; line-height: 28px; font-family: 宋体, Arial, sans-serif; orphans: 2; text-align: -webkit-auto; white-space: normal; widows: 2; background-color: rgb(255, 255, 255); text-indent: 2em;">此前，有报道称，山西潞安常村煤矿大成利源煤化公司坑口洗煤厂建设工地发生板房坍塌事故，导致近20人被埋，已救出19人，其中12人死亡，1人失踪，实为19人。</p><p style="; ; ; line-height: 28px; font-family: 宋体, Arial, sans-serif; orphans: 2; text-align: -webkit-auto; white-space: normal; widows: 2; background-color: rgb(255, 255, 255); text-indent: 2em;">目前，山西省政府已成立事故调查组，事故调查正全面展开。(完)</p><p><br/></p>', '2013-07-10 13:02:57', 1, 0, 0, 0, 1, 30, 'aab', 1, 1, 1, '', 0, 0),
(59, 6, 6, 36, '长江上游地区遇强降雨 已启动防汛4级应急响应', '', '', '', '中新网7月10日电 据国家防汛抗旱总指挥部办公室网站消息，近日，长江上游部分地区发生强降雨，部分江河出现超警戒甚至超保证水位。未来两天部分地区仍有大到暴雨，部分地区将有大暴雨。为做好防范工作，长江防总决定从7月9日12时起启动防汛Ⅳ级应急响应。7月8日至9日，岷江、沱江中下游普降大到暴雨，局地降大暴雨、特大暴雨；嘉陵江上游普降中到大雨，局地暴雨。受强降雨影响，岷江、沱江、涪江等支流出现超警戒甚至超', '<p style="; ; ; line-height: 28px; font-family: 宋体, Arial, sans-serif; orphans: 2; text-align: -webkit-auto; white-space: normal; widows: 2; background-color: rgb(255, 255, 255); text-indent: 2em;">中新网7月10日电 据国家防汛抗旱总指挥部办公室网站消息，近日，长江上游部分地区发生强降雨，部分江河出现超警戒甚至超保证水位。未来两天部分地区仍有大到暴雨，部分地区将有大暴雨。为做好防范工作，长江防总决定从7月9日12时起启动防汛Ⅳ级应急响应。</p><p style="; ; ; line-height: 28px; font-family: 宋体, Arial, sans-serif; orphans: 2; text-align: -webkit-auto; white-space: normal; widows: 2; background-color: rgb(255, 255, 255); text-indent: 2em;">7月8日至9日，岷江、沱江中下游普降大到暴雨，局地降大暴雨、特大暴雨；嘉陵江上游普降中到大雨，局地暴雨。受强降雨影响，岷江、沱江、涪江等支流出现超警戒甚至超保证水位。据预测，7月9日至11日，嘉陵江、岷江、沱江流域及汉江上游有中雨、局地大到暴雨，部分地区将有大暴雨。按照《长江流域防汛应急预案》有关规定，长江防总决定从7月9日12时起启动防汛Ⅳ级应急响应。</p><p style="; ; ; line-height: 28px; font-family: 宋体, Arial, sans-serif; orphans: 2; text-align: -webkit-auto; white-space: normal; widows: 2; background-color: rgb(255, 255, 255); text-indent: 2em;">长江防总强调，当前正值长江流域主汛期，相关省(市)防指要做好强降雨防范工作，切实加强组织领导，强化应急值守，密切关注天气变化，加强会商研判和监测预警，科学调度水利工程，全力防范山洪灾害和城市内涝，保障水库安全度汛，确保防洪安全。</p><p style="; ; ; line-height: 28px; font-family: 宋体, Arial, sans-serif; orphans: 2; text-align: -webkit-auto; white-space: normal; widows: 2; background-color: rgb(255, 255, 255); text-indent: 2em;">据四川省防办报告，强降雨导致该省绵阳、广元、德阳、成都等地遭受比较严重的洪涝灾害。绵阳市所辖安县有1人失踪，境内安昌河、茶坪河、干河子等河流堤防9处约1800米受损，多个乡镇供电中断。广元市所辖青川县1人失踪，2个乡镇场镇进水。德阳市所辖绵竹市绵远河上多座交通桥垮塌，堤防损毁10公里，转移人口700余人。成都市所辖彭州、都江堰、郫县等地发生河渠损毁、农户进水、农田被淹、部分人员受困等情况。详细灾情在进一步收集统计。</p><p><br/></p>', '2013-07-10 13:03:15', 0, 0, 0, 0, 1, 30, 'aab', 1, 1, 1, '', 0, 0);
INSERT INTO `blog_article` (`id`, `channel1_id`, `channel2_id`, `category_id`, `title`, `titlestyle`, `titlepic`, `tags`, `summary`, `content`, `createtime`, `views`, `comments`, `goods`, `bads`, `status`, `user_id`, `username`, `istop`, `isoriginal`, `cancomment`, `password`, `ishome`, `isrecommend`) VALUES
(60, 6, 6, 36, '今年第7号超强台风“苏力”预计13日登陆福建', '', '', '', '中新网福州7月10日电 福建省气象台10日上午披露，今年第7号超强台风“苏力”将正面袭击福建，“苏力”有可能成为近年来影响福建最强台风之一。福建气象台预测称，目前“苏力”正以每小时20公里左右的速度向西北偏西方向移动，48小时内强度还将略有加强，中心附近最大风力可能达到17级，预计在7月12日靠近台湾东部洋面，13日在福建中部到浙江南部一带沿海登陆。今年第7号超强台风“苏力”，于7月8日08时在西', '<p style="; ; ; line-height: 28px; font-family: 宋体, Arial, sans-serif; orphans: 2; text-align: -webkit-auto; white-space: normal; widows: 2; background-color: rgb(255, 255, 255); text-indent: 2em;">中新网福州7月10日电 福建省气象台10日上午披露，今年第7号超强台风“苏力”将正面袭击福建，“苏力”有可能成为近年来影响福建最强台风之一。</p><p style="; ; ; line-height: 28px; font-family: 宋体, Arial, sans-serif; orphans: 2; text-align: -webkit-auto; white-space: normal; widows: 2; background-color: rgb(255, 255, 255); text-indent: 2em;">福建气象台预测称，目前“苏力”正以每小时20公里左右的速度向西北偏西方向移动，48小时内强度还将略有加强，中心附近最大风力可能达到17级，预计在7月12日靠近台湾东部洋面，13日在福建中部到浙江南部一带沿海登陆。</p><p style="; ; ; line-height: 28px; font-family: 宋体, Arial, sans-serif; orphans: 2; text-align: -webkit-auto; white-space: normal; widows: 2; background-color: rgb(255, 255, 255); text-indent: 2em;">今年第7号超强台风“苏力”，于7月8日08时在西北太平洋洋面上生成，9日08时加强为台风，20时加强为强台风，10日02时加强为超强台风，14时中心位于北纬21.5度、东经134.8度，就是在台湾省花莲市东南方约1388公里的洋面上，中心附近最大风力16级(55米/秒)，中心最低气压935百帕，7级风圈半径380公里，10级风圈半径160公里。</p><p style="; ; ; line-height: 28px; font-family: 宋体, Arial, sans-serif; orphans: 2; text-align: -webkit-auto; white-space: normal; widows: 2; background-color: rgb(255, 255, 255); text-indent: 2em;">受其影响，12日闽东、闽外及钓鱼岛渔场有10～13级偏东大风。13日白天，闽江口以北东北转西南风10～11级阵风12～13级，台风中心经过的海面风力可达13～15级；闽江口到崇武之间西南风8～9级阵风10～11级；闽东及闽中渔场有12～14级大风。</p><p style="; ; ; line-height: 28px; font-family: 宋体, Arial, sans-serif; orphans: 2; text-align: -webkit-auto; white-space: normal; widows: 2; background-color: rgb(255, 255, 255); text-indent: 2em;">与此同时，12日夜间，宁德、福州两市局部有暴雨。13日，宁德、福州两市和南平市东部的部分有暴雨到大暴雨，局部特大暴雨；莆田市和南平西部、三明北部部分有大雨到暴雨。</p><p style="; ; ; line-height: 28px; font-family: 宋体, Arial, sans-serif; orphans: 2; text-align: -webkit-auto; white-space: normal; widows: 2; background-color: rgb(255, 255, 255); text-indent: 2em;">根据《福建省防洪防台风应急预案》，福建省防汛办已于10日12时启动防台风Ⅳ级应急响应。</p><p style="; ; ; line-height: 28px; font-family: 宋体, Arial, sans-serif; orphans: 2; text-align: -webkit-auto; white-space: normal; widows: 2; background-color: rgb(255, 255, 255); text-indent: 2em;">福建省气象台还建议，各地有关部门提前做好各项防御准备工作，受影响的各大渔场的海上作业船只及时回港，过往船只注意避风，海上鱼排作业人员及时撤离。(完)</p><p><br/></p>', '2013-07-10 13:03:33', 0, 0, 0, 0, 1, 30, 'aab', 1, 1, 1, '', 0, 0),
(61, 7, 7, 36, '广西贺江污染事件6人被刑拘 非法选矿厂遭取缔', '', '', '', '中新社贺州7月10日电 (蒋雪林 赵琳露)长期困扰广西贺州市执法部门的顽疾——贺江上游沿河两岸的非法选矿作坊，7月10日被贺州市联合执法队拆除，行动将持续一周时间。当天一早，由贺州市环保、国土、公安、水利等部门组成的联合执法队采取了“突击式行动”，对分布在平桂管理区黄田镇新村河沿岸的数十家非法选矿厂进行了大规模取缔。拆除完厂房设备，原材料、矿渣等也将被全部清理。贺州市副市长、公安局局长李伟章称，当', '<p style="; ; ; line-height: 28px; font-family: 宋体, Arial, sans-serif; orphans: 2; text-align: -webkit-auto; white-space: normal; widows: 2; background-color: rgb(255, 255, 255); text-indent: 2em;">中新社贺州7月10日电 (蒋雪林 赵琳露)长期困扰广西贺州市执法部门的顽疾——贺江上游沿河两岸的非法选矿作坊，7月10日被贺州市联合执法队拆除，行动将持续一周时间。</p><p style="; ; ; line-height: 28px; font-family: 宋体, Arial, sans-serif; orphans: 2; text-align: -webkit-auto; white-space: normal; widows: 2; background-color: rgb(255, 255, 255); text-indent: 2em;">当天一早，由贺州市环保、国土、公安、水利等部门组成的联合执法队采取了“突击式行动”，对分布在平桂管理区黄田镇新村河沿岸的数十家非法选矿厂进行了大规模取缔。拆除完厂房设备，原材料、矿渣等也将被全部清理。</p><p style="; ; ; line-height: 28px; font-family: 宋体, Arial, sans-serif; orphans: 2; text-align: -webkit-auto; white-space: normal; widows: 2; background-color: rgb(255, 255, 255); text-indent: 2em;">贺州市副市长、公安局局长李伟章称，当天贺州在全市范围内开展行动，对非法采选矿厂、重污染小作坊进行拆除，全市主要领导亲临第一线进行指挥、督导。</p><p style="; ; ; line-height: 28px; font-family: 宋体, Arial, sans-serif; orphans: 2; text-align: -webkit-auto; white-space: normal; widows: 2; background-color: rgb(255, 255, 255); text-indent: 2em;">贺江水污染事件发生后，当地拉电关停了污染水域上游排污企业，并对沿河污染源展开拉网式大排查，初步确定污染源为马尾河沿岸的79家涉重选采矿企业。</p><p style="; ; ; line-height: 28px; font-family: 宋体, Arial, sans-serif; orphans: 2; text-align: -webkit-auto; white-space: normal; widows: 2; background-color: rgb(255, 255, 255); text-indent: 2em;">虽然肇事企业汇威选矿厂6名涉案人员已被刑拘。但参与调查的国家环保部华南环境科学研究所副所长许振成认为，这79家非法选采矿企业，对此次水污染事件都有“贡献”。</p><p style="; ; ; line-height: 28px; font-family: 宋体, Arial, sans-serif; orphans: 2; text-align: -webkit-auto; white-space: normal; widows: 2; background-color: rgb(255, 255, 255); text-indent: 2em;">位于马尾河上游的新村以小作坊选矿远近闻名。许多选矿作坊都是简易搭建而成，部分矿石原料甚至是紧邻着河边堆放。废水未经任何处理直接排入新村河中，通过马尾河，最终流入贺江。</p><p style="; ; ; line-height: 28px; font-family: 宋体, Arial, sans-serif; orphans: 2; text-align: -webkit-auto; white-space: normal; widows: 2; background-color: rgb(255, 255, 255); text-indent: 2em;">现场一执法人员称，以前当地也曾多次清理整顿过这类非法选矿厂，但由于涉及当地村民的利益，打击取缔难度大，“死灰复燃”现象时有发生。</p><p style="; ; ; line-height: 28px; font-family: 宋体, Arial, sans-serif; orphans: 2; text-align: -webkit-auto; white-space: normal; widows: 2; background-color: rgb(255, 255, 255); text-indent: 2em;">李伟章表示，下一步公安机关将“主动参与”，严厉打击违法选采矿犯罪行为，发现一起查处一起，绝不姑息。并希望以此次行动为契机，在全市范围内进一步完善管理体制和工作机制，保证长效性，让贺州拥有一个可持续发展的生态环境。(完)</p><p><br/></p>', '2013-07-10 13:04:01', 0, 0, 0, 0, 1, 30, 'aab', 1, 1, 1, '', 0, 0),
(62, 7, 7, 36, '广东揭阳一副县长违规被免两月 无责任人被查', '', '', '', '人民网北京7月10日电 (赵艳红 高泽华) 广东省揭阳市揭东县(现揭东区)副县长江中咏因违规任命被撤职已有两月。人民网记者致电揭阳市委组织部、市纪委，询问此事的调查结果，是否有相关责任人被查处。截至发稿时，对方未予明确回应。5月初有网帖举报称，2011年11月，时年27岁的江中咏被任命为揭东县副县长。而其父江俊驱同期卸任副县长，并获选为政协副主席。网友质疑“父亲离任，儿子接班”。5月10日，揭阳市', '<p style="; ; ; line-height: 28px; font-family: 宋体, Arial, sans-serif; orphans: 2; text-align: -webkit-auto; white-space: normal; widows: 2; background-color: rgb(255, 255, 255); text-indent: 2em;">人民网北京7月10日电 (赵艳红 高泽华) 广东省揭阳市揭东县(现揭东区)副县长江中咏因违规任命被撤职已有两月。人民网记者致电揭阳市委组织部、市纪委，询问此事的调查结果，是否有相关责任人被查处。截至发稿时，对方未予明确回应。</p><p style="; ; ; line-height: 28px; font-family: 宋体, Arial, sans-serif; orphans: 2; text-align: -webkit-auto; white-space: normal; widows: 2; background-color: rgb(255, 255, 255); text-indent: 2em;">5月初有网帖举报称，2011年11月，时年27岁的江中咏被任命为揭东县副县长。而其父江俊驱同期卸任副县长，并获选为政协副主席。网友质疑“父亲离任，儿子接班”。</p><p style="; ; ; line-height: 28px; font-family: 宋体, Arial, sans-serif; orphans: 2; text-align: -webkit-auto; white-space: normal; widows: 2; background-color: rgb(255, 255, 255); text-indent: 2em;">5月10日，揭阳市委组织部给人民网发来情况通报称：江中咏的任职违反了相关规定，决定撤销江中咏揭东县副县长、揭东区副区长的任命决定。同时，揭阳市委决定，由市纪委、市委组织部联合成立工作组，对江中咏任职违规有关情况进行调查，对相关责任人依法依规予以查处。</p><p style="; ; ; line-height: 28px; font-family: 宋体, Arial, sans-serif; orphans: 2; text-align: -webkit-auto; white-space: normal; widows: 2; background-color: rgb(255, 255, 255); text-indent: 2em;">江中咏被撤职后，人民网记者多次致电揭阳市委组织部，询问调查进展，其工作人员均称“正在调查中”。两个月后，仍未见工作组公布调查结果的消息。江中咏何以会被违规任命？其父江俊驱是否干预了任命过程？人民网记者7月8日再次致电揭阳市委组织部，调研科工作人员向记者表示，尚未收到有关于调查结果的任何通知。记者随后致电揭阳市纪委，办公室工作人员表示“会和领导反映情况”。截至记者发稿时，对方尚未回应。</p><p style="; ; ; line-height: 28px; font-family: 宋体, Arial, sans-serif; orphans: 2; text-align: -webkit-auto; white-space: normal; widows: 2; background-color: rgb(255, 255, 255); text-indent: 2em;">据此前揭阳市组织部公布的简历显示：1984年出生的江中咏，学历在职大学(中央广播电视大学汉语言文学专业本科毕业)，2005年11月在揭阳市下辖的普宁市被录用为国家公务员(人民警察)，2008年4月后任揭东县炮台镇副镇长(期间历任该镇团委副书记、书记)。2009年9月后，任霖磐镇党委副书记，2010年1月后任霖磐镇镇长，2011年6月后升任霖磐镇党委书记，2011年11月起历任副县长、副区长。</p><p style="; ; ; line-height: 28px; font-family: 宋体, Arial, sans-serif; orphans: 2; text-align: -webkit-auto; white-space: normal; widows: 2; background-color: rgb(255, 255, 255); text-indent: 2em;">据通报，江中咏任职的主要问题是，2007年3月，揭东县炮台镇党委任命江中咏为镇团委副书记，此时距离其任办事员才4个月。据《公务员职务任免与职务升降规定(试行)》规定：晋升科员职务应当任办事员三年以上。</p><p><br/></p>', '2013-07-10 13:04:18', 0, 0, 0, 0, 1, 30, 'aab', 1, 1, 1, '', 0, 0),
(63, 8, 8, 36, '湖北随州一生物化工厂爆炸 造成1死6伤1失踪', '', '', '', '荆楚网消息（记者 雷杉 见习记者 徐芳）7月10日中午12时25分，湖北随州市南郊瓜园社区五组境内一生产袋料香菇消毒液的力强生物科技开发公司发生爆炸，造成1人死亡，1人失踪，6人受伤，伤者已全部送医院救治。随州市、区两级党委政府及相关部门第一时间赶到现场，并成立了现场应急处置指挥部，妥善处置相关事宜。在当地政府、公安、消防等部门全力救援下，截止14:40火势已扑灭。该工厂老板已被带往派出所接受调查', '<p style="; ; ; line-height: 28px; font-family: 宋体, Arial, sans-serif; orphans: 2; text-align: -webkit-auto; white-space: normal; widows: 2; background-color: rgb(255, 255, 255); text-indent: 2em;">荆楚网消息（记者 雷杉 见习记者 徐芳）7月10日中午12时25分，湖北随州市南郊瓜园社区五组境内一生产袋料香菇消毒液的力强生物科技开发公司发生爆炸，造成1人死亡，1人失踪，6人受伤，伤者已全部送医院救治。</p><p style="; ; ; line-height: 28px; font-family: 宋体, Arial, sans-serif; orphans: 2; text-align: -webkit-auto; white-space: normal; widows: 2; background-color: rgb(255, 255, 255); text-indent: 2em;">随州市、区两级党委政府及相关部门第一时间赶到现场，并成立了现场应急处置指挥部，妥善处置相关事宜。在当地政府、公安、消防等部门全力救援下，截止14:40火势已扑灭。</p><p style="; ; ; line-height: 28px; font-family: 宋体, Arial, sans-serif; orphans: 2; text-align: -webkit-auto; white-space: normal; widows: 2; background-color: rgb(255, 255, 255); text-indent: 2em;">该工厂老板已被带往派出所接受调查。爆炸工厂的老板苏某向调查人员称，发生爆炸车间内存放的是次氯酸钠和二氯异氰尿酸钠。环保部门已对附近区域空气进行了监测。</p><p style="; ; ; line-height: 28px; font-family: 宋体, Arial, sans-serif; orphans: 2; text-align: -webkit-auto; white-space: normal; widows: 2; background-color: rgb(255, 255, 255); text-indent: 2em;">目前，发生发生爆炸原因尚不清楚，有关方面正在调查。相关部门及现场救援人员正在全力搜救及现场清理，力戒次生灾害发生发生</p><p><br/></p>', '2013-07-10 13:04:47', 4, 0, 0, 0, 1, 30, 'aab', 1, 1, 1, '', 0, 0),
(64, 8, 8, 36, '24名都江堰泥石流救援人员失联：通讯信号极差', '', '', '', '中新网成都7月10日电 10日下午3时20分，来自成都警备区的最新消息称，都江堰市中兴镇三溪村五里坡因山洪泥石流导致有11户人家被困或埋压，约40余人。都江堰市人武部已就地组织100余名民兵前往救援。据第二批赶赴都江堰的消防人员透露，首先赶赴受灾地区的成都消防指挥中心的24人目前失去联系，“很有可能是因为信号的原因，据说当地信号极差。”正赶赴现场的中新社记者在成灌高速公路看到，暴雨仍在持续，现场能', '<p style="; ; ; line-height: 28px; font-family: 宋体, Arial, sans-serif; orphans: 2; text-align: -webkit-auto; white-space: normal; widows: 2; background-color: rgb(255, 255, 255); text-indent: 2em;">中新网成都7月10日电 10日下午3时20分，来自成都警备区的最新消息称，都江堰市中兴镇三溪村五里坡因山洪泥石流导致有11户人家被困或埋压，约40余人。都江堰市人武部已就地组织100余名民兵前往救援。</p><p style="; ; ; line-height: 28px; font-family: 宋体, Arial, sans-serif; orphans: 2; text-align: -webkit-auto; white-space: normal; widows: 2; background-color: rgb(255, 255, 255); text-indent: 2em;">据第二批赶赴都江堰的消防人员透露，首先赶赴受灾地区的成都消防指挥中心的24人目前失去联系，“很有可能是因为信号的原因，据说当地信号极差。”</p><p style="; ; ; line-height: 28px; font-family: 宋体, Arial, sans-serif; orphans: 2; text-align: -webkit-auto; white-space: normal; widows: 2; background-color: rgb(255, 255, 255); text-indent: 2em;">正赶赴现场的中新社记者在成灌高速公路看到，暴雨仍在持续，现场能见度不足百米且积水较深。高速公路的救灾应急通道已经开通。成都市人民医院医护人员携带医疗用品赶往现场，医院内住院床位准备就绪。(完</p><p><br/></p>', '2013-07-10 13:05:03', 0, 0, 0, 0, 1, 30, 'aab', 1, 1, 1, '', 0, 0),
(65, 8, 8, 36, '贵州凤冈客车与货车相撞致3人死亡5人重伤', '', '', '', '新华网贵阳7月10日电（记者李惊亚、李春惠）贵州凤冈县10日上午发生一起两车相撞交通事故，目前已造成3人死亡、5人重伤。记者从凤冈县委宣传部了解到，10日上午9时45分许，在凤冈县城下城门天河桥处，一辆从务川县黄都开往遵义的客车与一辆货车相撞，造成1人当场死亡，在抢救过程中，又有2人抢救无效死亡，另有5人重伤。据了解，当地已紧急成立现场处置组、医疗救护组和事故调查组，县内医务人员、消防官兵、公安民', '<p style="; ; ; line-height: 28px; font-family: 宋体, Arial, sans-serif; orphans: 2; text-align: -webkit-auto; white-space: normal; widows: 2; background-color: rgb(255, 255, 255); text-indent: 2em;">新华网贵阳7月10日电（记者李惊亚、李春惠）贵州凤冈县10日上午发生一起两车相撞交通事故，目前已造成3人死亡、5人重伤。</p><p style="; ; ; line-height: 28px; font-family: 宋体, Arial, sans-serif; orphans: 2; text-align: -webkit-auto; white-space: normal; widows: 2; background-color: rgb(255, 255, 255); text-indent: 2em;">记者从凤冈县委宣传部了解到，10日上午9时45分许，在凤冈县城下城门天河桥处，一辆从务川县黄都开往遵义的客车与一辆货车相撞，造成1人当场死亡，在抢救过程中，又有2人抢救无效死亡，另有5人重伤。</p><p style="; ; ; line-height: 28px; font-family: 宋体, Arial, sans-serif; orphans: 2; text-align: -webkit-auto; white-space: normal; widows: 2; background-color: rgb(255, 255, 255); text-indent: 2em;">据了解，当地已紧急成立现场处置组、医疗救护组和事故调查组，县内医务人员、消防官兵、公安民警和民兵应急分队共计200余人参与现场救援工作，伤员已被送往医院救治。目前，事故原因正在调查中。</p><p><br/></p>', '2013-07-10 13:05:19', 0, 0, 0, 0, 1, 30, 'aab', 1, 1, 1, '', 0, 0),
(66, 8, 8, 36, '澳门高度关注电讯营运商网络疑被黑客入侵事件', '', '', '', '原标题：澳门特区政府高度关注电讯营运商网络疑被境外黑客入侵事件国际在线消息（驻澳门记者徐艳清）：澳门司法警察局日前接到一间电讯营运商报案，怀疑有34个客户的电子邮箱曾遭不明身份境外黑客入侵。澳门行政长官崔世安10日表示，特区政府高度关注，并会全力保障各政府部门、商业机构以及广大居民的网络安全。澳门政府已依法开立刑事专案调查程序，以开展调查工作，初步资料显示，有关黑客IP地址位处香港地区及美国。崔世', '<p style="; ; ; line-height: 28px; font-family: 宋体, Arial, sans-serif; orphans: 2; text-align: -webkit-auto; white-space: normal; widows: 2; background-color: rgb(255, 255, 255); text-indent: 2em;">原标题：澳门特区政府高度关注电讯营运商网络疑被境外黑客入侵事件</p><p style="; ; ; line-height: 28px; font-family: 宋体, Arial, sans-serif; orphans: 2; text-align: -webkit-auto; white-space: normal; widows: 2; background-color: rgb(255, 255, 255); text-indent: 2em;"><span class="infoMblog" style="position: relative; z-index: auto; "><a class="a-tips-Article-QQ" href="http://t.qq.com/guojizaixian#pref=qqcom.keyword" rel="guojizaixian" reltitle="国际在线" target="_blank" style="outline-style: none; outline-width: initial; outline-color: initial; color: rgb(0, 0, 0); text-decoration: none; border-bottom-width: 1px; border-bottom-style: dotted; border-bottom-color: rgb(83, 109, 166); ">国际在线</a></span>消息（驻澳门记者徐艳清）：澳门司法警察局日前接到一间电讯营运商报案，怀疑有34个客户的电子邮箱曾遭不明身份境外黑客入侵。澳门行政长官崔世安10日表示，特区政府高度关注，并会全力保障各政府部门、商业机构以及广大居民的网络安全。</p><p style="; ; ; line-height: 28px; font-family: 宋体, Arial, sans-serif; orphans: 2; text-align: -webkit-auto; white-space: normal; widows: 2; background-color: rgb(255, 255, 255); text-indent: 2em;">澳门政府已依法开立刑事专案调查程序，以开展调查工作，初步资料显示，有关黑客IP地址位处香港地区及美国。崔世安透露，遭黑客入侵的用户里包括政府部门，但由于司法警察局正进行调查工作，故现阶段不能披露更多讯息。</p><p style="; ; ; line-height: 28px; font-family: 宋体, Arial, sans-serif; orphans: 2; text-align: -webkit-auto; white-space: normal; widows: 2; background-color: rgb(255, 255, 255); text-indent: 2em;">就美国近期被指入侵多个国家和地区的电脑网络一事，崔世安指出，日前与美国驻港澳总领事杨苏棣会面期间，已明确向对方表达了特区政府的关注。</p><p><br/></p>', '2013-07-10 13:05:55', 0, 0, 0, 0, 1, 30, 'aab', 1, 1, 1, '', 0, 0),
(67, 9, 9, 36, '湖北随州生物化工厂爆炸已确认9人死伤', '', '', '', '新华网武汉7月10日电 （记者李鹏翔 王贤）记者从湖北省消防总队获悉，10日12时许，湖北随州市一生物化工厂发生爆炸。　　目前，已经确认有1人死亡，1人失踪，7人受伤。', '<p style="; ; ; line-height: 28px; font-family: 宋体, Arial, sans-serif; orphans: 2; text-align: -webkit-auto; white-space: normal; widows: 2; background-color: rgb(255, 255, 255);">新华网武汉7月10日电 （记者李鹏翔 王贤）记者从湖北省消防总队获悉，10日12时许，湖北随州市一生物化工厂发生爆炸。</p><p style="; ; ; line-height: 28px; font-family: 宋体, Arial, sans-serif; orphans: 2; text-align: -webkit-auto; white-space: normal; widows: 2; background-color: rgb(255, 255, 255);">　　目前，已经确认有1人死亡，1人失踪，7人受伤。</p><p><br/></p>', '2013-07-10 13:06:10', 0, 0, 0, 0, 1, 30, 'aab', 1, 1, 1, '', 0, 0),
(68, 9, 9, 36, '湖北随州生物化工厂爆炸致1人遇难7人受伤', '', '', '', '爆炸现场 图片来自当地网友爆炸现场 图片来自当地网友中国独家报道【湖北随州生物化工厂爆炸已确认1人遇难】记者从湖北省消防总队获悉，10日12时许，湖北随州市一生物化工厂发生爆炸。目前，已经确认有1人遇难，1人失踪，7人受伤。', '<p style="text-align:center;; ; ; line-height: 28px; font-family: 宋体, Arial, sans-serif; orphans: 2; white-space: normal; widows: 2; background-color: rgb(255, 255, 255);"><br/></p><p><img alt="湖北随州生物化工厂爆炸致1人遇难7人受伤" src="http://img1.gtimg.com/news/pics/hv1/93/228/1368/89012433.jpg" style="border-top-style: none; border-right-style: none; border-bottom-style: none; border-left-style: none; border-width: initial; border-color: initial; border-image: initial; vertical-align: bottom; "/></p><p><br/></p><p style="text-align:center;; ; ; font-size: 10.5pt; line-height: 28px; orphans: 2; white-space: normal; widows: 2; background-color: rgb(255, 255, 255); font-family: 宋体;">爆炸现场 图片来自当地网友</p><p style="text-align:center;; ; ; line-height: 28px; font-family: 宋体, Arial, sans-serif; orphans: 2; white-space: normal; widows: 2; background-color: rgb(255, 255, 255);"><br/></p><p><img alt="湖北随州生物化工厂爆炸致1人遇难7人受伤" src="http://img1.gtimg.com/news/pics/hv1/94/228/1368/89012434.jpg" style="border-top-style: none; border-right-style: none; border-bottom-style: none; border-left-style: none; border-width: initial; border-color: initial; border-image: initial; vertical-align: bottom; "/></p><p><br/></p><p style="text-align:center;; ; ; font-size: 10.5pt; line-height: 28px; orphans: 2; white-space: normal; widows: 2; background-color: rgb(255, 255, 255); font-family: 宋体;">爆炸现场 图片来自当地网友</p><p style="; ; ; line-height: 28px; font-family: 宋体, Arial, sans-serif; orphans: 2; text-align: -webkit-auto; white-space: normal; widows: 2; background-color: rgb(255, 255, 255); text-indent: 2em;">中国独家报道【湖北随州生物化工厂爆炸已确认1人遇难】记者从湖北省消防总队获悉，10日12时许，湖北随州市一生物化工厂发生爆炸。目前，已经确认有1人遇难，1人失踪，7人受伤。</p><p><br/></p>', '2013-07-10 13:06:28', 0, 0, 0, 0, 1, 30, 'aab', 1, 1, 1, '', 0, 0),
(69, 9, 9, 36, '太原市长耿彦波向知名房企推介城中村改造项目', '', '', '', '城中村改造，将为晋阳湖片区带来新的发展机遇 资料图片太原市委、市政府向国内知名房企推介城中村改造项目7月9日，太原暴雨。迎泽宾馆晋泽轩，太原市长耿彦波拿着自己亲手写的讲话稿，面对邀请来的近50家国内知名房地产开发企业老总，诚恳推介太原市34个城中村改造项目，以及部分棚户区改造项目。这是太原首次以市委、市政府名义，围绕城市改造项目，邀请国内知名大集团、大企业的老总们进行项目合作洽谈。在推介中，耿彦波', '<p style="text-align:center;; ; ; line-height: 28px; font-family: 宋体, Arial, sans-serif; orphans: 2; white-space: normal; widows: 2; background-color: rgb(255, 255, 255);"><br/></p><p><img border="1" name="MM" alt="耿彦波：让城市“难点”变“亮点”（图）" src="http://img1.gtimg.com/news/pics/hv1/67/224/1368/89011387.jpg" style="border-top-style: none; border-right-style: none; border-bottom-style: none; border-left-style: none; border-width: initial; border-color: initial; border-image: initial; vertical-align: bottom; "/></p><p><br/></p><p style="; ; ; line-height: 28px; font-family: 宋体, Arial, sans-serif; orphans: 2; text-align: -webkit-auto; white-space: normal; widows: 2; background-color: rgb(255, 255, 255);"><br/></p><p><span style="font-size: 12px; ">城中村改造，将为晋阳湖片区带来新的发展机遇 资料图片</span></p><p style="; ; ; line-height: 28px; font-family: 宋体, Arial, sans-serif; orphans: 2; text-align: -webkit-auto; white-space: normal; widows: 2; background-color: rgb(255, 255, 255); text-indent: 2em;"><strong>太原市委、市政府向国内知名房企推介城中村改造项目</strong></p><p style="; ; ; line-height: 28px; font-family: 宋体, Arial, sans-serif; orphans: 2; text-align: -webkit-auto; white-space: normal; widows: 2; background-color: rgb(255, 255, 255); text-indent: 2em;">7月9日，太原暴雨。迎泽宾馆晋泽轩，太原市长耿彦波拿着自己亲手写的讲话稿，面对邀请来的近50家国内知名房地产开发企业老总，诚恳推介太原市34个城中村改造项目，以及部分棚户区改造项目。</p><p style="; ; ; line-height: 28px; font-family: 宋体, Arial, sans-serif; orphans: 2; text-align: -webkit-auto; white-space: normal; widows: 2; background-color: rgb(255, 255, 255); text-indent: 2em;">这是太原首次以市委、市政府名义，围绕城市改造项目，邀请国内知名大集团、大企业的老总们进行项目合作洽谈。</p><p style="; ; ; line-height: 28px; font-family: 宋体, Arial, sans-serif; orphans: 2; text-align: -webkit-auto; white-space: normal; widows: 2; background-color: rgb(255, 255, 255); text-indent: 2em;">在推介中，耿彦波依然不忘自己在城市经营中始终强调的“规划”的重要性，他说，希望通过这轮大规模城中村改造，为太原这座省会城市创造出高质量的建筑作品。</p><p style="; ; ; line-height: 28px; font-family: 宋体, Arial, sans-serif; orphans: 2; text-align: -webkit-auto; white-space: normal; widows: 2; background-color: rgb(255, 255, 255); text-indent: 2em;"><strong>推介会上涉及40个城中村改造</strong></p><p style="; ; ; line-height: 28px; font-family: 宋体, Arial, sans-serif; orphans: 2; text-align: -webkit-auto; white-space: normal; widows: 2; background-color: rgb(255, 255, 255); text-indent: 2em;">提到城中村，耿彦波坦言：“毋庸讳言，城中村是城市难点，是城市困难和问题所在。”但是，从这位市长的辩证的眼光来看，他认为，“城中村是问题所在，也是潜力所在；是困难所在，也是希望所在；是挑战所在，也是机遇所在。是城市的难点，也会成为城市的亮点。”</p><p style="; ; ; line-height: 28px; font-family: 宋体, Arial, sans-serif; orphans: 2; text-align: -webkit-auto; white-space: normal; widows: 2; background-color: rgb(255, 255, 255); text-indent: 2em;">目前，太原市列入城中村名录的有154个村，总计10.24万户、42.77万人。截至去年底，全市有43个城中村开展了拆除改造。</p><p style="; ; ; line-height: 28px; font-family: 宋体, Arial, sans-serif; orphans: 2; text-align: -webkit-auto; white-space: normal; widows: 2; background-color: rgb(255, 255, 255); text-indent: 2em;">推介会上，太原市将涉及40个城中村的改造内容，清晰规划为25个片区共34个项目，总用地面积1486.57公顷，这些项目主要位于城市核心区、风景名胜区、产业集聚区，优越的地理位置吸引了万科、恒大、保利等20多家国内知名房地产开发企业，此外还有将近30家本土房地产开发企业希望能从中分得一杯羹。</p><p style="; ; ; line-height: 28px; font-family: 宋体, Arial, sans-serif; orphans: 2; text-align: -webkit-auto; white-space: normal; widows: 2; background-color: rgb(255, 255, 255); text-indent: 2em;">为了达到高起点、高标准规划的要求，太原市此次将打破村与村、集体土地与国有土地的界限，进行连片改造。在介绍这些项目时，耿彦波表示，力图通过推倒重来的方式，在城中村土地上画出最新最美的图画。</p><p style="; ; ; line-height: 28px; font-family: 宋体, Arial, sans-serif; orphans: 2; text-align: -webkit-auto; white-space: normal; widows: 2; background-color: rgb(255, 255, 255); text-indent: 2em;"><strong>太原需要能称得上作品的建筑</strong></p><p style="; ; ; line-height: 28px; font-family: 宋体, Arial, sans-serif; orphans: 2; text-align: -webkit-auto; white-space: normal; widows: 2; background-color: rgb(255, 255, 255); text-indent: 2em;">在今年的太原市政府工作报告中，“规划”两个字被格外看重。“规划”的标杆是“百年尺度”和“审美高度”，耿彦波要求各级政府“必须以多留遗产、少留遗憾的历史眼光，宁受一时怨、不挨百年骂的责任担当，树立和维护规划的权威性、原则性和严肃性。”</p><p style="; ; ; line-height: 28px; font-family: 宋体, Arial, sans-serif; orphans: 2; text-align: -webkit-auto; white-space: normal; widows: 2; background-color: rgb(255, 255, 255); text-indent: 2em;">这样的理念在此次洽谈会上再次被反复提及，耿彦波向在座的老总们推介项目时，不忘强调政府的要求，并把建筑提升到“作品”的高度，“企业家应该为企业创造价值，为社会创造财富，为城市创造作品，为大众创造幸福。”</p><p style="; ; ; line-height: 28px; font-family: 宋体, Arial, sans-serif; orphans: 2; text-align: -webkit-auto; white-space: normal; widows: 2; background-color: rgb(255, 255, 255); text-indent: 2em;">“一座城市的美，除了大空间和绿化外，还有每一座建筑的美观，太原需要能称得上作品的建筑。”这是耿彦波曾经在不同场合多次表达的观点，在洽谈会上，耿彦波表示，一流的省会城市需要一流的作品，需要一流的企业团队参与到城中村改造项目中，作品的设计要高标准，要找全国甚至全世界最优秀的设计师参与创作。</p><p style="; ; ; line-height: 28px; font-family: 宋体, Arial, sans-serif; orphans: 2; text-align: -webkit-auto; white-space: normal; widows: 2; background-color: rgb(255, 255, 255); text-indent: 2em;">他这样阐述企业与城市的关系，“企业与城市是共存共赢的关系，企业家要有社会责任感和使命感，城市要想发展好，每个企业的作品必须好。政府要与企业共同创造作品，要给社会做出示范，做出标准，造福人民。”</p><p style="; ; ; line-height: 28px; font-family: 宋体, Arial, sans-serif; orphans: 2; text-align: -webkit-auto; white-space: normal; widows: 2; background-color: rgb(255, 255, 255); text-indent: 2em;"><strong>三项承诺 解除开发商后顾之忧</strong></p><p style="; ; ; line-height: 28px; font-family: 宋体, Arial, sans-serif; orphans: 2; text-align: -webkit-auto; white-space: normal; widows: 2; background-color: rgb(255, 255, 255); text-indent: 2em;">拆迁，是城中村改造中最难解决的问题。此前，太原市很多项目因受拆迁制约迟迟没有进展。耿彦波给出了解决办法，在推介项目时，他做出3三项承诺，一是政府保证拆迁；二是政府的配套条件，城中村改造到哪里，道路、水电气暖配套到哪里；三是政府创造效益，实行并联审批，提高行政审批效率，限时办结。</p><p style="; ; ; line-height: 28px; font-family: 宋体, Arial, sans-serif; orphans: 2; text-align: -webkit-auto; white-space: normal; widows: 2; background-color: rgb(255, 255, 255); text-indent: 2em;">在开发商看来，以这样的方式推介城中村改造项目，彰显的是太原市委市政府的诚意和决心。“我看到了一个城市执政者的决心和信心。”万科集团太原公司副总经理李晓玫说，耿彦波的讲话充满热情和激情，感染着在座的很多同行，“对于万科这样的企业，项目本身没有好坏之分，重要的是怎样去创作，开发商往往更在意的是政策、投资环境，今天的会上传递给我们的都是正能量。”</p><p style="; ; ; line-height: 28px; font-family: 宋体, Arial, sans-serif; orphans: 2; text-align: -webkit-auto; white-space: normal; widows: 2; background-color: rgb(255, 255, 255); text-indent: 2em;">而通过这些承诺，在解除了开发商后顾之忧后，耿彦波希望的是，建设出配套齐全、外形美观、质量合格的建筑，他总结为，要让老百姓住进去，宜居、乐居、利居。</p><p style="; ; ; line-height: 28px; font-family: 宋体, Arial, sans-serif; orphans: 2; text-align: -webkit-auto; white-space: normal; widows: 2; background-color: rgb(255, 255, 255); text-indent: 2em;">本报记者刘捷</p><p style="; ; ; line-height: 28px; font-family: 宋体, Arial, sans-serif; orphans: 2; text-align: -webkit-auto; white-space: normal; widows: 2; background-color: rgb(255, 255, 255); text-indent: 2em;"><strong>政策详解</strong></p><p style="; ; ; line-height: 28px; font-family: 宋体, Arial, sans-serif; orphans: 2; text-align: -webkit-auto; white-space: normal; widows: 2; background-color: rgb(255, 255, 255); text-indent: 2em;"><strong>改造一个村要带动一个片区</strong></p><p style="; ; ; line-height: 28px; font-family: 宋体, Arial, sans-serif; orphans: 2; text-align: -webkit-auto; white-space: normal; widows: 2; background-color: rgb(255, 255, 255); text-indent: 2em;">新一轮大规模城中村改造即将开始，无论是在城中村居住的百姓，还是有意参与项目开发的企业，都迫切希望了解相关政策。为此，本报记者特意走访相关部门，为您详解这些政策。</p><p style="; ; ; line-height: 28px; font-family: 宋体, Arial, sans-serif; orphans: 2; text-align: -webkit-auto; white-space: normal; widows: 2; background-color: rgb(255, 255, 255); text-indent: 2em;">据了解，太原市城中村改造遵循“政府主导、规划引领、整村拆除、安置优先”的原则，采取片区改造、统一规划、分步实施等方式，力图做到改造一个村，带动一个片区，形成一个产业，打造一个亮点。</p><p style="; ; ; line-height: 28px; font-family: 宋体, Arial, sans-serif; orphans: 2; text-align: -webkit-auto; white-space: normal; widows: 2; background-color: rgb(255, 255, 255); text-indent: 2em;">政策一：打破界限，连片规划</p><p style="; ; ; line-height: 28px; font-family: 宋体, Arial, sans-serif; orphans: 2; text-align: -webkit-auto; white-space: normal; widows: 2; background-color: rgb(255, 255, 255); text-indent: 2em;">城中村改造要与城市整体规划相结合，高起点、高标准编制规划方案。市政府鼓励打破村与村、集体土地与国有土地界限，连片改造，规划设计范围以城市路网为界，连片整体开发改造，积极为改造创造条件。</p><p style="; ; ; line-height: 28px; font-family: 宋体, Arial, sans-serif; orphans: 2; text-align: -webkit-auto; white-space: normal; widows: 2; background-color: rgb(255, 255, 255); text-indent: 2em;">政策二：整村拆除，半年完成</p><p style="; ; ; line-height: 28px; font-family: 宋体, Arial, sans-serif; orphans: 2; text-align: -webkit-auto; white-space: normal; widows: 2; background-color: rgb(255, 255, 255); text-indent: 2em;">城中村整村拆除工作由各区政府组织，以村为单位实施。整村拆除开始后，原则上要在6个月内完成。</p><p style="; ; ; line-height: 28px; font-family: 宋体, Arial, sans-serif; orphans: 2; text-align: -webkit-auto; white-space: normal; widows: 2; background-color: rgb(255, 255, 255); text-indent: 2em;">政策三：合理控制分配各方比例</p><p style="; ; ; line-height: 28px; font-family: 宋体, Arial, sans-serif; orphans: 2; text-align: -webkit-auto; white-space: normal; widows: 2; background-color: rgb(255, 255, 255); text-indent: 2em;">城中村改造住宅用地容积率原则上按不大于3.5控制，商业用地的容积率原则上按不大于5控制。合理分配住宅、商业、产业比例，维护改造各方的利益。</p><p style="; ; ; line-height: 28px; font-family: 宋体, Arial, sans-serif; orphans: 2; text-align: -webkit-auto; white-space: normal; widows: 2; background-color: rgb(255, 255, 255); text-indent: 2em;">政策四：土地出让金85%用于拆迁安置</p><p style="; ; ; line-height: 28px; font-family: 宋体, Arial, sans-serif; orphans: 2; text-align: -webkit-auto; white-space: normal; widows: 2; background-color: rgb(255, 255, 255); text-indent: 2em;">改造用地全部以公开出（转）让方式供地。村集体或开发单位按市政府批准的土地备案价缴纳土地出让金，市财政返还85%用于支付村民征收拆迁安置成本。</p><p style="; ; ; line-height: 28px; font-family: 宋体, Arial, sans-serif; orphans: 2; text-align: -webkit-auto; white-space: normal; widows: 2; background-color: rgb(255, 255, 255); text-indent: 2em;">政策五：并联审批即报即办</p><p style="; ; ; line-height: 28px; font-family: 宋体, Arial, sans-serif; orphans: 2; text-align: -webkit-auto; white-space: normal; widows: 2; background-color: rgb(255, 255, 255); text-indent: 2em;">市发改、规划、国土、住建、房管、财政等部门在各自职责范围内为城中村改造项目手续办理开辟审批绿色通道，实行扁平化作业，优化审批流程，并联审批，即报即办。</p><p style="; ; ; line-height: 28px; font-family: 宋体, Arial, sans-serif; orphans: 2; text-align: -webkit-auto; white-space: normal; widows: 2; background-color: rgb(255, 255, 255); text-indent: 2em;">政策六：安置项目，免收多种费用</p><p style="; ; ; line-height: 28px; font-family: 宋体, Arial, sans-serif; orphans: 2; text-align: -webkit-auto; white-space: normal; widows: 2; background-color: rgb(255, 255, 255); text-indent: 2em;">用于安置村民的住宅项目，免交城市基础设施配套费、城市消防设施配套费、园林配套绿化工程建设资金、中小学建设资金、新型墙体材料专项资金、散装水泥专项基金、人防工程易地建设费；用于发展经济的项目，除城市基础设施配套费外，其余6项费用免收。</p><p style="; ; ; line-height: 28px; font-family: 宋体, Arial, sans-serif; orphans: 2; text-align: -webkit-auto; white-space: normal; widows: 2; background-color: rgb(255, 255, 255); text-indent: 2em;">政策七：基础设施优先建设</p><p style="; ; ; line-height: 28px; font-family: 宋体, Arial, sans-serif; orphans: 2; text-align: -webkit-auto; white-space: normal; widows: 2; background-color: rgb(255, 255, 255); text-indent: 2em;">整村拆除改造村所涉及的市政基础设施，属于市政府建设的，优先列入城市年度建设计划，与整村拆除同步进行。</p><p style="; ; ; line-height: 28px; font-family: 宋体, Arial, sans-serif; orphans: 2; text-align: -webkit-auto; white-space: normal; widows: 2; background-color: rgb(255, 255, 255); text-indent: 2em;">政策八：享受棚户区优惠政策</p><p style="; ; ; line-height: 28px; font-family: 宋体, Arial, sans-serif; orphans: 2; text-align: -webkit-auto; white-space: normal; widows: 2; background-color: rgb(255, 255, 255); text-indent: 2em;">城中村改造项目全部纳入棚户区改造范围，享受国家、省、市棚户区改造优惠政策。</p><p style="; ; ; line-height: 28px; font-family: 宋体, Arial, sans-serif; orphans: 2; text-align: -webkit-auto; white-space: normal; widows: 2; background-color: rgb(255, 255, 255); text-indent: 2em;">本报记者刘捷</p><p style="; ; ; line-height: 28px; font-family: 宋体, Arial, sans-serif; orphans: 2; text-align: -webkit-auto; white-space: normal; widows: 2; background-color: rgb(255, 255, 255); text-indent: 2em;"><strong>区长推介</strong></p><p style="; ; ; line-height: 28px; font-family: 宋体, Arial, sans-serif; orphans: 2; text-align: -webkit-auto; white-space: normal; widows: 2; background-color: rgb(255, 255, 255); text-indent: 2em;"><strong>各区各有优势发展方向不同</strong></p><p style="; ; ; line-height: 28px; font-family: 宋体, Arial, sans-serif; orphans: 2; text-align: -webkit-auto; white-space: normal; widows: 2; background-color: rgb(255, 255, 255); text-indent: 2em;">在这场城中村改造项目及棚户区改造项目推介会上，太原市六城区的区长们，亲自上阵，卖力吆喝，不遗余力地介绍该区的区位优势及特色，希望能够吸引大集团大企业的老总们目光。本报在此分别挑选其中一句话进行呈现。</p><p style="; ; ; line-height: 28px; font-family: 宋体, Arial, sans-serif; orphans: 2; text-align: -webkit-auto; white-space: normal; widows: 2; background-color: rgb(255, 255, 255); text-indent: 2em;">小店区是山西省建设太原都市圈、推进太原晋中同城化的核心区，建设汾东商务区的重要承载区，是全省投资活力最强、经济最活跃的地区。</p><p style="; ; ; line-height: 28px; font-family: 宋体, Arial, sans-serif; orphans: 2; text-align: -webkit-auto; white-space: normal; widows: 2; background-color: rgb(255, 255, 255); text-indent: 2em;">小店区区长杨继承</p><p style="; ; ; line-height: 28px; font-family: 宋体, Arial, sans-serif; orphans: 2; text-align: -webkit-auto; white-space: normal; widows: 2; background-color: rgb(255, 255, 255); text-indent: 2em;">迎泽区地理位置得天独厚，是省城的政治中心、金融中心、交通枢纽和对外交往的“窗口”。</p><p style="; ; ; line-height: 28px; font-family: 宋体, Arial, sans-serif; orphans: 2; text-align: -webkit-auto; white-space: normal; widows: 2; background-color: rgb(255, 255, 255); text-indent: 2em;">迎泽区代区长冯原平</p><p style="; ; ; line-height: 28px; font-family: 宋体, Arial, sans-serif; orphans: 2; text-align: -webkit-auto; white-space: normal; widows: 2; background-color: rgb(255, 255, 255); text-indent: 2em;">万柏林要建设“一流产业大区、一流宜居大区、一流生态大区”，在城中村改造过程中，对于投资改造项目的投资商，我们将尽全力搞好配套和全程跟踪服务。</p><p style="; ; ; line-height: 28px; font-family: 宋体, Arial, sans-serif; orphans: 2; text-align: -webkit-auto; white-space: normal; widows: 2; background-color: rgb(255, 255, 255); text-indent: 2em;">万柏林区区长杨俊民</p><p style="; ; ; line-height: 28px; font-family: 宋体, Arial, sans-serif; orphans: 2; text-align: -webkit-auto; white-space: normal; widows: 2; background-color: rgb(255, 255, 255); text-indent: 2em;">杏花岭区是太原市的政治大区，省政府、省政协、省军区、太原市委、市政府等省、市党政军机关均驻该区，教育资源发达。同时，有着深厚的历史文化底蕴，区内有督军府、拱极门等文物保护单位。</p><p style="; ; ; line-height: 28px; font-family: 宋体, Arial, sans-serif; orphans: 2; text-align: -webkit-auto; white-space: normal; widows: 2; background-color: rgb(255, 255, 255); text-indent: 2em;">杏花岭区区长李浓</p><p style="; ; ; line-height: 28px; font-family: 宋体, Arial, sans-serif; orphans: 2; text-align: -webkit-auto; white-space: normal; widows: 2; background-color: rgb(255, 255, 255); text-indent: 2em;">尖草坪区努力构建太原北部独具魅力的“能都新区”和“山水新城”，区内生态环境优美，交通快捷便利，文化底蕴深厚。</p><p style="; ; ; line-height: 28px; font-family: 宋体, Arial, sans-serif; orphans: 2; text-align: -webkit-auto; white-space: normal; widows: 2; background-color: rgb(255, 255, 255); text-indent: 2em;">尖草坪区区长李贵增</p><p style="; ; ; line-height: 28px; font-family: 宋体, Arial, sans-serif; orphans: 2; text-align: -webkit-auto; white-space: normal; widows: 2; background-color: rgb(255, 255, 255); text-indent: 2em;">晋源区重点发展的产业有文化旅游业、现代服务业、都市农业，长风文化商务区等一大批体现晋阳文化特色的精品建筑群相继建成，城市发展层次、发展内涵和综合承载能力大大提升。</p><p style="; ; ; line-height: 28px; font-family: 宋体, Arial, sans-serif; orphans: 2; text-align: -webkit-auto; white-space: normal; widows: 2; background-color: rgb(255, 255, 255); text-indent: 2em;">晋源区副区长卢俊峰</p><p style="; ; ; line-height: 28px; font-family: 宋体, Arial, sans-serif; orphans: 2; text-align: -webkit-auto; white-space: normal; widows: 2; background-color: rgb(255, 255, 255); text-indent: 2em;">本报记者刘捷 路丽虹</p><p><br/></p>', '2013-07-10 13:06:52', 0, 0, 0, 0, 1, 30, 'aab', 1, 1, 1, '', 0, 0);
INSERT INTO `blog_article` (`id`, `channel1_id`, `channel2_id`, `category_id`, `title`, `titlestyle`, `titlepic`, `tags`, `summary`, `content`, `createtime`, `views`, `comments`, `goods`, `bads`, `status`, `user_id`, `username`, `istop`, `isoriginal`, `cancomment`, `password`, `ishome`, `isrecommend`) VALUES
(70, 9, 9, 36, '四川茂县再成孤岛：国省干道全部中断全县停电', '', '', '', '四川日报网消息（杨柏辉 徐中成 记者 松涛 14：28报道）7月10日，茂县遭遇9日特大暴雨后，10日的持续降雨，再次让茂县陷入孤岛。9日通过抢修的省道302线已可以通到土门乡马家桥头，但昨日夜间的持续降水使该路段再度中断，目前，可通到光明乡明足底村，富顺乡、土门乡、东兴乡成为孤岛。10日，国道213线南新七星关棚洞侧有大量山体滑坡堆积体，抢险队伍冒着岩体随时垮塌的危险在时断时续的进行抢通，但山体', '<p style="; ; ; line-height: 28px; font-family: 宋体, Arial, sans-serif; orphans: 2; text-align: -webkit-auto; white-space: normal; widows: 2; background-color: rgb(255, 255, 255); text-indent: 2em;"><span style="font-size: 14px; ">四川日报网消息（杨柏辉 徐中成 记者 松涛 14：28报道）7月10日，茂</span>县遭遇9日特大暴雨后，10日的持续降雨，再次让茂县陷入孤岛。</p><p style="; ; ; line-height: 28px; font-family: 宋体, Arial, sans-serif; orphans: 2; text-align: -webkit-auto; white-space: normal; widows: 2; background-color: rgb(255, 255, 255); text-indent: 2em;">9日通过抢修的省道302线已可以通到土门乡马家桥头，但昨日夜间的持续降水使该路段再度中断，目前，可通到光明乡明足底村，富顺乡、土门乡、东兴乡成为孤岛。</p><p style="; ; ; line-height: 28px; font-family: 宋体, Arial, sans-serif; orphans: 2; text-align: -webkit-auto; white-space: normal; widows: 2; background-color: rgb(255, 255, 255); text-indent: 2em;">10日，国道213线南新七星关棚洞侧有大量山体滑坡堆积体，抢险队伍冒着岩体随时垮塌的危险在时断时续的进行抢通，但山体在随时垮塌，抢通进度很慢，过往车辆已在交警的指挥下，停放在安全路段；国道213线凤仪镇境内的红岩子和渭门乡境内的黑岩子也大面积垮塌，现在正在抢通中；国道213线很多路段都有泥石流冲击物堆积体，请过往车辆小心通过。</p><p style="; ; ; line-height: 28px; font-family: 宋体, Arial, sans-serif; orphans: 2; text-align: -webkit-auto; white-space: normal; widows: 2; background-color: rgb(255, 255, 255); text-indent: 2em;">同时，这次大暴雨也造成茂县全县停电，部分乡镇通讯中断。</p><p style="; ; ; line-height: 28px; font-family: 宋体, Arial, sans-serif; orphans: 2; text-align: -webkit-auto; white-space: normal; widows: 2; background-color: rgb(255, 255, 255); text-indent: 2em;">目前，该县正在对处于地质隐患点的群众进行疏散安置和积极组织力量进行抗洪救灾抢险。</p><p><br/></p>', '2013-07-10 13:07:17', 0, 0, 0, 0, 1, 30, 'aab', 1, 1, 1, '', 0, 0),
(73, 9, 9, 36, '四川都江堰发生泥石流 11户人家约17人被埋困', '', '', '', '【目前断定约17人被埋压】央视记者从消防部门得到的消息，都江堰泥石流导致11户村民被泥石流掩埋，约17人被埋压，仍有300多人被困，救援人员正在现场展开救援。四川日报网记者 吴梦琳14：35报道：7月10日，四川日报网记者从成都警备区获悉，都江堰市中兴镇三溪村五里坡因山洪泥石流导致有11户人家被困或埋压，约40余人。都江堰市人武部12时15分接到当地求助后，已就地组织100余名民兵前往救援。目前当', '<p style="; ; ; line-height: 28px; font-family: 宋体, Arial, sans-serif; orphans: 2; text-align: -webkit-auto; white-space: normal; widows: 2; background-color: rgb(255, 255, 255); text-indent: 2em;">【目前断定约17人被埋压】央视记者从消防部门得到的消息，都江堰泥石流导致11户村民被泥石流掩埋，约17人被埋压，仍有300多人被困，救援人员正在现场展开救援。</p><p style="; ; ; line-height: 28px; font-family: 宋体, Arial, sans-serif; orphans: 2; text-align: -webkit-auto; white-space: normal; widows: 2; background-color: rgb(255, 255, 255); text-indent: 2em;">四川日报网记者 吴梦琳14：35报道：7月10日，四川日报网记者从成都警备区获悉，都江堰市中兴镇三溪村五里坡因山洪泥石流导致有11户人家被困或埋压，约40余人。</p><p style="; ; ; line-height: 28px; font-family: 宋体, Arial, sans-serif; orphans: 2; text-align: -webkit-auto; white-space: normal; widows: 2; background-color: rgb(255, 255, 255); text-indent: 2em;">都江堰市人武部12时15分接到当地求助后，已就地组织100余名民兵前往救援。目前当地通讯中断，目前记者正随同救灾官兵紧急赶赴现场，将第一时间发回最新救灾进展</p><p><br/></p>', '2013-07-10 13:08:19', 2, 1, 0, 0, 1, 30, 'aab', 1, 1, 1, '', 0, 0),
(74, 10, 10, 36, '成都都江堰发生泥石流 被埋人数仍在核实', '', '', '', '新华网成都7月10日电 （记者党文伯叶建平　许茹）记者10日从成都公安消防支队了解到，成都市都江堰中兴镇五里坡发生泥石流，救援人员正在赶往现场，被埋人员数量正在核实。　　成都市公安消防支队支队长马昆介绍说，上午11时许，该支队接到报警后，成都消防指挥中心迅速调出十六中队、十九中队、都江堰江安路政府队共计4台消防车、24人赶往救援。随后，成都消防指挥中心又调出全市“飞豹”救援队奔赴现场。　　据了解，', '<p style="; ; ; line-height: 28px; font-family: 宋体, Arial, sans-serif; orphans: 2; text-align: -webkit-auto; white-space: normal; widows: 2; background-color: rgb(255, 255, 255);">新华网成都7月10日电 （记者党文伯叶建平　许茹）记者10日从成都公安消防支队了解到，成都市都江堰中兴镇五里坡发生泥石流，救援人员正在赶往现场，被埋人员数量正在核实。</p><p style="; ; ; line-height: 28px; font-family: 宋体, Arial, sans-serif; orphans: 2; text-align: -webkit-auto; white-space: normal; widows: 2; background-color: rgb(255, 255, 255);">　　成都市公安消防支队支队长马昆介绍说，上午11时许，该支队接到报警后，成都消防指挥中心迅速调出十六中队、十九中队、都江堰江安路政府队共计4台消防车、24人赶往救援。随后，成都消防指挥中心又调出全市“飞豹”救援队奔赴现场。</p><p style="; ; ; line-height: 28px; font-family: 宋体, Arial, sans-serif; orphans: 2; text-align: -webkit-auto; white-space: normal; widows: 2; background-color: rgb(255, 255, 255);">　　据了解，成都消防目前已派出100多名救援人员赶往现场。其中，成都消防特勤大队已赶到。新华社记者也正在赶往现场。</p><p style="; ; ; line-height: 28px; font-family: 宋体, Arial, sans-serif; orphans: 2; text-align: -webkit-auto; white-space: normal; widows: 2; background-color: rgb(255, 255, 255);">　　据“成都市公安消防支队”官方微博13时消息，都江堰五里峰大约有30人至40人因山洪泥石流被埋压，开展搜救行动的成都消防官兵第一批作战力量已经到达现场，目前前方通讯信号不畅。</p><p><br/></p>', '2013-07-10 13:08:38', 1, 0, 0, 0, 1, 30, 'aab', 1, 1, 1, '', 0, 0),
(75, 10, 10, 36, '7日来全国暴雨洪涝等灾害造成35人死亡或失踪', '', '', '', '7月7日以来，四川盆地西部、西北地区东部、华北地区中南部、黄淮北部、华南南部出现明显降雨过程，局地出现大暴雨，并伴有雷电、冰雹等强对流天气，引发洪涝、风雹、山体滑坡、泥石流等灾害。据国家减灾办统计，截至7月10日9时，北京、河北、山西、内蒙古、黑龙江、江苏、安徽、山东、河南、四川、云南、陕西、甘肃、宁夏、新疆等15省（自治区、直辖市）146个县（区、市）167.1万人受灾，16人因灾死亡、19人失', '<p><span style="font-family: 宋体, Arial, sans-serif; line-height: 28px; orphans: 2; text-align: -webkit-auto; text-indent: 32px;  widows: 2; background-color: rgb(255, 255, 255);">7月7日以来，四川盆地西部、西北地区东部、华北地区中南部、黄淮北部、华南南部出现明显降雨过程，局地出现大暴雨，并伴有雷电、冰雹等强对流天气，引发洪涝、风雹、山体滑坡、泥石流等灾害。据国家减灾办统计，截至7月10日9时，北京、河北、山西、内蒙古、黑龙江、江苏、安徽、山东、河南、四川、云南、陕西、甘肃、宁夏、新疆等15省（自治区、直辖市）146个县（区、市）167.1万人受灾，16人因灾死亡、19人失踪，其中，北京因灾死亡1人，河北因灾死亡3人，内蒙古因灾死亡3人，四川因灾死亡5人、失踪16人，云南因灾死亡4人，甘肃因灾失踪3人</span></p>', '2013-07-10 13:09:01', 0, 0, 0, 0, 1, 30, 'aab', 1, 1, 1, '', 0, 0),
(76, 10, 10, 36, '湖北随州一生物化工厂发生爆炸 现场浓烟滚滚', '', '', '', '中国独家报道【湖北随州一生物化工厂发生爆炸】记者从随州市消防部门获悉，10日12时许，湖北随州市一生物化工厂发生爆炸，现场浓烟滚滚、较为混乱，当地消防部门已调集100多名消防官兵参与救援。目前，已有人员受伤，但具体伤亡人数不详。', '<p><span style="font-family: 宋体, Arial, sans-serif; line-height: 28px; orphans: 2; text-align: -webkit-auto; text-indent: 32px;  widows: 2; background-color: rgb(255, 255, 255);">中国独家报道【湖北随州一生物化工厂发生爆炸】记者从随州市消防部门获悉，10日12时许，湖北随州市一生物化工厂发生爆炸，现场浓烟滚滚、较为混乱，当地消防部门已调集100多名消防官兵参与救援。目前，已有人员受伤，但具体伤亡人数不详。</span></p>', '2013-07-10 13:09:18', 0, 0, 0, 0, 1, 30, 'aab', 1, 1, 1, '', 0, 0),
(77, 10, 10, 36, '北京食品办通报7款不合格食品 内黄腐竹4上黑榜', '', '', '', '本报讯 河南省内黄县出产的腐竹，再次上了&quot;黑榜&quot;。北京市食品办今天上午通报，7款食品抽检不合格被下架，其中，产自内黄的&quot;豆清泉&quot;牌腐竹被检出&quot;吊白块&quot;。这款腐竹的&quot;吊白块&quot;含量高达82mg/kg，&quot;吊白块&quot;是甲醛次硫酸氢钠的俗称，是被禁止作为食品添加剂使用的。使用&quot;吊白块&quot;能改善', '<p style="; ; ; line-height: 28px; font-family: 宋体, Arial, sans-serif; orphans: 2; text-align: -webkit-auto; white-space: normal; widows: 2; background-color: rgb(255, 255, 255); text-indent: 2em;">本报讯 河南省内黄县出产的腐竹，再次上了&quot;黑榜&quot;。</p><p style="; ; ; line-height: 28px; font-family: 宋体, Arial, sans-serif; orphans: 2; text-align: -webkit-auto; white-space: normal; widows: 2; background-color: rgb(255, 255, 255); text-indent: 2em;">北京市食品办今天上午通报，7款食品抽检不合格被下架，其中，产自内黄的&quot;豆清泉&quot;牌腐竹被检出&quot;吊白块&quot;。</p><p style="; ; ; line-height: 28px; font-family: 宋体, Arial, sans-serif; orphans: 2; text-align: -webkit-auto; white-space: normal; widows: 2; background-color: rgb(255, 255, 255); text-indent: 2em;">这款腐竹的&quot;吊白块&quot;含量高达82mg/kg，&quot;吊白块&quot;是甲醛次硫酸氢钠的俗称，是被禁止作为食品添加剂使用的。</p><p style="; ; ; line-height: 28px; font-family: 宋体, Arial, sans-serif; orphans: 2; text-align: -webkit-auto; white-space: normal; widows: 2; background-color: rgb(255, 255, 255); text-indent: 2em;">使用&quot;吊白块&quot;能改善食品的外观和口感，但加热后，它会分解出剧毒的致癌物质，比如甲醛，消费者食用后会引起胃痛、呕吐和呼吸困难，严重的还会导致癌变和畸形病变。</p><p style="; ; ; line-height: 28px; font-family: 宋体, Arial, sans-serif; orphans: 2; text-align: -webkit-auto; white-space: normal; widows: 2; background-color: rgb(255, 255, 255); text-indent: 2em;">据悉，生产该款腐竹的内黄万利豆业有限公司，不是首次登上黑榜，早在2009年、2010年，其产品就被河南质监和北京工商分别通报部分批次产品被检出含有吊白块、硼砂等。</p><p style="; ; ; line-height: 28px; font-family: 宋体, Arial, sans-serif; orphans: 2; text-align: -webkit-auto; white-space: normal; widows: 2; background-color: rgb(255, 255, 255); text-indent: 2em;">北京市工商局决定对不合格食品在流通领域采取停止销售措施，并提醒消费者：凡已购买上述不合格食品的消费者可凭购物小票和食品外包装向销售单位要求退货。</p><p style="; ; ; line-height: 28px; font-family: 宋体, Arial, sans-serif; orphans: 2; text-align: -webkit-auto; white-space: normal; widows: 2; background-color: rgb(255, 255, 255); text-indent: 2em;"><strong>发现</strong></p><p style="; ; ; line-height: 28px; font-family: 宋体, Arial, sans-serif; orphans: 2; text-align: -webkit-auto; white-space: normal; widows: 2; background-color: rgb(255, 255, 255); text-indent: 2em;"><strong>内黄县腐竹4次上黑榜</strong></p><p style="; ; ; line-height: 28px; font-family: 宋体, Arial, sans-serif; orphans: 2; text-align: -webkit-auto; white-space: normal; widows: 2; background-color: rgb(255, 255, 255); text-indent: 2em;">记者发现，内黄县腐竹分别于去年9月、11月、12月期间被北京市工商局检出不合格。</p><p style="; ; ; line-height: 28px; font-family: 宋体, Arial, sans-serif; orphans: 2; text-align: -webkit-auto; white-space: normal; widows: 2; background-color: rgb(255, 255, 255); text-indent: 2em;">在去年的问题腐竹中，大部分是散装品，而销售点大多是市场中的个人摊位和小食品店。</p><p style="; ; ; line-height: 28px; font-family: 宋体, Arial, sans-serif; orphans: 2; text-align: -webkit-auto; white-space: normal; widows: 2; background-color: rgb(255, 255, 255); text-indent: 2em;">据了解，河南省内黄县是腐竹的重要产区，据不完全统计，目前内黄县腐竹加工厂已发展到576家，年产值5.4亿多元。北京是其销区之一。</p><p style="; ; ; line-height: 28px; font-family: 宋体, Arial, sans-serif; orphans: 2; text-align: -webkit-auto; white-space: normal; widows: 2; background-color: rgb(255, 255, 255); text-indent: 2em;">该县此前频频出现式无证生产的作坊式企业，相关部门则对其屡查不尽。</p><p style="; ; ; line-height: 28px; font-family: 宋体, Arial, sans-serif; orphans: 2; text-align: -webkit-auto; white-space: normal; widows: 2; background-color: rgb(255, 255, 255); text-indent: 2em;">今天上午，记者致电当地质监部门，但未联系上相关负责人。</p><p style="; ; ; line-height: 28px; font-family: 宋体, Arial, sans-serif; orphans: 2; text-align: -webkit-auto; white-space: normal; widows: 2; background-color: rgb(255, 255, 255); text-indent: 2em;">当地质监等部门工作通报显示，当地正在清理整顿腐竹生产行业，力图清除小作坊式无证生产的企业。</p><p style="; ; ; line-height: 28px; font-family: 宋体, Arial, sans-serif; orphans: 2; text-align: -webkit-auto; white-space: normal; widows: 2; background-color: rgb(255, 255, 255); text-indent: 2em;"><strong>全市下架食品名单</strong></p><p style="; ; ; line-height: 28px; font-family: 宋体, Arial, sans-serif; orphans: 2; text-align: -webkit-auto; white-space: normal; widows: 2; background-color: rgb(255, 255, 255); text-indent: 2em;">名称 商标 生产日期 标注生产单位名称</p><p style="; ; ; line-height: 28px; font-family: 宋体, Arial, sans-serif; orphans: 2; text-align: -webkit-auto; white-space: normal; widows: 2; background-color: rgb(255, 255, 255); text-indent: 2em;">腐竹 豆清泉 2012.11.15 内黄万利豆业有限公司</p><p style="; ; ; line-height: 28px; font-family: 宋体, Arial, sans-serif; orphans: 2; text-align: -webkit-auto; white-space: normal; widows: 2; background-color: rgb(255, 255, 255); text-indent: 2em;">莲宝鲜味精 莲宝 2012.2.4 霸州市莲宝商贸有限责任公司</p><p style="; ; ; line-height: 28px; font-family: 宋体, Arial, sans-serif; orphans: 2; text-align: -webkit-auto; white-space: normal; widows: 2; background-color: rgb(255, 255, 255); text-indent: 2em;">酒鬼麻辣花生 朋乐 2012.10.3 郯城县佳佳旺食品厂</p><p style="; ; ; line-height: 28px; font-family: 宋体, Arial, sans-serif; orphans: 2; text-align: -webkit-auto; white-space: normal; widows: 2; background-color: rgb(255, 255, 255); text-indent: 2em;">开胃丝 大福乐 2012.11.25 汝州市湘汝食品厂</p><p style="; ; ; line-height: 28px; font-family: 宋体, Arial, sans-serif; orphans: 2; text-align: -webkit-auto; white-space: normal; widows: 2; background-color: rgb(255, 255, 255); text-indent: 2em;">小萝卜 真氏 2012.12.14 兰溪市曾大哥食品有限公司</p><p style="; ; ; line-height: 28px; font-family: 宋体, Arial, sans-serif; orphans: 2; text-align: -webkit-auto; white-space: normal; widows: 2; background-color: rgb(255, 255, 255); text-indent: 2em;">卤汁鸡丝味 红姐 2012.12.2 沈阳市和平区味奇正食品厂</p><p style="; ; ; line-height: 28px; font-family: 宋体, Arial, sans-serif; orphans: 2; text-align: -webkit-auto; white-space: normal; widows: 2; background-color: rgb(255, 255, 255); text-indent: 2em;">枸杞 田人 2012.10.9 北京恒发世纪商贸有限公司加工分公司</p><p style="; ; ; line-height: 28px; font-family: 宋体, Arial, sans-serif; orphans: 2; text-align: -webkit-auto; white-space: normal; widows: 2; background-color: rgb(255, 255, 255); text-indent: 2em;"><strong>北京市食品办</strong></p><p style="; ; ; line-height: 28px; font-family: 宋体, Arial, sans-serif; orphans: 2; text-align: -webkit-auto; white-space: normal; widows: 2; background-color: rgb(255, 255, 255); text-indent: 2em;"><strong>此前被北京工商部门下架的内黄县不合格腐竹产品</strong></p><p style="; ; ; line-height: 28px; font-family: 宋体, Arial, sans-serif; orphans: 2; text-align: -webkit-auto; white-space: normal; widows: 2; background-color: rgb(255, 255, 255); text-indent: 2em;">品牌 厂家 检出物质</p><p style="; ; ; line-height: 28px; font-family: 宋体, Arial, sans-serif; orphans: 2; text-align: -webkit-auto; white-space: normal; widows: 2; background-color: rgb(255, 255, 255); text-indent: 2em;">豫竹王牌 内黄县工业园豆制品厂 二氧化硫硼砂甲醛次硫酸氢钠</p><p style="; ; ; line-height: 28px; font-family: 宋体, Arial, sans-serif; orphans: 2; text-align: -webkit-auto; white-space: normal; widows: 2; background-color: rgb(255, 255, 255); text-indent: 2em;">双帆 内黄县旺盛豆制品厂 硼砂</p><p style="; ; ; line-height: 28px; font-family: 宋体, Arial, sans-serif; orphans: 2; text-align: -webkit-auto; white-space: normal; widows: 2; background-color: rgb(255, 255, 255); text-indent: 2em;">双航 内黄县宇航豆制品厂 吊白块、亚硫酸盐、硼砂</p><p style="; ; ; line-height: 28px; font-family: 宋体, Arial, sans-serif; orphans: 2; text-align: -webkit-auto; white-space: normal; widows: 2; background-color: rgb(255, 255, 255); text-indent: 2em;"><strong>追访</strong></p><p style="; ; ; line-height: 28px; font-family: 宋体, Arial, sans-serif; orphans: 2; text-align: -webkit-auto; white-space: normal; widows: 2; background-color: rgb(255, 255, 255); text-indent: 2em;"><strong>问题厂家或被清退出北京市场</strong></p><p style="; ; ; line-height: 28px; font-family: 宋体, Arial, sans-serif; orphans: 2; text-align: -webkit-auto; white-space: normal; widows: 2; background-color: rgb(255, 255, 255); text-indent: 2em;">据了解，河南内黄县的腐竹在北京的销售量颇大，记者走访了新发地、八里桥等批发市场，均有内黄县出厂的腐竹销售。商户表示，一些规范的内黄腐竹企业生产的腐竹还是安全的，通过了市场相关部门的抽检。</p><p style="; ; ; line-height: 28px; font-family: 宋体, Arial, sans-serif; orphans: 2; text-align: -webkit-auto; white-space: normal; widows: 2; background-color: rgb(255, 255, 255); text-indent: 2em;">北京市场上老百姓常买的腐竹来自河南、河北、山东、山西几个省份，河南是主要供应地之一。</p><p style="; ; ; line-height: 28px; font-family: 宋体, Arial, sans-serif; orphans: 2; text-align: -webkit-auto; white-space: normal; widows: 2; background-color: rgb(255, 255, 255); text-indent: 2em;">对于流入北京市的问题食品如何监管？今天上午，市工商局表示，目前，外埠食品生产的源头监控还有一定困难，目前工作重心在食品流通环节。北京市有相关的市场退出机制，对于屡次检查不合格的食品，将对其生产厂家采取清退出北京市场的措施。（法制晚报 记者 张鑫</p><p><br/></p>', '2013-07-10 13:09:56', 1, 0, 0, 0, 1, 30, 'aab', 1, 1, 1, '', 0, 0),
(78, 2, 2, 36, 'aa', '', '', '', 'bb', '<p>cc</p>', '2013-07-11 13:42:24', 0, 0, 0, 0, 1, 30, 'aab', 1, 1, 1, '', 0, 0),
(79, 3, 3, 36, 'a', '', '', '', 'b', '<p>c</p>', '2013-07-11 13:45:46', 0, 0, 0, 0, 1, 30, 'aab', 1, 1, 1, '', 0, 0),
(80, 2, 2, 36, 'cc', '', '', '', 'cc', '<p>cc</p>', '2013-07-11 13:46:18', 0, 0, 0, 0, 1, 30, 'aab', 1, 1, 1, '', 0, 0),
(81, 2, 2, 36, 'aadf', '', '', '', 'asdf', '<p>asdf</p>', '2013-07-11 13:47:23', 0, 0, 0, 0, 1, 30, 'aab', 1, 1, 1, '', 0, 0),
(82, 2, 2, 36, 'aa', '', 'blog/attachment/201307/11/21520412a4980f-ea31-11e2-bb3f-5cff350c7bf5.jpg', '', 'bb', '<p>cc</p>', '2013-07-11 13:52:01', 3, 0, 0, 0, 1, 30, 'aab', 1, 1, 1, '', 0, 0);
INSERT INTO `blog_article` (`id`, `channel1_id`, `channel2_id`, `category_id`, `title`, `titlestyle`, `titlepic`, `tags`, `summary`, `content`, `createtime`, `views`, `comments`, `goods`, `bads`, `status`, `user_id`, `username`, `istop`, `isoriginal`, `cancomment`, `password`, `ishome`, `isrecommend`) VALUES
(83, 26, 26, 36, '刘植荣：建世界最长海底隧道靠谱吗？', '', 'blog/attachment/201307/12/161202bbc242a1-eaca-11e2-9211-5cff350c7bf5.jpeg', '', '2013年7月11日《时代周报》报道，中国或将投资2600亿建连接辽宁大连和山东烟台的世界最长海底隧道，全长123公里，火车运行速度能达到每小时220公里，交中国铁路总公司管理运营。再过一个月，隧道最终方案将定稿，报告将以中国工程院的名义上报国务院。本文就分析中国建这个世界最长的海底隧道靠不靠谱。王梦恕院士忽悠称隧道12年收回成本负责该项目论证的中国工程院院士王梦恕在2012年5月带着国家拨付的3', '<p style="; border: 0px; outline: 0px; vertical-align: baseline; background-color: rgb(255, 255, 255); line-height: 22px; font-size: 14px; width: auto; white-space: normal; color: rgb(68, 68, 68); font-family: Arial, 宋体B8B体, simsun, sans-serif; orphans: 2; widows: 2; text-align: center;"><img src="http://img.itc.cn/photo/orcSdkyDXqc" border="0" style="margin: 0px; padding: 0px; border: 0px; outline: 0px; vertical-align: baseline; background-color: transparent; max-width: 618px; height: auto; float: none;"/><br/></p><p style="; border: 0px; outline: 0px; vertical-align: baseline; background-color: rgb(255, 255, 255); line-height: 22px; font-size: 14px; width: auto; white-space: normal; color: rgb(68, 68, 68); font-family: Arial, 宋体B8B体, simsun, sans-serif; orphans: 2; text-align: -webkit-auto; widows: 2; text-indent: 28px;">2013年7月11日《时代周报》报道，中国或将投资2600亿建连接辽宁大连和山东烟台的世界最长海底隧道，全长123公里，火车运行速度能达到每小时220公里，交中国铁路总公司管理运营。再过一个月，隧道最终方案将定稿，报告将以中国工程院的名义上报国务院。本文就分析中国建这个世界最长的海底隧道靠不靠谱。</p><p style="; border: 0px; outline: 0px; vertical-align: baseline; background-color: rgb(255, 255, 255); line-height: 22px; font-size: 14px; width: auto; white-space: normal; color: rgb(68, 68, 68); font-family: Arial, 宋体B8B体, simsun, sans-serif; orphans: 2; widows: 2; text-align: center;"><strong style="margin: 0px; padding: 0px; border: 0px; outline: 0px; vertical-align: baseline; background-color: transparent;"><span style="margin-top: 0px; margin-right: 0px; margin-bottom: 0px; margin-left: 0px; padding-top: 0px; padding-right: 0px; padding-bottom: 0px; padding-left: 0px; border-top-width: 0px; border-right-width: 0px; border-bottom-width: 0px; border-left-width: 0px; border-style: initial; border-color: initial; border-image: initial; outline-width: 0px; outline-style: initial; outline-color: initial; vertical-align: baseline; background-image: initial; background-attachment: initial; background-origin: initial; background-clip: initial; background-color: transparent; line-height: 28px; font-size: 18px; background-position: initial initial; background-repeat: initial initial; ">王梦恕院士忽悠称隧道12年收回成本</span></strong></p><p style="; border: 0px; outline: 0px; vertical-align: baseline; background-color: rgb(255, 255, 255); line-height: 22px; font-size: 14px; width: auto; white-space: normal; color: rgb(68, 68, 68); font-family: Arial, 宋体B8B体, simsun, sans-serif; orphans: 2; widows: 2; text-align: center;"><strong style="margin: 0px; padding: 0px; border: 0px; outline: 0px; vertical-align: baseline; background-color: transparent;"><span style="margin-top: 0px; margin-right: 0px; margin-bottom: 0px; margin-left: 0px; padding-top: 0px; padding-right: 0px; padding-bottom: 0px; padding-left: 0px; border-top-width: 0px; border-right-width: 0px; border-bottom-width: 0px; border-left-width: 0px; border-style: initial; border-color: initial; border-image: initial; outline-width: 0px; outline-style: initial; outline-color: initial; vertical-align: baseline; background-image: initial; background-attachment: initial; background-origin: initial; background-clip: initial; background-color: transparent; line-height: 28px; font-size: 18px; background-position: initial initial; background-repeat: initial initial; "><img src="http://img.itc.cn/photo/orcm7Js4BpL" border="0" style="margin: 0px; padding: 0px; border: 0px; outline: 0px; vertical-align: baseline; background-color: transparent; max-width: 618px; height: auto; float: none;"/><br/></span></strong></p><p style="; border: 0px; outline: 0px; vertical-align: baseline; background-color: rgb(255, 255, 255); line-height: 22px; font-size: 14px; width: auto; white-space: normal; color: rgb(68, 68, 68); font-family: Arial, 宋体B8B体, simsun, sans-serif; orphans: 2; text-align: -webkit-auto; widows: 2; text-indent: 28px;">负责该项目论证的中国工程院院士王梦恕在2012年5月带着国家拨付的360万元，与其他8名院士共同进行了实地调研。王梦恕表示，隧道的整体投资大约在2600亿元左右。王梦恕还算了一笔账：“这样的项目铁路总公司应该还有一些出资，如果山东和辽宁两个省各出1000亿的话，按照每年返利8%来计算，12年就差不多会收回成本，12年之后就是纯收益了。”</p><p style="; border: 0px; outline: 0px; vertical-align: baseline; background-color: rgb(255, 255, 255); line-height: 22px; font-size: 14px; width: auto; white-space: normal; color: rgb(68, 68, 68); font-family: Arial, 宋体B8B体, simsun, sans-serif; orphans: 2; text-align: -webkit-auto; widows: 2; text-indent: 28px;">从目前的报道看，建设大连烟台海底隧道，体制内反对声音很微弱。北方交通大学教授赵坚认为，现在建设渤海海底隧道还不是时候，也没必要中国还有更多更迫切需要投资的交通项目。琼州海峡那么近都没有修海底隧道，大连烟台之间的海上隧道距离太长、耗资太大，且两地之间的客货流量并没大到支撑如此巨大的投资建设项目。</p><p style="; border: 0px; outline: 0px; vertical-align: baseline; background-color: rgb(255, 255, 255); line-height: 22px; font-size: 14px; width: auto; white-space: normal; color: rgb(68, 68, 68); font-family: Arial, 宋体B8B体, simsun, sans-serif; orphans: 2; widows: 2; text-align: center;"><strong style="margin: 0px; padding: 0px; border: 0px; outline: 0px; vertical-align: baseline; background-color: transparent;"><span style="margin-top: 0px; margin-right: 0px; margin-bottom: 0px; margin-left: 0px; padding-top: 0px; padding-right: 0px; padding-bottom: 0px; padding-left: 0px; border-top-width: 0px; border-right-width: 0px; border-bottom-width: 0px; border-left-width: 0px; border-style: initial; border-color: initial; border-image: initial; outline-width: 0px; outline-style: initial; outline-color: initial; vertical-align: baseline; background-image: initial; background-attachment: initial; background-origin: initial; background-clip: initial; background-color: transparent; line-height: 28px; font-size: 18px; background-position: initial initial; background-repeat: initial initial; ">大项目论证充满谎言</span></strong></p><p style="; border: 0px; outline: 0px; vertical-align: baseline; background-color: rgb(255, 255, 255); line-height: 22px; font-size: 14px; width: auto; white-space: normal; color: rgb(68, 68, 68); font-family: Arial, 宋体B8B体, simsun, sans-serif; orphans: 2; text-align: -webkit-auto; widows: 2; text-indent: 28px;">任何工程上马都是钱的问题，这和居家过日子一样，要根据自己的经济实力来决定过什么样的生活。谁都知道住别墅舒服，可你一个月3000元的工资，花500万买别墅，这显然太超前，远远超出了你的财力。国家上项目也是如此，提出任何项目都要考虑国民经济的发展水平，通盘考虑各个项目的轻重缓急，不能图虚荣，上一些过于超前的项目，让国民经济透支，大伤元气，无法实现可持续发展。</p><p style="; border: 0px; outline: 0px; vertical-align: baseline; background-color: rgb(255, 255, 255); line-height: 22px; font-size: 14px; width: auto; white-space: normal; color: rgb(68, 68, 68); font-family: Arial, 宋体B8B体, simsun, sans-serif; orphans: 2; text-align: -webkit-auto; widows: 2; text-indent: 28px;">高铁就是一例。2013年5月30日，《时代周报》刊文称，中国铁路总公司求国务院免除2.6万亿债务，并称铁路总公司现在连利息都还不起。而过去，铁道部论证高铁时，很多专家们都信誓旦旦地说几年就可收回投资，误导政府批准一个又一个的高铁项目。例如，2012年12月27日的中国经济网报道称，中国工程院院士王梦恕分析京广高铁成本，称京广高铁总费用将近4000亿，按目前的客流量计算，10～12年就能收回成本。</p><p style="; border: 0px; outline: 0px; vertical-align: baseline; background-color: rgb(255, 255, 255); line-height: 22px; font-size: 14px; width: auto; white-space: normal; color: rgb(68, 68, 68); font-family: Arial, 宋体B8B体, simsun, sans-serif; orphans: 2; text-align: -webkit-auto; widows: 2; text-indent: 28px;">关于高铁的一个个谎言被一个个事实所揭穿。2011年7月23日，北京至福州的D301次列车行驶至温州市双屿路段时，与杭州开往福州的Ｄ3115次列车追尾猛烈相撞，造成数百人伤亡。而就在这次动车相撞几天前，中国工程院院士、国家铁路建设高级顾问王梦恕说：“中国高铁在控制系统、信号系统也很成功，能保证后面不追尾、前面不撞车。”事故前一天，铁道部总工程师、高铁总设计师何华武在一次国际会议上满怀豪情地对全世界宣布：“中国铁轨的质量比日本与欧洲所使用的更加优秀。中国高铁的安全保障是可靠的。”</p><p style="; border: 0px; outline: 0px; vertical-align: baseline; background-color: rgb(255, 255, 255); line-height: 22px; font-size: 14px; width: auto; white-space: normal; color: rgb(68, 68, 68); font-family: Arial, 宋体B8B体, simsun, sans-serif; orphans: 2; text-align: -webkit-auto; widows: 2; text-indent: 28px;">2013年6月2日中午，一列G38由杭州南开往北京的高铁，在镇江被一只鸟撞到了挡风玻璃，导致玻璃大面积开裂，最终列车开到南京南站后全体乘客换车，受伤列车则进行修理。而在2011年6月22日，中国北车长客的高速动车组总工程师、技术总负责人牛得田接受《齐鲁晚报》记者采访时说：“试验表明，1公斤铝弹以500公里速度撞击时只会让玻璃受损，但无法穿透，车内人员不会受到伤害；1公斤重飞鸟、20克铝弹，以400公里时速撞击时，则丝毫不能伤及玻璃。”</p><p style="; border: 0px; outline: 0px; vertical-align: baseline; background-color: rgb(255, 255, 255); line-height: 22px; font-size: 14px; width: auto; white-space: normal; color: rgb(68, 68, 68); font-family: Arial, 宋体B8B体, simsun, sans-serif; orphans: 2; widows: 2; text-indent: 28px; text-align: center;"><br/><strong style="margin: 0px; padding: 0px; border: 0px; outline: 0px; vertical-align: baseline; background-color: transparent;"><span style="margin-top: 0px; margin-right: 0px; margin-bottom: 0px; margin-left: 0px; padding-top: 0px; padding-right: 0px; padding-bottom: 0px; padding-left: 0px; border-top-width: 0px; border-right-width: 0px; border-bottom-width: 0px; border-left-width: 0px; border-style: initial; border-color: initial; border-image: initial; outline-width: 0px; outline-style: initial; outline-color: initial; vertical-align: baseline; background-image: initial; background-attachment: initial; background-origin: initial; background-clip: initial; background-color: transparent; line-height: 28px; font-size: 18px; background-position: initial initial; background-repeat: initial initial; "><img src="http://img.itc.cn/photo/orcejYZFsbx" border="0" style="margin: 0px; padding: 0px; border: 0px; outline: 0px; vertical-align: baseline; background-color: transparent; max-width: 618px; height: auto; float: none;"/></span></strong><br/></p><p style="; border: 0px; outline: 0px; vertical-align: baseline; background-color: rgb(255, 255, 255); line-height: 22px; font-size: 14px; width: auto; white-space: normal; color: rgb(68, 68, 68); font-family: Arial, 宋体B8B体, simsun, sans-serif; orphans: 2; text-align: -webkit-auto; widows: 2; text-indent: 28px;">可以肯定地说，和高铁一样，王梦恕院士提出的2600亿元的海底隧道预算，到时恐怕连一半也不够。从过去的大型项目看，论证阶段的预算都远远低于实际造价，这大概是故意把预算压低，把收益抬高，好让政府看到几年就能收回成本，看到项目的效益之所在，好让政府批准项目，让利益集团获利。王梦恕自己也直言不讳地对《投资者报》记者表示，高铁招标完全是利益招标。国家发改委综合运输研究所党委书记董焰也对《投资者报》记者表示，现在的投标分为首长招标、熟人招标、官二代招标等等，有各种关系，各种走后门的，真的是习以为常了。中科院发布《2011中国区域发展报告》指出，中国交通建设中，高铁、高速公路、地铁等建设都存在大跃进。可见，对利益集团来说，项目一上马，钞票就用车往家拉。</p><p style="; border: 0px; outline: 0px; vertical-align: baseline; background-color: rgb(255, 255, 255); line-height: 22px; font-size: 14px; width: auto; white-space: normal; color: rgb(68, 68, 68); font-family: Arial, 宋体B8B体, simsun, sans-serif; orphans: 2; text-align: -webkit-auto; widows: 2; text-indent: 28px;">例如，京沪高铁在上报发改委的可行性研究报告中提出的预算为1600多亿元，而实际造价为2200亿元。三峡工程也是如此，在论证报告中，考虑物价上涨和都分投资的利息后，所列动态投资为934．5亿元，可最后造价为2485亿元，超出了1.6倍。</p><p style="; border: 0px; outline: 0px; vertical-align: baseline; background-color: rgb(255, 255, 255); line-height: 22px; font-size: 14px; width: auto; white-space: normal; color: rgb(68, 68, 68); font-family: Arial, 宋体B8B体, simsun, sans-serif; orphans: 2; text-align: -webkit-auto; widows: 2; text-indent: 28px;">其实，不但是中国，其他国家也是如此。利益集团游说政府时，故意压低预算，抬高收益，隐瞒事实真相，欺骗政府批准项目。连接日本本州青森和北海道函馆的青函海底隧道全长53.9公里，工程预算为8.3亿美元，建设中几次追加费用，隧道竣工时整个工程投进了27亿美元，超出了2.3倍,平均每公里5000万美元，约合每公里3亿人民币元。贯穿英吉利海峡的欧洲隧道全长50.5公里，按1985年预算是46.5亿英镑，但实际造价是95亿英镑，超出了1倍，平均每公里1.88亿英镑，约合每公里17亿人民币元。</p><p style="; border: 0px; outline: 0px; vertical-align: baseline; background-color: rgb(255, 255, 255); line-height: 22px; font-size: 14px; width: auto; white-space: normal; color: rgb(68, 68, 68); font-family: Arial, 宋体B8B体, simsun, sans-serif; orphans: 2; widows: 2; text-align: center;"><strong style="margin: 0px; padding: 0px; border: 0px; outline: 0px; vertical-align: baseline; background-color: transparent;"><span style="margin-top: 0px; margin-right: 0px; margin-bottom: 0px; margin-left: 0px; padding-top: 0px; padding-right: 0px; padding-bottom: 0px; padding-left: 0px; border-top-width: 0px; border-right-width: 0px; border-bottom-width: 0px; border-left-width: 0px; border-style: initial; border-color: initial; border-image: initial; outline-width: 0px; outline-style: initial; outline-color: initial; vertical-align: baseline; background-image: initial; background-attachment: initial; background-origin: initial; background-clip: initial; background-color: transparent; line-height: 28px; font-size: 18px; background-position: initial initial; background-repeat: initial initial; ">欧洲隧道赔了个底朝天</span></strong></p><p style="; border: 0px; outline: 0px; vertical-align: baseline; background-color: rgb(255, 255, 255); line-height: 22px; font-size: 14px; width: auto; white-space: normal; color: rgb(68, 68, 68); font-family: Arial, 宋体B8B体, simsun, sans-serif; orphans: 2; widows: 2; text-align: center;"><strong style="margin: 0px; padding: 0px; border: 0px; outline: 0px; vertical-align: baseline; background-color: transparent;"><span style="margin-top: 0px; margin-right: 0px; margin-bottom: 0px; margin-left: 0px; padding-top: 0px; padding-right: 0px; padding-bottom: 0px; padding-left: 0px; border-top-width: 0px; border-right-width: 0px; border-bottom-width: 0px; border-left-width: 0px; border-style: initial; border-color: initial; border-image: initial; outline-width: 0px; outline-style: initial; outline-color: initial; vertical-align: baseline; background-image: initial; background-attachment: initial; background-origin: initial; background-clip: initial; background-color: transparent; line-height: 28px; font-size: 18px; background-position: initial initial; background-repeat: initial initial; "><img src="http://img.itc.cn/photo/jrcSThy8N0c" border="0" style="margin: 0px; padding: 0px; border: 0px; outline: 0px; vertical-align: baseline; background-color: transparent; max-width: 618px; height: auto; float: none;"/><br/></span></strong></p><p style="; border: 0px; outline: 0px; vertical-align: baseline; background-color: rgb(255, 255, 255); line-height: 22px; font-size: 14px; width: auto; white-space: normal; color: rgb(68, 68, 68); font-family: Arial, 宋体B8B体, simsun, sans-serif; orphans: 2; text-align: -webkit-auto; widows: 2; text-indent: 28px;">欧洲隧道由欧洲隧道公司筹资、建设和管理。欧洲隧道公司成立于1986年8月13日，1987年12月9日开始发行股票（每股3.5英镑）筹资，并向国际银行贷款80亿英镑。</p><p style="; border: 0px; outline: 0px; vertical-align: baseline; background-color: rgb(255, 255, 255); line-height: 22px; font-size: 14px; width: auto; white-space: normal; color: rgb(68, 68, 68); font-family: Arial, 宋体B8B体, simsun, sans-serif; orphans: 2; text-align: -webkit-auto; widows: 2; text-indent: 28px;">欧洲隧道1994年5月6日开始运营后，亏损惨重，1995年巨亏9.25亿英镑。客货流量远没有论证时想象的那么乐观，1998年客流到达1840万人后持续下降，再也没有突破该记录。货运也是如此，在1998年至2011年间每年的货运量一直在1100万吨到1900万吨之间徘徊，2012年到达2020万吨。</p><p style="; border: 0px; outline: 0px; vertical-align: baseline; background-color: rgb(255, 255, 255); line-height: 22px; font-size: 14px; width: auto; white-space: normal; color: rgb(68, 68, 68); font-family: Arial, 宋体B8B体, simsun, sans-serif; orphans: 2; text-align: -webkit-auto; widows: 2; text-indent: 28px;">由于货运亏损严重，英法政府不得不每年拿出5200万英镑补贴货运公司，每年货运列车4000列，大约每列补贴13000英镑。欧洲隧道公司曾几次考虑放弃货运业务。</p><p style="; border: 0px; outline: 0px; vertical-align: baseline; background-color: rgb(255, 255, 255); line-height: 22px; font-size: 14px; width: auto; white-space: normal; color: rgb(68, 68, 68); font-family: Arial, 宋体B8B体, simsun, sans-serif; orphans: 2; text-align: -webkit-auto; widows: 2; text-indent: 28px;">隧道开通后的第二年，欧洲隧道公司就开始债务违约。1998年不得不进行债务重组，免除了一部分债务，让债权人损失惨重。尽管赖掉一部分债务，欧洲隧道公司财务状况并没有得到实质性的改善，很多年份亏损数亿欧元，2003年更是巨亏13.34亿欧元。2006年8月2日，欧洲隧道公司在法国一家法院申请了6个月的破产保护。</p><p style="; border: 0px; outline: 0px; vertical-align: baseline; background-color: rgb(255, 255, 255); line-height: 22px; font-size: 14px; width: auto; white-space: normal; color: rgb(68, 68, 68); font-family: Arial, 宋体B8B体, simsun, sans-serif; orphans: 2; text-align: -webkit-auto; widows: 2; text-indent: 28px;">2007年5月，欧洲隧道公司再次进行债务重组，并从德意志银行、高盛集团、花旗集团获得28亿英镑的长期贷款，同时还把债务余额转为股权，并逼迫股东放弃了无限期欧洲隧道免费通行权。经过这一轮债务重组后，欧洲隧道公司在2007年才首次盈利，盈利100万欧元，2008年盈利4000万欧元，2009年盈利100万欧元，2010年亏损5700万欧元，2011年盈利1100万欧元，2012年盈利3400万欧元。2012年的盈利，主要是伦敦奥运会期间客流增加贡献的份额。</p><p style="; border: 0px; outline: 0px; vertical-align: baseline; background-color: rgb(255, 255, 255); line-height: 22px; font-size: 14px; width: auto; white-space: normal; color: rgb(68, 68, 68); font-family: Arial, 宋体B8B体, simsun, sans-serif; orphans: 2; widows: 2; text-indent: 28px; text-align: center;"><br/><img src="http://img.itc.cn/photo/orcAJpIs8f8" border="0" style="margin: 0px; padding: 0px; border: 0px; outline: 0px; vertical-align: baseline; background-color: transparent; max-width: 618px; height: auto; float: none;"/><br/></p><p style="; border: 0px; outline: 0px; vertical-align: baseline; background-color: rgb(255, 255, 255); line-height: 22px; font-size: 14px; width: auto; white-space: normal; color: rgb(68, 68, 68); font-family: Arial, 宋体B8B体, simsun, sans-serif; orphans: 2; text-align: -webkit-auto; widows: 2; text-indent: 28px;">欧洲隧道公司2012年的财务报告显示，2012年各类业务运营收入为10.23亿欧元，运营成本为5.62亿欧元，折旧为1.61亿欧元，其他运营成本为400万欧元，运营利润为10.23亿－5.62亿－1.61亿－0.04亿＝2.96亿欧元。另外，财务成本为2.69亿欧元，扣除税款后的财务收入为700万欧元。这样，全年净利润为2.96亿－2.69亿＋0.07亿＝3400万欧元。数据显示，运营利润大部分都支付了贷款利息。</p><p style="; border: 0px; outline: 0px; vertical-align: baseline; background-color: rgb(255, 255, 255); line-height: 22px; font-size: 14px; width: auto; white-space: normal; color: rgb(68, 68, 68); font-family: Arial, 宋体B8B体, simsun, sans-serif; orphans: 2; text-align: -webkit-auto; widows: 2; text-indent: 28px;">与欧洲隧道建设期间及开通初期的一片赞美声形成了反差，现在，对隧道的批评声越来越多，很多经济学家分析称，如果不建欧洲隧道，英国的经济会比现在好很多。投资者也对欧洲隧道的盈利能力失去信心，欧洲隧道集团的股票2007年7月2日的收盘价为18欧元，到2013年7月10日的收盘价为5.89欧元。</p><p style="; border: 0px; outline: 0px; vertical-align: baseline; background-color: rgb(255, 255, 255); line-height: 22px; font-size: 14px; width: auto; white-space: normal; color: rgb(68, 68, 68); font-family: Arial, 宋体B8B体, simsun, sans-serif; orphans: 2; text-align: -webkit-auto; widows: 2; text-indent: 28px;">2013年6月20日，欧盟委员会发表声明，要求欧洲隧道公司下调“过路费”。欧洲隧道的收费标准是：客运列车单程收费4320欧元，外加每位乘客16.6欧元；货运列车单程收费3645欧元。欧盟认为，由于收费太高导致很多人走轮渡或航空，使隧道的运力闲置了43%。</p><p style="; border: 0px; outline: 0px; vertical-align: baseline; background-color: rgb(255, 255, 255); line-height: 22px; font-size: 14px; width: auto; white-space: normal; color: rgb(68, 68, 68); font-family: Arial, 宋体B8B体, simsun, sans-serif; orphans: 2; text-align: -webkit-auto; widows: 2; text-indent: 28px;">欧洲隧道现在是骑虎难下，降价虽然可以增加一些客货流量，但如果客货流量增加不多，则不足以弥补因降价带来的收益下降，这就又要把欧洲隧道公司逼向破产的边缘。</p><p style="; border: 0px; outline: 0px; vertical-align: baseline; background-color: rgb(255, 255, 255); line-height: 22px; font-size: 14px; width: auto; white-space: normal; color: rgb(68, 68, 68); font-family: Arial, 宋体B8B体, simsun, sans-serif; orphans: 2; widows: 2; text-align: center;"><strong style="margin: 0px; padding: 0px; border: 0px; outline: 0px; vertical-align: baseline; background-color: transparent;"><span style="margin-top: 0px; margin-right: 0px; margin-bottom: 0px; margin-left: 0px; padding-top: 0px; padding-right: 0px; padding-bottom: 0px; padding-left: 0px; border-top-width: 0px; border-right-width: 0px; border-bottom-width: 0px; border-left-width: 0px; border-style: initial; border-color: initial; border-image: initial; outline-width: 0px; outline-style: initial; outline-color: initial; vertical-align: baseline; background-image: initial; background-attachment: initial; background-origin: initial; background-clip: initial; background-color: transparent; line-height: 28px; font-size: 18px; background-position: initial initial; background-repeat: initial initial; ">大连烟台隧道必定是个赔本的买卖</span></strong></p><p style="; border: 0px; outline: 0px; vertical-align: baseline; background-color: rgb(255, 255, 255); line-height: 22px; font-size: 14px; width: auto; white-space: normal; color: rgb(68, 68, 68); font-family: Arial, 宋体B8B体, simsun, sans-serif; orphans: 2; text-align: -webkit-auto; widows: 2; text-indent: 28px;">欧洲隧道就是我们的前车之鉴。王梦恕院士所讲&nbsp;“按照每年返利8%来计算，12年就差不多会收回成本按照每年返利8%来计算，12年就差不多会收回成本”,他显然没考虑融资成本。试想，2600亿元，哪家银行会提供十几年甚至是二十几年的无息贷款？世界上没有免费的午餐，借钱必须支付利息。如果利率按6.55%计算，每年的返利还剩8%－6.55%＝1.45%，也就2600亿×1.45%＝37.7亿元，这样，2600亿的本金就需要2600亿÷37.7亿＝69年。海底隧道的使用寿命一般就100年左右，按专家们最乐观的估算，还债也需要69年。如果造价超标，建成后车流量和货运量达不到预期目标，也许在隧道整个寿命期内都不能清偿债务。</p><p style="; border: 0px; outline: 0px; vertical-align: baseline; background-color: rgb(255, 255, 255); line-height: 22px; font-size: 14px; width: auto; white-space: normal; color: rgb(68, 68, 68); font-family: Arial, 宋体B8B体, simsun, sans-serif; orphans: 2; text-align: -webkit-auto; widows: 2; text-indent: 28px;">欧洲隧道受益的是整个英国和整个欧洲大陆，它都无法收回投资，违约赖账，欧洲隧道公司两次面临破产。大连烟台海底隧道受益的只是辽宁半岛和山东半岛，比照欧洲隧道的财务表现，大连烟台海底隧道收回投资的希望渺茫。如果隧道收费过高，人们就走轮渡或航空，可见，大连烟台海底隧道建成后，必然面临与轮渡和航空运输的激烈竞争，隧道根本无法垄断定价权。</p><p style="; border: 0px; outline: 0px; vertical-align: baseline; background-color: rgb(255, 255, 255); line-height: 22px; font-size: 14px; width: auto; white-space: normal; color: rgb(68, 68, 68); font-family: Arial, 宋体B8B体, simsun, sans-serif; orphans: 2; text-align: -webkit-auto; widows: 2; text-indent: 28px;">以上从经济效益上分析了大连烟台海底隧道必定是个赔本的买卖。还有，我国多数人的养老、医保、教育、住房等民生问题还没有得到很好的解决，加之前几年政府为刺激经济加大了货币投放量导致的通胀居高不下，还有目前中央政府和地方政府的30万亿元的债务，不少地方政府财政吃紧，拆东墙补西墙，债务包袱越背越大，我们绝不能再透支财力上这样几乎没有回报的大项目了，要把有限的资金优先用在解决民生问题上。</p><p><br/></p>', '2013-07-12 08:12:02', 7, 0, 0, 0, 1, 30, 'aab', 1, 1, 1, '', 0, 0),
(84, 0, 0, 1, '妹子：“啊啊啊好郁闷啊，论文要求三', '', '', '', '转：妹子：“啊啊啊好郁闷啊，论文要求三千字我写到两千九怎么也写不下去了！” 学霸：“这有何难。你在最后连打啊啊啊啊啊啊啊啊啊啊打一百次……”妹子：“气死老师的节奏？” 学霸：“然后把字体颜色改成白色就行了。” 妹子欣喜地冲出门去。学霸果然无敌呀。。。', '<p class="text word-wrap" style="; ; ; word-wrap: break-word; word-break: break-all; font-size: 14px; color: rgb(51, 51, 51); font-family: 宋体, &#39;Helvetica Neue&#39;, Helvetica, Arial, sans-serif; line-height: 24px; orphans: 2; white-space: normal; widows: 2; background-color: rgb(255, 255, 255);">转：妹子：“啊啊啊好郁闷啊，论文要求三千字我写到两千九怎么也写不下去了！” 学霸：“这有何难。你在最后连打啊啊啊啊啊啊啊啊啊啊打一百次……”妹子：“气死老师的节奏？” 学霸：“然后把字体颜色改成白色就行了。” 妹子欣喜地冲出门去。<br/><br/>学霸果然无敌呀。。。</p><p><br/></p>', '2013-07-17 04:56:28', 2, 0, 0, 0, 1, 1, 'admin', 1, 1, 1, '', 0, 0),
(85, 10, 60, 33, '外交部回应安倍访问钓鱼岛附近岛屿', '', '', '', '问：据报道，日本首相安倍晋三17日访问冲绳石垣岛，在视察海上保安厅时称，“针对日本领土、领海、领空及主权的挑衅行动持续发生，中国公务船频繁接近和徘徊在周边海域，警备环境日益严峻”。安倍还在石垣发表演讲称，钓鱼岛是日本固有领土，日方不会退让。中方对此有何评论？答：钓鱼岛自古以来就是中国固有领土，中方对此拥有无可争辩的主权。中国政府将继续采取必要措施，坚决维护钓鱼岛领土主权。我们敦促日方正视历史和现实', '<p style="; ; ; line-height: 28px; font-family: 宋体, Arial, sans-serif; orphans: 2; text-align: -webkit-auto; white-space: normal; widows: 2; background-color: rgb(255, 255, 255); text-indent: 2em;">问：据报道，日本首相安倍晋三17日访问冲绳石垣岛，在视察海上保安厅时称，“针对日本领土、领海、领空及主权的挑衅行动持续发生，中国公务船频繁接近和徘徊在周边海域，警备环境日益严峻”。安倍还在石垣发表演讲称，钓鱼岛是日本固有领土，日方不会退让。中方对此有何评论？</p><p style="; ; ; line-height: 28px; font-family: 宋体, Arial, sans-serif; orphans: 2; text-align: -webkit-auto; white-space: normal; widows: 2; background-color: rgb(255, 255, 255); text-indent: 2em;">答：钓鱼岛自古以来就是中国固有领土，中方对此拥有无可争辩的主权。中国政府将继续采取必要措施，坚决维护钓鱼岛领土主权。我们敦促日方正视历史和现实，停止一切损害中国领土主权的挑衅言行，为通过对话妥善解决钓鱼岛问题作出努力</p><p><br/></p>', '2013-07-17 13:25:41', 2, 0, 0, 0, 1, 19, 'one', 1, 1, 1, '', 0, 0),
(86, 6, 86, 32, '我的三星i9100发彩信一直提示发送中', '', '', '', '我有恢复出厂设置，海卓一键apn，网络也打开了，可是还是不行一直提示发送中，收也是提示下载中，我真的没办法了GPRS是否打开，网络设置(APN、用户、密码、MMSC、代理服务器地址等等)是否正确，如果都没有问题，拿去营业厅让服务员帮你设置看看，还不行只能刷机或者找专业维修人员了。', '<pre class="line mt-10 q-content" accuse="qContent" style="margin-top: 10px; margin-bottom: 0px; padding: 0px; font-family: arial, &#39;courier new&#39;, courier, 宋体, monospace; white-space: pre-wrap; word-wrap: break-word; word-break: break-all; color: rgb(51, 51, 51); font-size: 14px; line-height: 24px; orphans: 2; text-align: -webkit-auto; widows: 2; background-color: rgb(255, 255, 255);">我有恢复出厂设置，海卓一键apn，网络也打开了，可是还是不行一直提示发送中，收也是提示下载中，我真的没办法了</pre><pre id="recommend-content-1230731172" accuse="aContent" class="recommend-text mb-10" style="margin-top: 0px; margin-bottom: 10px; padding: 0px; font-family: arial, &#39;courier new&#39;, courier, 宋体, monospace; white-space: pre-wrap; word-wrap: break-word; color: rgb(51, 51, 51); font-size: 14px; line-height: 24px; orphans: 2; text-align: -webkit-auto; widows: 2; background-color: rgb(241, 254, 221);">GPRS是否打开，网络设置(APN、用户、密码、MMSC、代理服务器地址等等)是否正确，如果都没有问题，拿去营业厅让服务员帮你设置看看，还不行只能刷机或者找专业维修人员了。</pre><p><br/></p>', '2013-07-17 14:34:45', 2, 0, 0, 0, 1, 19, 'one', 1, 1, 1, '', 0, 0),
(87, 6, 86, 36, '使用 SpiritManager 类管理在 XNA 游戏中的精灵（十四） ', '', '', '', '平方已经开发了一些 Windows Phone 上的一些游戏，算不上什么技术大牛。在这里分享一下经验，仅为了和各位朋友交流经验。平方会逐步将自己编写的类上传到托管项目中，没有什么好名字，就叫 WPXNA 吧，最后请高手绕道而行吧，以免浪费时间。（为了突出重点和减少篇幅，有些示例代码可能不够严谨。）SpiritManager&lt;T&gt;SpiritManager&lt;T&gt; 包含了一些管', '<p><br/></p><p>平方已经开发了一些 Windows Phone 上的一些游戏，算不上什么技术大牛。在这里分享一下经验，仅为了和各位朋友交流经验。平方会逐步将自己编写的类上传到托管项目中，没有什么好名字，就叫 WPXNA 吧，最后请高手绕道而行吧，以免浪费时间。（为了突出重点和减少篇幅，有些示例代码可能不够严谨。）</p><p><strong>SpiritManager&lt;T&gt;</strong></p><blockquote><p>SpiritManager&lt;T&gt; 包含了一些管理精灵的方法，我们还可以派生很多的管理类，比如：子弹管理类。下面是 SpiritManager&lt;T&gt; 的成员。</p><p>字段 Spirits 表示管理器所管理的精灵，字段 defaultOrder 表示精灵的绘制次序。字段 Scene 可以让我们访问场景中的内容。以后，我们还会将其替换为 IPlayScene。</p><p>方法 Append 用来将精灵添加到管理器，我们将会精灵设置 Destroyed 事件，在这个事件中，被摧毁的精灵将被从管理器移除。在 remove 方法中，我们将注销 Destroyed 事件。</p><p><span class="cnblogs_code_copy"><a title="复制代码"><img alt="复制代码" src="http://common.cnblogs.com/images/copycode.gif"/></a></span></p><pre>internal&nbsp;abstract&nbsp;class&nbsp;SpiritManager&lt;T&gt;\r\n&nbsp;&nbsp;&nbsp;&nbsp;:&nbsp;IDisposable\r\n&nbsp;&nbsp;&nbsp;&nbsp;where&nbsp;T&nbsp;:&nbsp;Spirit\r\n{\r\n\r\n&nbsp;&nbsp;&nbsp;&nbsp;internal&nbsp;readonly&nbsp;List&lt;T&gt;&nbsp;Spirits&nbsp;=&nbsp;new&nbsp;List&lt;T&gt;&nbsp;(&nbsp;);\r\n&nbsp;&nbsp;&nbsp;&nbsp;private&nbsp;readonly&nbsp;int&nbsp;defaultOrder;\r\n\r\n&nbsp;&nbsp;&nbsp;&nbsp;//internal&nbsp;IPlayScene&nbsp;Scene;\r\n&nbsp;&nbsp;&nbsp;&nbsp;internal&nbsp;IScene&nbsp;Scene;\r\n\r\n&nbsp;&nbsp;&nbsp;&nbsp;protected&nbsp;SpiritManager&nbsp;(&nbsp;)\r\n&nbsp;&nbsp;&nbsp;&nbsp;&nbsp;&nbsp;&nbsp;&nbsp;:&nbsp;this&nbsp;(&nbsp;0&nbsp;)\r\n&nbsp;&nbsp;&nbsp;&nbsp;{&nbsp;}\r\n&nbsp;&nbsp;&nbsp;&nbsp;protected&nbsp;SpiritManager&nbsp;(&nbsp;int&nbsp;defaultOrder&nbsp;)\r\n&nbsp;&nbsp;&nbsp;&nbsp;{&nbsp;this.defaultOrder&nbsp;=&nbsp;defaultOrder;&nbsp;}\r\n\r\n&nbsp;&nbsp;&nbsp;&nbsp;protected&nbsp;virtual&nbsp;void&nbsp;spiritDestroyed&nbsp;(&nbsp;object&nbsp;sender,&nbsp;SpiritEventArgs&nbsp;e&nbsp;)\r\n&nbsp;&nbsp;&nbsp;&nbsp;{&nbsp;this.remove&nbsp;(&nbsp;sender&nbsp;as&nbsp;T&nbsp;);&nbsp;}\r\n\r\n&nbsp;&nbsp;&nbsp;&nbsp;internal&nbsp;void&nbsp;Append&nbsp;(&nbsp;IList&lt;T&gt;&nbsp;spirits&nbsp;)\r\n&nbsp;&nbsp;&nbsp;&nbsp;{\r\n\r\n&nbsp;&nbsp;&nbsp;&nbsp;&nbsp;&nbsp;&nbsp;&nbsp;if&nbsp;(&nbsp;null&nbsp;!=&nbsp;spirits&nbsp;)\r\n&nbsp;&nbsp;&nbsp;&nbsp;&nbsp;&nbsp;&nbsp;&nbsp;&nbsp;&nbsp;&nbsp;&nbsp;foreach&nbsp;(&nbsp;T&nbsp;spirit&nbsp;in&nbsp;spirits&nbsp;)\r\n&nbsp;&nbsp;&nbsp;&nbsp;&nbsp;&nbsp;&nbsp;&nbsp;&nbsp;&nbsp;&nbsp;&nbsp;&nbsp;&nbsp;&nbsp;&nbsp;this.Append&nbsp;(&nbsp;spirit&nbsp;);\r\n\r\n&nbsp;&nbsp;&nbsp;&nbsp;}\r\n\r\n&nbsp;&nbsp;&nbsp;&nbsp;internal&nbsp;void&nbsp;Append&nbsp;(&nbsp;T&nbsp;spirit&nbsp;)\r\n&nbsp;&nbsp;&nbsp;&nbsp;{&nbsp;this.Append&nbsp;(&nbsp;spirit,&nbsp;this.defaultOrder&nbsp;);&nbsp;}\r\n\r\n&nbsp;&nbsp;&nbsp;&nbsp;internal&nbsp;virtual&nbsp;void&nbsp;Append&nbsp;(&nbsp;T&nbsp;spirit,&nbsp;int&nbsp;order&nbsp;)\r\n&nbsp;&nbsp;&nbsp;&nbsp;{\r\n\r\n&nbsp;&nbsp;&nbsp;&nbsp;&nbsp;&nbsp;&nbsp;&nbsp;spirit.Destroyed&nbsp;+=&nbsp;this.spiritDestroyed;\r\n\r\n&nbsp;&nbsp;&nbsp;&nbsp;&nbsp;&nbsp;&nbsp;&nbsp;if&nbsp;(&nbsp;order&nbsp;!=&nbsp;0&nbsp;&amp;&amp;&nbsp;spirit.DrawOrder&nbsp;==&nbsp;0&nbsp;)\r\n&nbsp;&nbsp;&nbsp;&nbsp;&nbsp;&nbsp;&nbsp;&nbsp;&nbsp;&nbsp;&nbsp;&nbsp;spirit.DrawOrder&nbsp;=&nbsp;order;\r\n\r\n&nbsp;&nbsp;&nbsp;&nbsp;&nbsp;&nbsp;&nbsp;&nbsp;this.Spirits.Add&nbsp;(&nbsp;spirit&nbsp;);\r\n&nbsp;&nbsp;&nbsp;&nbsp;&nbsp;&nbsp;&nbsp;&nbsp;this.Scene.World.Components.Add&nbsp;(&nbsp;spirit&nbsp;);\r\n&nbsp;&nbsp;&nbsp;&nbsp;}\r\n\r\n&nbsp;&nbsp;&nbsp;&nbsp;private&nbsp;void&nbsp;remove&nbsp;(&nbsp;T&nbsp;spirit&nbsp;)\r\n&nbsp;&nbsp;&nbsp;&nbsp;{\r\n\r\n&nbsp;&nbsp;&nbsp;&nbsp;&nbsp;&nbsp;&nbsp;&nbsp;spirit.Destroyed&nbsp;-=&nbsp;this.spiritDestroyed;\r\n&nbsp;&nbsp;&nbsp;&nbsp;&nbsp;&nbsp;&nbsp;&nbsp;this.Scene.World.Components.Remove&nbsp;(&nbsp;spirit&nbsp;);\r\n&nbsp;&nbsp;&nbsp;&nbsp;&nbsp;&nbsp;&nbsp;&nbsp;this.Spirits.Remove&nbsp;(&nbsp;spirit&nbsp;);\r\n\r\n&nbsp;&nbsp;&nbsp;&nbsp;&nbsp;&nbsp;&nbsp;&nbsp;spirit.Dispose&nbsp;(&nbsp;);\r\n&nbsp;&nbsp;&nbsp;&nbsp;}\r\n\r\n&nbsp;&nbsp;&nbsp;&nbsp;internal&nbsp;virtual&nbsp;void&nbsp;Update&nbsp;(&nbsp;GameTime&nbsp;time&nbsp;)\r\n&nbsp;&nbsp;&nbsp;&nbsp;{&nbsp;}\r\n\r\n&nbsp;&nbsp;&nbsp;&nbsp;internal&nbsp;void&nbsp;RemoveAll&nbsp;(&nbsp;)\r\n&nbsp;&nbsp;&nbsp;&nbsp;{\r\n\r\n&nbsp;&nbsp;&nbsp;&nbsp;&nbsp;&nbsp;&nbsp;&nbsp;T[]&nbsp;spirits&nbsp;=&nbsp;this.Spirits.ToArray&nbsp;(&nbsp;);\r\n\r\n&nbsp;&nbsp;&nbsp;&nbsp;&nbsp;&nbsp;&nbsp;&nbsp;foreach&nbsp;(&nbsp;T&nbsp;spirit&nbsp;in&nbsp;spirits&nbsp;)\r\n&nbsp;&nbsp;&nbsp;&nbsp;&nbsp;&nbsp;&nbsp;&nbsp;&nbsp;&nbsp;&nbsp;&nbsp;this.remove&nbsp;(&nbsp;spirit&nbsp;);\r\n\r\n&nbsp;&nbsp;&nbsp;&nbsp;}\r\n\r\n&nbsp;&nbsp;&nbsp;&nbsp;public&nbsp;virtual&nbsp;void&nbsp;Dispose&nbsp;(&nbsp;)\r\n&nbsp;&nbsp;&nbsp;&nbsp;{&nbsp;this.RemoveAll&nbsp;(&nbsp;);&nbsp;}\r\n\r\n}</pre><p><span class="cnblogs_code_copy"><a title="复制代码"><img alt="复制代码" src="http://common.cnblogs.com/images/copycode.gif"/></a></span></p><p>&nbsp;</p></blockquote><p><strong>示例</strong></p><blockquote><p>场景 SceneT15 和之前的 SceneT14 是类似，我们同样有一个 Bird 类，但是我们增加了一个 BirdManager 类，这个类从 SpiritManager&lt;T&gt; 派生。</p><p>BirdManager 有两个方法，Go 方法将调用所有的 Bird 类的 Go 方法，Stop 方法将调用所有的 Bird 类的 Stop 方法。</p><p><span class="cnblogs_code_copy"><a title="复制代码"><img alt="复制代码" src="http://common.cnblogs.com/images/copycode.gif"/></a></span></p><pre>internal&nbsp;class&nbsp;BirdManager\r\n&nbsp;&nbsp;&nbsp;&nbsp;:&nbsp;SpiritManager&lt;Bird&gt;\r\n{\r\n\r\n&nbsp;&nbsp;&nbsp;&nbsp;internal&nbsp;BirdManager&nbsp;(&nbsp;)\r\n&nbsp;&nbsp;&nbsp;&nbsp;&nbsp;&nbsp;&nbsp;&nbsp;:&nbsp;base&nbsp;(&nbsp;)\r\n&nbsp;&nbsp;&nbsp;&nbsp;{&nbsp;}\r\n\r\n&nbsp;&nbsp;&nbsp;&nbsp;internal&nbsp;void&nbsp;Go&nbsp;(&nbsp;)\r\n&nbsp;&nbsp;&nbsp;&nbsp;{\r\n\r\n&nbsp;&nbsp;&nbsp;&nbsp;&nbsp;&nbsp;&nbsp;&nbsp;foreach&nbsp;(&nbsp;Bird&nbsp;bird&nbsp;in&nbsp;this.Spirits&nbsp;)\r\n&nbsp;&nbsp;&nbsp;&nbsp;&nbsp;&nbsp;&nbsp;&nbsp;&nbsp;&nbsp;&nbsp;&nbsp;bird.Go&nbsp;(&nbsp;);\r\n\r\n&nbsp;&nbsp;&nbsp;&nbsp;}\r\n\r\n&nbsp;&nbsp;&nbsp;&nbsp;internal&nbsp;void&nbsp;Stop&nbsp;(&nbsp;)\r\n&nbsp;&nbsp;&nbsp;&nbsp;{\r\n\r\n&nbsp;&nbsp;&nbsp;&nbsp;&nbsp;&nbsp;&nbsp;&nbsp;foreach&nbsp;(&nbsp;Bird&nbsp;bird&nbsp;in&nbsp;this.Spirits&nbsp;)\r\n&nbsp;&nbsp;&nbsp;&nbsp;&nbsp;&nbsp;&nbsp;&nbsp;&nbsp;&nbsp;&nbsp;&nbsp;bird.Stop&nbsp;(&nbsp;);\r\n\r\n&nbsp;&nbsp;&nbsp;&nbsp;}\r\n\r\n}</pre><p><span class="cnblogs_code_copy"><a title="复制代码"><img alt="复制代码" src="http://common.cnblogs.com/images/copycode.gif"/></a></span></p><p>SceneT15 同样包含了两个按钮，当点击两个按钮时，将分别调用 BirdManager 的 Go 和 Stop 方法。在 SceneT15 构造函数中，我们创建 BirdManager 类，并需要设置字段 Scene。</p><p>在 LoadContent 方法中，我们将两个 Bird 类添加到 BirdManager 中。而在 UnloadContent 方法中，我们调用 BirdManager 的 RemoveAll 方法来删除所有的小鸟。</p><p>在 Dispose 方法中，我们将调用 BirdManager 的 Dispose 方法。</p><p><span class="cnblogs_code_copy"><a title="复制代码"><img alt="复制代码" src="http://common.cnblogs.com/images/copycode.gif"/></a></span></p><pre>internal&nbsp;sealed&nbsp;class&nbsp;SceneT15\r\n&nbsp;&nbsp;&nbsp;&nbsp;:&nbsp;CommandScene\r\n{\r\n&nbsp;&nbsp;&nbsp;&nbsp;private&nbsp;BirdManager&nbsp;birdManager;\r\n&nbsp;&nbsp;&nbsp;&nbsp;private&nbsp;readonly&nbsp;Button&nbsp;goButton;\r\n&nbsp;&nbsp;&nbsp;&nbsp;private&nbsp;readonly&nbsp;Button&nbsp;stopButton;\r\n\r\n&nbsp;&nbsp;&nbsp;&nbsp;internal&nbsp;SceneT15&nbsp;(&nbsp;)\r\n&nbsp;&nbsp;&nbsp;&nbsp;&nbsp;&nbsp;&nbsp;&nbsp;:&nbsp;base&nbsp;(&nbsp;Vector2.Zero,&nbsp;GestureType.None,&nbsp;&quot;background1&quot;,\r\n&nbsp;&nbsp;&nbsp;&nbsp;&nbsp;&nbsp;&nbsp;&nbsp;new&nbsp;Resource[]&nbsp;{\r\n&nbsp;&nbsp;&nbsp;&nbsp;&nbsp;&nbsp;&nbsp;&nbsp;&nbsp;&nbsp;&nbsp;&nbsp;new&nbsp;Resource&nbsp;(&nbsp;&quot;bird2.image&quot;,&nbsp;ResourceType.Image,&nbsp;@&quot;image\\bird2&quot;&nbsp;),\r\n&nbsp;&nbsp;&nbsp;&nbsp;&nbsp;&nbsp;&nbsp;&nbsp;&nbsp;&nbsp;&nbsp;&nbsp;new&nbsp;Resource&nbsp;(&nbsp;&quot;go.image&quot;,&nbsp;ResourceType.Image,&nbsp;@&quot;image\\button1&quot;&nbsp;),\r\n&nbsp;&nbsp;&nbsp;&nbsp;&nbsp;&nbsp;&nbsp;&nbsp;&nbsp;&nbsp;&nbsp;&nbsp;new&nbsp;Resource&nbsp;(&nbsp;&quot;stop.image&quot;,&nbsp;ResourceType.Image,&nbsp;@&quot;image\\button2&quot;&nbsp;),\r\n&nbsp;&nbsp;&nbsp;&nbsp;&nbsp;&nbsp;&nbsp;&nbsp;},\r\n&nbsp;&nbsp;&nbsp;&nbsp;&nbsp;&nbsp;&nbsp;&nbsp;new&nbsp;Making[]&nbsp;{\r\n&nbsp;&nbsp;&nbsp;&nbsp;&nbsp;&nbsp;&nbsp;&nbsp;&nbsp;&nbsp;&nbsp;&nbsp;new&nbsp;Movie&nbsp;(&nbsp;&quot;bird&quot;,&nbsp;&quot;bird2.image&quot;,&nbsp;80,&nbsp;80,&nbsp;5,&nbsp;&quot;stop&quot;,\r\n&nbsp;&nbsp;&nbsp;&nbsp;&nbsp;&nbsp;&nbsp;&nbsp;&nbsp;&nbsp;&nbsp;&nbsp;&nbsp;&nbsp;&nbsp;&nbsp;new&nbsp;MovieSequence&nbsp;(&nbsp;&quot;go&quot;,&nbsp;true,&nbsp;new&nbsp;Point&nbsp;(&nbsp;1,&nbsp;1&nbsp;),&nbsp;new&nbsp;Point&nbsp;(&nbsp;2,&nbsp;1&nbsp;)&nbsp;),\r\n&nbsp;&nbsp;&nbsp;&nbsp;&nbsp;&nbsp;&nbsp;&nbsp;&nbsp;&nbsp;&nbsp;&nbsp;&nbsp;&nbsp;&nbsp;&nbsp;new&nbsp;MovieSequence&nbsp;(&nbsp;&quot;stop&quot;,&nbsp;true,&nbsp;new&nbsp;Point&nbsp;(&nbsp;3,&nbsp;1&nbsp;)&nbsp;)\r\n&nbsp;&nbsp;&nbsp;&nbsp;&nbsp;&nbsp;&nbsp;&nbsp;&nbsp;&nbsp;&nbsp;&nbsp;&nbsp;&nbsp;&nbsp;&nbsp;),\r\n&nbsp;&nbsp;&nbsp;&nbsp;&nbsp;&nbsp;&nbsp;&nbsp;&nbsp;&nbsp;&nbsp;&nbsp;new&nbsp;Button&nbsp;(&nbsp;&quot;b.go&quot;,&nbsp;&quot;go.image&quot;,&nbsp;&quot;GO&quot;,&nbsp;new&nbsp;Vector2&nbsp;(&nbsp;100,&nbsp;100&nbsp;),&nbsp;100,&nbsp;50,&nbsp;new&nbsp;Point&nbsp;(&nbsp;1,&nbsp;1&nbsp;)&nbsp;),\r\n&nbsp;&nbsp;&nbsp;&nbsp;&nbsp;&nbsp;&nbsp;&nbsp;&nbsp;&nbsp;&nbsp;&nbsp;new&nbsp;Button&nbsp;(&nbsp;&quot;b.play&quot;,&nbsp;&quot;stop.image&quot;,&nbsp;&quot;STOP&quot;,&nbsp;new&nbsp;Vector2&nbsp;(&nbsp;100,&nbsp;300&nbsp;),&nbsp;100,&nbsp;50,&nbsp;new&nbsp;Point&nbsp;(&nbsp;1,&nbsp;1&nbsp;)&nbsp;)\r\n&nbsp;&nbsp;&nbsp;&nbsp;&nbsp;&nbsp;&nbsp;&nbsp;}\r\n&nbsp;&nbsp;&nbsp;&nbsp;&nbsp;&nbsp;&nbsp;&nbsp;)\r\n&nbsp;&nbsp;&nbsp;&nbsp;{\r\n&nbsp;&nbsp;&nbsp;&nbsp;&nbsp;&nbsp;&nbsp;&nbsp;this.birdManager&nbsp;=&nbsp;new&nbsp;BirdManager&nbsp;(&nbsp;);\r\n&nbsp;&nbsp;&nbsp;&nbsp;&nbsp;&nbsp;&nbsp;&nbsp;this.birdManager.Scene&nbsp;=&nbsp;this;\r\n\r\n&nbsp;&nbsp;&nbsp;&nbsp;&nbsp;&nbsp;&nbsp;&nbsp;this.goButton&nbsp;=&nbsp;this.makings[&nbsp;&quot;b.go&quot;&nbsp;]&nbsp;as&nbsp;Button;\r\n&nbsp;&nbsp;&nbsp;&nbsp;&nbsp;&nbsp;&nbsp;&nbsp;this.stopButton&nbsp;=&nbsp;this.makings[&nbsp;&quot;b.play&quot;&nbsp;]&nbsp;as&nbsp;Button;\r\n\r\n&nbsp;&nbsp;&nbsp;&nbsp;&nbsp;&nbsp;&nbsp;&nbsp;this.goButton.Selected&nbsp;+=&nbsp;this.goButtonSelected;\r\n&nbsp;&nbsp;&nbsp;&nbsp;&nbsp;&nbsp;&nbsp;&nbsp;this.stopButton.Selected&nbsp;+=&nbsp;this.stopButtonSelected;\r\n&nbsp;&nbsp;&nbsp;&nbsp;}\r\n\r\n&nbsp;&nbsp;&nbsp;&nbsp;private&nbsp;void&nbsp;goButtonSelected&nbsp;(&nbsp;object&nbsp;sender,&nbsp;ButtonEventArgs&nbsp;e&nbsp;)\r\n&nbsp;&nbsp;&nbsp;&nbsp;{&nbsp;this.birdManager.Go&nbsp;(&nbsp;);&nbsp;}\r\n\r\n&nbsp;&nbsp;&nbsp;&nbsp;private&nbsp;void&nbsp;stopButtonSelected&nbsp;(&nbsp;object&nbsp;sender,&nbsp;ButtonEventArgs&nbsp;e&nbsp;)\r\n&nbsp;&nbsp;&nbsp;&nbsp;{&nbsp;this.birdManager.Stop&nbsp;(&nbsp;);&nbsp;}\r\n\r\n&nbsp;&nbsp;&nbsp;&nbsp;public&nbsp;override&nbsp;void&nbsp;LoadContent&nbsp;(&nbsp;)\r\n&nbsp;&nbsp;&nbsp;&nbsp;{\r\n&nbsp;&nbsp;&nbsp;&nbsp;&nbsp;&nbsp;&nbsp;&nbsp;base.LoadContent&nbsp;(&nbsp;);\r\n\r\n&nbsp;&nbsp;&nbsp;&nbsp;&nbsp;&nbsp;&nbsp;&nbsp;this.birdManager.Append&nbsp;(&nbsp;new&nbsp;Bird&nbsp;(&nbsp;this,&nbsp;new&nbsp;Vector2&nbsp;(&nbsp;200,&nbsp;100&nbsp;)&nbsp;)&nbsp;);\r\n&nbsp;&nbsp;&nbsp;&nbsp;&nbsp;&nbsp;&nbsp;&nbsp;this.birdManager.Append&nbsp;(&nbsp;new&nbsp;Bird&nbsp;(&nbsp;this,&nbsp;new&nbsp;Vector2&nbsp;(&nbsp;300,&nbsp;200&nbsp;)&nbsp;)&nbsp;);\r\n&nbsp;&nbsp;&nbsp;&nbsp;}\r\n\r\n&nbsp;&nbsp;&nbsp;&nbsp;public&nbsp;override&nbsp;void&nbsp;UnloadContent&nbsp;(&nbsp;)\r\n&nbsp;&nbsp;&nbsp;&nbsp;{\r\n&nbsp;&nbsp;&nbsp;&nbsp;&nbsp;&nbsp;&nbsp;&nbsp;this.birdManager.RemoveAll&nbsp;(&nbsp;);\r\n\r\n&nbsp;&nbsp;&nbsp;&nbsp;&nbsp;&nbsp;&nbsp;&nbsp;base.UnloadContent&nbsp;(&nbsp;);\r\n&nbsp;&nbsp;&nbsp;&nbsp;}\r\n\r\n&nbsp;&nbsp;&nbsp;&nbsp;public&nbsp;override&nbsp;void&nbsp;Dispose&nbsp;(&nbsp;)\r\n&nbsp;&nbsp;&nbsp;&nbsp;{\r\n&nbsp;&nbsp;&nbsp;&nbsp;&nbsp;&nbsp;&nbsp;&nbsp;this.birdManager.Dispose&nbsp;(&nbsp;);\r\n\r\n&nbsp;&nbsp;&nbsp;&nbsp;&nbsp;&nbsp;&nbsp;&nbsp;base.Dispose&nbsp;(&nbsp;);\r\n&nbsp;&nbsp;&nbsp;&nbsp;}\r\n\r\n}</pre><p><span class="cnblogs_code_copy"><a title="复制代码"><img alt="复制代码" src="http://common.cnblogs.com/images/copycode.gif"/></a></span></p><p>&nbsp;</p></blockquote><p>本期视频 <a href="http://v.youku.com/v_show/id_XNTgyMDUwMTg0.html">http://v.youku.com/v_show/id_XNTgyMDUwMTg0.html</a><br/>项目地址 <a href="http://wp-xna.googlecode.com/">http://wp-xna.googlecode.com/</a></p><p><br/></p>', '2013-07-18 07:21:41', 5, 0, 0, 0, 1, 30, 'aab', 1, 1, 1, '', 0, 0),
(88, 10, 58, 38, 'aaa', '', '', '', 'aaa', '<p>aaa</p>', '2013-07-21 12:51:55', 3, 0, 0, 0, 1, 31, 'jianjian', 1, 1, 1, '', 0, 0);
INSERT INTO `blog_article` (`id`, `channel1_id`, `channel2_id`, `category_id`, `title`, `titlestyle`, `titlepic`, `tags`, `summary`, `content`, `createtime`, `views`, `comments`, `goods`, `bads`, `status`, `user_id`, `username`, `istop`, `isoriginal`, `cancomment`, `password`, `ishome`, `isrecommend`) VALUES
(89, 1, 68, 40, '独家：苹果5周年限免神作，BADLAND开发者访谈', '', 'http://cms.csdnimg.cn/article/201307/23/51ee0d4730338_middle.jpg', '', 'App Store5周年之际，作为一款限免的游戏，BADLAND的推出席卷了全世界各大移动应用市场。在一周的时间内，BADLAND的下载量从28万飙升到740万。这一惊人的成绩只是因为限免么？答案就由BADLAND的创始人Johannes Vuorinen告诉你吧。CSDN: 请介绍一下自己和整个开发团队Johannes:&nbsp;BADLAND的制作是由Frogmind完成的，Frogmind', '<p style="; ; ; ; ; ; ; ; list-style-type: none; list-style-position: initial; list-style-image: initial; text-decoration: none; color: rgb(51, 51, 51); font-family: Helvetica, Tahoma, Arial, sans-serif; font-size: 14px; font-style: normal; font-variant: normal; font-weight: normal; letter-spacing: normal; line-height: 24px; orphans: 2; text-align: left; text-indent: 0px; text-transform: none; white-space: normal; widows: 2; word-spacing: 0px; -webkit-text-size-adjust: auto; -webkit-text-stroke-width: 0px; background-color: rgb(255, 255, 255); ">App Store5周年之际，作为一款限免的游戏，BADLAND的推出席卷了全世界各大移动应用市场。<strong>在一周的时间内，BADLAND的下载量从28万飙升到740万。</strong>这一惊人的成绩只是因为限免么？答案就由BADLAND的创始人Johannes Vuorinen告诉你吧。</p><p style="; ; ; ; ; ; ; ; list-style-type: none; list-style-position: initial; list-style-image: initial; text-decoration: none; color: rgb(51, 51, 51); font-family: Helvetica, Tahoma, Arial, sans-serif; font-size: 14px; font-style: normal; font-variant: normal; font-weight: normal; letter-spacing: normal; line-height: 24px; orphans: 2; text-align: left; text-indent: 0px; text-transform: none; white-space: normal; widows: 2; word-spacing: 0px; -webkit-text-size-adjust: auto; -webkit-text-stroke-width: 0px; background-color: rgb(255, 255, 255); "><strong>CSDN: 请介绍一下自己和整个开发团队</strong></p><p style="; ; ; ; ; ; ; ; list-style-type: none; list-style-position: initial; list-style-image: initial; text-decoration: none; color: rgb(51, 51, 51); font-family: Helvetica, Tahoma, Arial, sans-serif; font-size: 14px; font-style: normal; font-variant: normal; font-weight: normal; letter-spacing: normal; line-height: 24px; orphans: 2; text-align: left; text-indent: 0px; text-transform: none; white-space: normal; widows: 2; word-spacing: 0px; -webkit-text-size-adjust: auto; -webkit-text-stroke-width: 0px; background-color: rgb(255, 255, 255); "><strong>Johannes:&nbsp;</strong>BADLAND的制作是由Frogmind完成的，Frogmind是一个独立的工作室，严格来说总共只有两个人。我负责对游戏原型进行设计，我的搭档Juhana Myllys负责游戏的美工。Joonas Turner是临时帮忙的，他负责制作后期的音效。Frogmind于2012年4月成立，BADLAND是公司的第一款游戏。在BADLAND之前，我和Juhana Myllys都曾经有过5年的游戏开发经验。我曾经在Xbox 360游戏Trials Evolution的制作中担任首席程序员，Juhana是Wii和iOS平台游戏MotoHeroz的首席美工设计师。</p><p style="; ; ; ; ; ; ; ; list-style-type: none; list-style-position: initial; list-style-image: initial; text-decoration: none; color: rgb(51, 51, 51); font-family: Helvetica, Tahoma, Arial, sans-serif; font-size: 14px; font-style: normal; font-variant: normal; font-weight: normal; letter-spacing: normal; line-height: 24px; orphans: 2; text-indent: 0px; text-transform: none; white-space: normal; widows: 2; word-spacing: 0px; -webkit-text-size-adjust: auto; -webkit-text-stroke-width: 0px; background-color: rgb(255, 255, 255); text-align: center; "><a href="http://cms.csdnimg.cn/article/201307/23/51ee0d4730338.jpg" target="_blank" style="cursor: pointer; color: rgb(0, 102, 204); text-decoration: none; "><img src="http://cms.csdnimg.cn/article/201307/23/51ee0d4730338_middle.jpg" style="vertical-align: middle; border-top-style: none; border-right-style: none; border-bottom-style: none; border-left-style: none; border-width: initial; border-color: initial; border-image: initial; width: 550.2135922330098px; height: 308px; " border="0"/></a><br/></p><p style="; ; ; ; ; ; ; ; list-style-type: none; list-style-position: initial; list-style-image: initial; text-decoration: none; color: rgb(51, 51, 51); font-family: Helvetica, Tahoma, Arial, sans-serif; font-size: 14px; font-style: normal; font-variant: normal; font-weight: normal; letter-spacing: normal; line-height: 24px; orphans: 2; text-indent: 0px; text-transform: none; white-space: normal; widows: 2; word-spacing: 0px; -webkit-text-size-adjust: auto; -webkit-text-stroke-width: 0px; background-color: rgb(255, 255, 255); text-align: center; ">图：BADLAND的制作公司Frogmind是由两个人组成的</p><p style="; ; ; ; ; ; ; ; list-style-type: none; list-style-position: initial; list-style-image: initial; text-decoration: none; color: rgb(51, 51, 51); font-family: Helvetica, Tahoma, Arial, sans-serif; font-size: 14px; font-style: normal; font-variant: normal; font-weight: normal; letter-spacing: normal; line-height: 24px; orphans: 2; text-align: left; text-indent: 0px; text-transform: none; white-space: normal; widows: 2; word-spacing: 0px; -webkit-text-size-adjust: auto; -webkit-text-stroke-width: 0px; background-color: rgb(255, 255, 255); "><strong>CSDN: &nbsp;听说你以前是个射击游戏爱好者，下定决心制作游戏是因为什么？</strong></p><p style="; ; ; ; ; ; ; ; list-style-type: none; list-style-position: initial; list-style-image: initial; text-decoration: none; color: rgb(51, 51, 51); font-family: Helvetica, Tahoma, Arial, sans-serif; font-size: 14px; font-style: normal; font-variant: normal; font-weight: normal; letter-spacing: normal; line-height: 24px; orphans: 2; text-align: left; text-indent: 0px; text-transform: none; white-space: normal; widows: 2; word-spacing: 0px; -webkit-text-size-adjust: auto; -webkit-text-stroke-width: 0px; background-color: rgb(255, 255, 255); "><strong>Johannes:&nbsp;</strong>我以前确实很喜欢玩射击游戏，非常喜欢Quake、Action Quake 2、Return to Castle Wolfenstein和Counter-Strike这样的游戏。我每天都要玩4-6个小时左右，但这只是我的爱好。我对数学、物理和编程有着浓厚的兴趣。而游戏编程却能有效地将我学到的这三门课程结合在一起，加上我本身就十分热爱游戏，所以在那时我十分渴望知道游戏是怎么制作出来的。基于这一点，我决定制作游戏。</p><p style="; ; ; ; ; ; ; ; list-style-type: none; list-style-position: initial; list-style-image: initial; text-decoration: none; color: rgb(51, 51, 51); font-family: Helvetica, Tahoma, Arial, sans-serif; font-size: 14px; font-style: normal; font-variant: normal; font-weight: normal; letter-spacing: normal; line-height: 24px; orphans: 2; text-align: left; text-indent: 0px; text-transform: none; white-space: normal; widows: 2; word-spacing: 0px; -webkit-text-size-adjust: auto; -webkit-text-stroke-width: 0px; background-color: rgb(255, 255, 255); "><strong>CSDN:&nbsp;之前的Trials Evolution和现在BADLAND在游戏的画面上有很大的不同，你们从中借鉴了什么？</strong></p><p style="; ; ; ; ; ; ; ; list-style-type: none; list-style-position: initial; list-style-image: initial; text-decoration: none; color: rgb(51, 51, 51); font-family: Helvetica, Tahoma, Arial, sans-serif; font-size: 14px; font-style: normal; font-variant: normal; font-weight: normal; letter-spacing: normal; line-height: 24px; orphans: 2; text-align: left; text-indent: 0px; text-transform: none; white-space: normal; widows: 2; word-spacing: 0px; -webkit-text-size-adjust: auto; -webkit-text-stroke-width: 0px; background-color: rgb(255, 255, 255); "><strong>Johannes:&nbsp;</strong>Trials Evolution是一个基于物理学原理的游戏。在制作BADLAND时，之前的物理学原理得到了借鉴。游戏中丰富的可玩性正是由于物理学的恰当使用。谈到可玩性，Trials Evolution的出名就是因为它的可玩性，这也是我们当初制作BADLAND时的目标之一。我们创作的时候，一遍又一遍地对游戏的玩法进行调整，直到我们都认为已经达到完美，才开始进行画面和音效的制作。</p><p style="; ; ; ; ; ; ; ; list-style-type: none; list-style-position: initial; list-style-image: initial; text-decoration: none; color: rgb(51, 51, 51); font-family: Helvetica, Tahoma, Arial, sans-serif; font-size: 14px; font-style: normal; font-variant: normal; font-weight: normal; letter-spacing: normal; line-height: 24px; orphans: 2; text-indent: 0px; text-transform: none; white-space: normal; widows: 2; word-spacing: 0px; -webkit-text-size-adjust: auto; -webkit-text-stroke-width: 0px; background-color: rgb(255, 255, 255); text-align: center; "><strong><a href="http://cms.csdnimg.cn/article/201307/23/51ee10efe6382.jpg" target="_blank" style="cursor: pointer; color: rgb(0, 102, 204); text-decoration: none; "><img src="http://cms.csdnimg.cn/article/201307/23/51ee10efe6382_middle.jpg" style="vertical-align: middle; border-top-style: none; border-right-style: none; border-bottom-style: none; border-left-style: none; border-width: initial; border-color: initial; border-image: initial; " border="0"/></a><br/></strong></p><p style="; ; ; ; ; ; ; ; list-style-type: none; list-style-position: initial; list-style-image: initial; text-decoration: none; color: rgb(51, 51, 51); font-family: Helvetica, Tahoma, Arial, sans-serif; font-size: 14px; font-style: normal; font-variant: normal; font-weight: normal; letter-spacing: normal; line-height: 24px; orphans: 2; text-indent: 0px; text-transform: none; white-space: normal; widows: 2; word-spacing: 0px; -webkit-text-size-adjust: auto; -webkit-text-stroke-width: 0px; background-color: rgb(255, 255, 255); text-align: center; ">图：BADLAND中常常需要用一些物理学原理</p><p style="; ; ; ; ; ; ; ; list-style-type: none; list-style-position: initial; list-style-image: initial; text-decoration: none; color: rgb(51, 51, 51); font-family: Helvetica, Tahoma, Arial, sans-serif; font-size: 14px; font-style: normal; font-variant: normal; font-weight: normal; letter-spacing: normal; line-height: 24px; orphans: 2; text-align: left; text-indent: 0px; text-transform: none; white-space: normal; widows: 2; word-spacing: 0px; -webkit-text-size-adjust: auto; -webkit-text-stroke-width: 0px; background-color: rgb(255, 255, 255); "><strong>CSDN:&nbsp;你们用了什么引擎、框架？语言？</strong></p><p style="; ; ; ; ; ; ; ; list-style-type: none; list-style-position: initial; list-style-image: initial; text-decoration: none; color: rgb(51, 51, 51); font-family: Helvetica, Tahoma, Arial, sans-serif; font-size: 14px; font-style: normal; font-variant: normal; font-weight: normal; letter-spacing: normal; line-height: 24px; orphans: 2; text-align: left; text-indent: 0px; text-transform: none; white-space: normal; widows: 2; word-spacing: 0px; -webkit-text-size-adjust: auto; -webkit-text-stroke-width: 0px; background-color: rgb(255, 255, 255); "><strong>Johannes:&nbsp;</strong>BADLAND使用的是Cocos2D-iPhone框架，画面设计采用的是Box2D，音效制作使用的FMOD。整个游戏是使用C++进行编程的。</p><p style="; ; ; ; ; ; ; ; list-style-type: none; list-style-position: initial; list-style-image: initial; text-decoration: none; color: rgb(51, 51, 51); font-family: Helvetica, Tahoma, Arial, sans-serif; font-size: 14px; font-style: normal; font-variant: normal; font-weight: normal; letter-spacing: normal; line-height: 24px; orphans: 2; text-align: left; text-indent: 0px; text-transform: none; white-space: normal; widows: 2; word-spacing: 0px; -webkit-text-size-adjust: auto; -webkit-text-stroke-width: 0px; background-color: rgb(255, 255, 255); "><strong>CSDN: 现在Cocos2D-X很火，跨平台很容易，当初为什么没有考虑Cocos2D-X？</strong></p><p style="; ; ; ; ; ; ; ; list-style-type: none; list-style-position: initial; list-style-image: initial; text-decoration: none; color: rgb(51, 51, 51); font-family: Helvetica, Tahoma, Arial, sans-serif; font-size: 14px; font-style: normal; font-variant: normal; font-weight: normal; letter-spacing: normal; line-height: 24px; orphans: 2; text-align: left; text-indent: 0px; text-transform: none; white-space: normal; widows: 2; word-spacing: 0px; -webkit-text-size-adjust: auto; -webkit-text-stroke-width: 0px; background-color: rgb(255, 255, 255); "><strong>Johannes:&nbsp;</strong>首先我要说，如果现在让我开发一款游戏，我肯定会使用Cocos2D-X。因为一开始我的想法很简单，而且对Cocos2D确实不是十分地了解。在另一方面，Cocos2D-iPhone的框架又相对简单，我们最初只是单纯地希望在iOS系统上进行初次尝试。所以权衡之下，我决定使用Cocos2D-iPhone框架。关于跨平台的事情，我最近也了解到其他平台的游戏爱好者对这款游戏也十分期待。因此，在将来我肯定会投入到跨平台的游戏创作中。</p><p style="; ; ; ; ; ; ; ; list-style-type: none; list-style-position: initial; list-style-image: initial; text-decoration: none; color: rgb(51, 51, 51); font-family: Helvetica, Tahoma, Arial, sans-serif; font-size: 14px; font-style: normal; font-variant: normal; font-weight: normal; letter-spacing: normal; line-height: 24px; orphans: 2; text-align: left; text-indent: 0px; text-transform: none; white-space: normal; widows: 2; word-spacing: 0px; -webkit-text-size-adjust: auto; -webkit-text-stroke-width: 0px; background-color: rgb(255, 255, 255); "><strong>CSDN:</strong>&nbsp;<strong>游戏最先开发的是哪个部分？之后又是如何慢慢完善的？</strong></p><p style="; ; ; ; ; ; ; ; list-style-type: none; list-style-position: initial; list-style-image: initial; text-decoration: none; color: rgb(51, 51, 51); font-family: Helvetica, Tahoma, Arial, sans-serif; font-size: 14px; font-style: normal; font-variant: normal; font-weight: normal; letter-spacing: normal; line-height: 24px; orphans: 2; text-align: left; text-indent: 0px; text-transform: none; white-space: normal; widows: 2; word-spacing: 0px; -webkit-text-size-adjust: auto; -webkit-text-stroke-width: 0px; background-color: rgb(255, 255, 255); "><strong>Johannes:&nbsp;</strong>最开始是由我做出了一个游戏核心玩法的原型，通过一步一步地微调之后，最后就是现在这个样子了。在这之后我们又添加了一些新的功能，但这一切都是基于我们最开始的游戏原型，从未改变。</p><p style="; ; ; ; ; ; ; ; list-style-type: none; list-style-position: initial; list-style-image: initial; text-decoration: none; color: rgb(51, 51, 51); font-family: Helvetica, Tahoma, Arial, sans-serif; font-size: 14px; font-style: normal; font-variant: normal; font-weight: normal; letter-spacing: normal; line-height: 24px; orphans: 2; text-align: left; text-indent: 0px; text-transform: none; white-space: normal; widows: 2; word-spacing: 0px; -webkit-text-size-adjust: auto; -webkit-text-stroke-width: 0px; background-color: rgb(255, 255, 255); "><strong>CSDN:&nbsp;游戏整体的美术风格是怎么确定下来的？</strong></p><p style="; ; ; ; ; ; ; ; list-style-type: none; list-style-position: initial; list-style-image: initial; text-decoration: none; color: rgb(51, 51, 51); font-family: Helvetica, Tahoma, Arial, sans-serif; font-size: 14px; font-style: normal; font-variant: normal; font-weight: normal; letter-spacing: normal; line-height: 24px; orphans: 2; text-align: left; text-indent: 0px; text-transform: none; white-space: normal; widows: 2; word-spacing: 0px; -webkit-text-size-adjust: auto; -webkit-text-stroke-width: 0px; background-color: rgb(255, 255, 255); "><strong>Johannes:&nbsp;</strong>先说背景，我们希望游戏的背景既会给你一种似曾相识的感觉，又会让你觉得周围的一切十分诡异。所以我们决定把这种感觉当作画面的灵感来源，画面中的奇怪生物和蛋型的物体就来源于此。接下来就是游戏画面的前景设置了，我们的核心设计就是将前景和背景形成鲜明的对比，通过这种层次的反差来让玩家更好地感受游戏的场景。</p><p style="; ; ; ; ; ; ; ; list-style-type: none; list-style-position: initial; list-style-image: initial; text-decoration: none; color: rgb(51, 51, 51); font-family: Helvetica, Tahoma, Arial, sans-serif; font-size: 14px; font-style: normal; font-variant: normal; font-weight: normal; letter-spacing: normal; line-height: 24px; orphans: 2; text-indent: 0px; text-transform: none; white-space: normal; widows: 2; word-spacing: 0px; -webkit-text-size-adjust: auto; -webkit-text-stroke-width: 0px; background-color: rgb(255, 255, 255); text-align: center; "><strong><a href="http://cms.csdnimg.cn/article/201307/23/51ee122d979df.jpg" target="_blank" style="cursor: pointer; color: rgb(0, 102, 204); text-decoration: none; "><img src="http://cms.csdnimg.cn/article/201307/23/51ee122d979df_middle.jpg" style="vertical-align: middle; border-top-style: none; border-right-style: none; border-bottom-style: none; border-left-style: none; border-width: initial; border-color: initial; border-image: initial; " border="0"/></a><br/></strong></p><p style="; ; ; ; ; ; ; ; list-style-type: none; list-style-position: initial; list-style-image: initial; text-decoration: none; color: rgb(51, 51, 51); font-family: Helvetica, Tahoma, Arial, sans-serif; font-size: 14px; font-style: normal; font-variant: normal; font-weight: normal; letter-spacing: normal; line-height: 24px; orphans: 2; text-indent: 0px; text-transform: none; white-space: normal; widows: 2; word-spacing: 0px; -webkit-text-size-adjust: auto; -webkit-text-stroke-width: 0px; background-color: rgb(255, 255, 255); text-align: center; ">图：BADLAND的游戏背景带有一种迷离而又熟悉的感觉</p><p style="; ; ; ; ; ; ; ; list-style-type: none; list-style-position: initial; list-style-image: initial; text-decoration: none; color: rgb(51, 51, 51); font-family: Helvetica, Tahoma, Arial, sans-serif; font-size: 14px; font-style: normal; font-variant: normal; font-weight: normal; letter-spacing: normal; line-height: 24px; orphans: 2; text-align: left; text-indent: 0px; text-transform: none; white-space: normal; widows: 2; word-spacing: 0px; -webkit-text-size-adjust: auto; -webkit-text-stroke-width: 0px; background-color: rgb(255, 255, 255); "><strong>CSDN:</strong>&nbsp;<strong>在创作BADLAND时，有没有什么难题让你和同伴各持己见？</strong></p><p style="; ; ; ; ; ; ; ; list-style-type: none; list-style-position: initial; list-style-image: initial; text-decoration: none; color: rgb(51, 51, 51); font-family: Helvetica, Tahoma, Arial, sans-serif; font-size: 14px; font-style: normal; font-variant: normal; font-weight: normal; letter-spacing: normal; line-height: 24px; orphans: 2; text-align: left; text-indent: 0px; text-transform: none; white-space: normal; widows: 2; word-spacing: 0px; -webkit-text-size-adjust: auto; -webkit-text-stroke-width: 0px; background-color: rgb(255, 255, 255); "><strong>Johannes:&nbsp;</strong>大问题没有，一些细节问题还是有的。有一个问题讨论了好长时间。我们一直犹豫该不该在主界面添加一个继续游戏的按钮，这个问题直到创作完成前一周才得出结论。我们最终决定移除这一功能，因为我们希望让玩家更完整地体验这款游戏。</p><p style="; ; ; ; ; ; ; ; list-style-type: none; list-style-position: initial; list-style-image: initial; text-decoration: none; color: rgb(51, 51, 51); font-family: Helvetica, Tahoma, Arial, sans-serif; font-size: 14px; font-style: normal; font-variant: normal; font-weight: normal; letter-spacing: normal; line-height: 24px; orphans: 2; text-align: left; text-indent: 0px; text-transform: none; white-space: normal; widows: 2; word-spacing: 0px; -webkit-text-size-adjust: auto; -webkit-text-stroke-width: 0px; background-color: rgb(255, 255, 255); "><strong>CSDN: BADLAND是在App Store五周年的时候以限免的方式推出的，你们的盈利模式是什么？</strong></p><p style="; ; ; ; ; ; ; ; list-style-type: none; list-style-position: initial; list-style-image: initial; text-decoration: none; color: rgb(51, 51, 51); font-family: Helvetica, Tahoma, Arial, sans-serif; font-size: 14px; font-style: normal; font-variant: normal; font-weight: normal; letter-spacing: normal; line-height: 24px; orphans: 2; text-align: left; text-indent: 0px; text-transform: none; white-space: normal; widows: 2; word-spacing: 0px; -webkit-text-size-adjust: auto; -webkit-text-stroke-width: 0px; background-color: rgb(255, 255, 255); "><strong>Johannes:&nbsp;</strong>这款游戏原本是只需要用户在下载前支付费用的，我们没有计划在游戏内部制作付费系统。所以通过App Store的这次限免，我们真心地希望用户可以免费玩到这款游戏，享受游戏带给他们的快乐。</p><p><br/></p>', '2013-07-24 08:20:42', 1, 0, 0, 0, 1, 1, 'admin', 1, 1, 1, '', 0, 0),
(94, 6, 87, 40, '[图]盘点美国阿波罗登月计划经典照片', '', 'http://static.cnbetacdn.com/newsimg/2013/0724/01374625131.jpg_w600.jpg', '', '1.阿波罗登月计划中由哈苏相机进行拍摄，展示了月球表面真实的情景2.&nbsp;阿波罗12号的宇航员使用哈苏相机拍摄从阿波罗8号开始，宇航员就使用哈苏EDC进行空间照相，尼尔·阿姆斯特朗和巴兹·奥尔德林用相机记录了登月的历史性时刻，在纪念阿波罗11号成功登陆月球44周年之际，哈苏相机为我们展示了月球上的真实情景。3.&nbsp;阿波罗17号指令舱对接的画面，由宇航员罗纳德•埃文斯拍摄4.&nbsp', '<p class="f_center" style="; ; ; ; ; ; ; ; vertical-align: baseline; word-wrap: break-word; line-height: 25px; color: rgb(0, 0, 0); font-family: 微软雅黑, Tahoma, Verdana, 宋体; font-size: 16px; font-style: normal; font-variant: normal; font-weight: normal; letter-spacing: normal; orphans: 2; text-align: -webkit-auto; text-indent: 0px; text-transform: none; white-space: normal; widows: 2; word-spacing: 0px; -webkit-text-size-adjust: auto; -webkit-text-stroke-width: 0px; background-color: rgb(255, 255, 255); "><a target="_blank" href="http://static.cnbetacdn.com/newsimg/2013/0724/01374625131.jpg" style="color: rgb(0, 51, 102); text-decoration: none; cursor: pointer; "><img src="http://static.cnbetacdn.com/newsimg/2013/0724/01374625131.jpg_w600.jpg" id="PicSrc" style="border-top-width: 0px; border-right-width: 0px; border-bottom-width: 0px; border-left-width: 0px; border-style: initial; border-color: initial; border-image: initial; "/></a></p><p style="; ; ; ; ; ; ; ; vertical-align: baseline; word-wrap: break-word; line-height: 25px; color: rgb(0, 0, 0); font-family: 微软雅黑, Tahoma, Verdana, 宋体; font-size: 16px; font-style: normal; font-variant: normal; font-weight: normal; letter-spacing: normal; orphans: 2; text-align: -webkit-auto; text-indent: 0px; text-transform: none; white-space: normal; widows: 2; word-spacing: 0px; -webkit-text-size-adjust: auto; -webkit-text-stroke-width: 0px; background-color: rgb(255, 255, 255); ">1.阿波罗登月计划中由哈苏相机进行拍摄，展示了月球表面真实的情景</p><p class="f_center" style="; ; ; ; ; ; ; ; vertical-align: baseline; word-wrap: break-word; line-height: 25px; color: rgb(0, 0, 0); font-family: 微软雅黑, Tahoma, Verdana, 宋体; font-size: 16px; font-style: normal; font-variant: normal; font-weight: normal; letter-spacing: normal; orphans: 2; text-align: -webkit-auto; text-indent: 0px; text-transform: none; white-space: normal; widows: 2; word-spacing: 0px; -webkit-text-size-adjust: auto; -webkit-text-stroke-width: 0px; background-color: rgb(255, 255, 255); "><a target="_blank" href="http://static.cnbetacdn.com/newsimg/2013/0724/11374625131.jpg" style="color: rgb(0, 51, 102); text-decoration: none; cursor: pointer; "><img src="http://static.cnbetacdn.com/newsimg/2013/0724/11374625131.jpg_w600.jpg" id="PicSrc" style="border-top-width: 0px; border-right-width: 0px; border-bottom-width: 0px; border-left-width: 0px; border-style: initial; border-color: initial; border-image: initial; "/></a></p><p style="; ; ; ; ; ; ; ; vertical-align: baseline; word-wrap: break-word; line-height: 25px; color: rgb(0, 0, 0); font-family: 微软雅黑, Tahoma, Verdana, 宋体; font-size: 16px; font-style: normal; font-variant: normal; font-weight: normal; letter-spacing: normal; orphans: 2; text-align: -webkit-auto; text-indent: 0px; text-transform: none; white-space: normal; widows: 2; word-spacing: 0px; -webkit-text-size-adjust: auto; -webkit-text-stroke-width: 0px; background-color: rgb(255, 255, 255); ">2.&nbsp;阿波罗12号的宇航员使用哈苏相机拍摄</p><p style="; ; ; ; ; ; ; ; vertical-align: baseline; word-wrap: break-word; line-height: 25px; color: rgb(0, 0, 0); font-family: 微软雅黑, Tahoma, Verdana, 宋体; font-size: 16px; font-style: normal; font-variant: normal; font-weight: normal; letter-spacing: normal; orphans: 2; text-align: -webkit-auto; text-indent: 0px; text-transform: none; white-space: normal; widows: 2; word-spacing: 0px; -webkit-text-size-adjust: auto; -webkit-text-stroke-width: 0px; background-color: rgb(255, 255, 255); ">从阿波罗8号开始，宇航员就使用哈苏EDC进行空间照相，尼尔·阿姆斯特朗和巴兹·奥尔德林用相机记录了登月的历史性时刻，在纪念阿波罗11号成功登陆月球44周年之际，哈苏相机为我们展示了月球上的真实情景。</p><p class="f_center" style="; ; ; ; ; ; ; ; vertical-align: baseline; word-wrap: break-word; line-height: 25px; color: rgb(0, 0, 0); font-family: 微软雅黑, Tahoma, Verdana, 宋体; font-size: 16px; font-style: normal; font-variant: normal; font-weight: normal; letter-spacing: normal; orphans: 2; text-align: -webkit-auto; text-indent: 0px; text-transform: none; white-space: normal; widows: 2; word-spacing: 0px; -webkit-text-size-adjust: auto; -webkit-text-stroke-width: 0px; background-color: rgb(255, 255, 255); "><a target="_blank" href="http://static.cnbetacdn.com/newsimg/2013/0724/21374625131.jpg" style="color: rgb(0, 51, 102); text-decoration: none; cursor: pointer; "><img src="http://static.cnbetacdn.com/newsimg/2013/0724/21374625131.jpg_w600.jpg" id="PicSrc" style="border-top-width: 0px; border-right-width: 0px; border-bottom-width: 0px; border-left-width: 0px; border-style: initial; border-color: initial; border-image: initial; "/></a></p><p style="; ; ; ; ; ; ; ; vertical-align: baseline; word-wrap: break-word; line-height: 25px; color: rgb(0, 0, 0); font-family: 微软雅黑, Tahoma, Verdana, 宋体; font-size: 16px; font-style: normal; font-variant: normal; font-weight: normal; letter-spacing: normal; orphans: 2; text-align: -webkit-auto; text-indent: 0px; text-transform: none; white-space: normal; widows: 2; word-spacing: 0px; -webkit-text-size-adjust: auto; -webkit-text-stroke-width: 0px; background-color: rgb(255, 255, 255); ">3.&nbsp;阿波罗17号指令舱对接的画面，由宇航员罗纳德•埃文斯拍摄</p><p class="f_center" style="; ; ; ; ; ; ; ; vertical-align: baseline; word-wrap: break-word; line-height: 25px; color: rgb(0, 0, 0); font-family: 微软雅黑, Tahoma, Verdana, 宋体; font-size: 16px; font-style: normal; font-variant: normal; font-weight: normal; letter-spacing: normal; orphans: 2; text-align: -webkit-auto; text-indent: 0px; text-transform: none; white-space: normal; widows: 2; word-spacing: 0px; -webkit-text-size-adjust: auto; -webkit-text-stroke-width: 0px; background-color: rgb(255, 255, 255); "><a target="_blank" href="http://static.cnbetacdn.com/newsimg/2013/0724/31374625131.jpg" style="color: rgb(0, 51, 102); text-decoration: none; cursor: pointer; "><img src="http://static.cnbetacdn.com/newsimg/2013/0724/31374625131.jpg_w600.jpg" id="PicSrc" style="border-top-width: 0px; border-right-width: 0px; border-bottom-width: 0px; border-left-width: 0px; border-style: initial; border-color: initial; border-image: initial; "/></a></p><p style="; ; ; ; ; ; ; ; vertical-align: baseline; word-wrap: break-word; line-height: 25px; color: rgb(0, 0, 0); font-family: 微软雅黑, Tahoma, Verdana, 宋体; font-size: 16px; font-style: normal; font-variant: normal; font-weight: normal; letter-spacing: normal; orphans: 2; text-align: -webkit-auto; text-indent: 0px; text-transform: none; white-space: normal; widows: 2; word-spacing: 0px; -webkit-text-size-adjust: auto; -webkit-text-stroke-width: 0px; background-color: rgb(255, 255, 255); ">4.&nbsp;阿波罗15号宇航员詹姆斯•欧文在月球表面工作</p><p class="f_center" style="; ; ; ; ; ; ; ; vertical-align: baseline; word-wrap: break-word; line-height: 25px; color: rgb(0, 0, 0); font-family: 微软雅黑, Tahoma, Verdana, 宋体; font-size: 16px; font-style: normal; font-variant: normal; font-weight: normal; letter-spacing: normal; orphans: 2; text-align: -webkit-auto; text-indent: 0px; text-transform: none; white-space: normal; widows: 2; word-spacing: 0px; -webkit-text-size-adjust: auto; -webkit-text-stroke-width: 0px; background-color: rgb(255, 255, 255); "><a target="_blank" href="http://static.cnbetacdn.com/newsimg/2013/0724/41374625132.jpg" style="color: rgb(0, 51, 102); text-decoration: none; cursor: pointer; "><img src="http://static.cnbetacdn.com/newsimg/2013/0724/41374625132.jpg_w600.jpg" id="PicSrc" style="border-top-width: 0px; border-right-width: 0px; border-bottom-width: 0px; border-left-width: 0px; border-style: initial; border-color: initial; border-image: initial; "/></a></p><p style="; ; ; ; ; ; ; ; vertical-align: baseline; word-wrap: break-word; line-height: 25px; color: rgb(0, 0, 0); font-family: 微软雅黑, Tahoma, Verdana, 宋体; font-size: 16px; font-style: normal; font-variant: normal; font-weight: normal; letter-spacing: normal; orphans: 2; text-align: -webkit-auto; text-indent: 0px; text-transform: none; white-space: normal; widows: 2; word-spacing: 0px; -webkit-text-size-adjust: auto; -webkit-text-stroke-width: 0px; background-color: rgb(255, 255, 255); ">5.&nbsp;阿波罗14号登月舱在太阳照射下的情景</p><p class="f_center" style="; ; ; ; ; ; ; ; vertical-align: baseline; word-wrap: break-word; line-height: 25px; color: rgb(0, 0, 0); font-family: 微软雅黑, Tahoma, Verdana, 宋体; font-size: 16px; font-style: normal; font-variant: normal; font-weight: normal; letter-spacing: normal; orphans: 2; text-align: -webkit-auto; text-indent: 0px; text-transform: none; white-space: normal; widows: 2; word-spacing: 0px; -webkit-text-size-adjust: auto; -webkit-text-stroke-width: 0px; background-color: rgb(255, 255, 255); "><a target="_blank" href="http://static.cnbetacdn.com/newsimg/2013/0724/51374625132.jpg" style="color: rgb(0, 51, 102); text-decoration: none; cursor: pointer; "><img src="http://static.cnbetacdn.com/newsimg/2013/0724/51374625132.jpg_w600.jpg" id="PicSrc" style="border-top-width: 0px; border-right-width: 0px; border-bottom-width: 0px; border-left-width: 0px; border-style: initial; border-color: initial; border-image: initial; "/></a></p><p style="; ; ; ; ; ; ; ; vertical-align: baseline; word-wrap: break-word; line-height: 25px; color: rgb(0, 0, 0); font-family: 微软雅黑, Tahoma, Verdana, 宋体; font-size: 16px; font-style: normal; font-variant: normal; font-weight: normal; letter-spacing: normal; orphans: 2; text-align: -webkit-auto; text-indent: 0px; text-transform: none; white-space: normal; widows: 2; word-spacing: 0px; -webkit-text-size-adjust: auto; -webkit-text-stroke-width: 0px; background-color: rgb(255, 255, 255); ">6.&nbsp;阿波罗10号的宇航员拍摄的月球撞击坑，宇航员正在为11号任务观测着陆地点</p><p class="f_center" style="; ; ; ; ; ; ; ; vertical-align: baseline; word-wrap: break-word; line-height: 25px; color: rgb(0, 0, 0); font-family: 微软雅黑, Tahoma, Verdana, 宋体; font-size: 16px; font-style: normal; font-variant: normal; font-weight: normal; letter-spacing: normal; orphans: 2; text-align: -webkit-auto; text-indent: 0px; text-transform: none; white-space: normal; widows: 2; word-spacing: 0px; -webkit-text-size-adjust: auto; -webkit-text-stroke-width: 0px; background-color: rgb(255, 255, 255); "><a target="_blank" href="http://static.cnbetacdn.com/newsimg/2013/0724/61374625132.jpg" style="color: rgb(0, 51, 102); text-decoration: none; cursor: pointer; "><img src="http://static.cnbetacdn.com/newsimg/2013/0724/61374625132.jpg_w600.jpg" id="PicSrc" style="border-top-width: 0px; border-right-width: 0px; border-bottom-width: 0px; border-left-width: 0px; border-style: initial; border-color: initial; border-image: initial; "/></a></p><p style="; ; ; ; ; ; ; ; vertical-align: baseline; word-wrap: break-word; line-height: 25px; color: rgb(0, 0, 0); font-family: 微软雅黑, Tahoma, Verdana, 宋体; font-size: 16px; font-style: normal; font-variant: normal; font-weight: normal; letter-spacing: normal; orphans: 2; text-align: -webkit-auto; text-indent: 0px; text-transform: none; white-space: normal; widows: 2; word-spacing: 0px; -webkit-text-size-adjust: auto; -webkit-text-stroke-width: 0px; background-color: rgb(255, 255, 255); ">7.阿波罗9号执行任务时的情景</p><p class="f_center" style="; ; ; ; ; ; ; ; vertical-align: baseline; word-wrap: break-word; line-height: 25px; color: rgb(0, 0, 0); font-family: 微软雅黑, Tahoma, Verdana, 宋体; font-size: 16px; font-style: normal; font-variant: normal; font-weight: normal; letter-spacing: normal; orphans: 2; text-align: -webkit-auto; text-indent: 0px; text-transform: none; white-space: normal; widows: 2; word-spacing: 0px; -webkit-text-size-adjust: auto; -webkit-text-stroke-width: 0px; background-color: rgb(255, 255, 255); "><a target="_blank" href="http://static.cnbetacdn.com/newsimg/2013/0724/71374625132.jpg" style="color: rgb(0, 51, 102); text-decoration: none; cursor: pointer; "><img src="http://static.cnbetacdn.com/newsimg/2013/0724/71374625132.jpg_w600.jpg" id="PicSrc" style="border-top-width: 0px; border-right-width: 0px; border-bottom-width: 0px; border-left-width: 0px; border-style: initial; border-color: initial; border-image: initial; "/></a></p><p style="; ; ; ; ; ; ; ; vertical-align: baseline; word-wrap: break-word; line-height: 25px; color: rgb(0, 0, 0); font-family: 微软雅黑, Tahoma, Verdana, 宋体; font-size: 16px; font-style: normal; font-variant: normal; font-weight: normal; letter-spacing: normal; orphans: 2; text-align: -webkit-auto; text-indent: 0px; text-transform: none; white-space: normal; widows: 2; word-spacing: 0px; -webkit-text-size-adjust: auto; -webkit-text-stroke-width: 0px; background-color: rgb(255, 255, 255); ">8.登月装置与地球的合影</p><p class="f_center" style="; ; ; ; ; ; ; ; vertical-align: baseline; word-wrap: break-word; line-height: 25px; color: rgb(0, 0, 0); font-family: 微软雅黑, Tahoma, Verdana, 宋体; font-size: 16px; font-style: normal; font-variant: normal; font-weight: normal; letter-spacing: normal; orphans: 2; text-align: -webkit-auto; text-indent: 0px; text-transform: none; white-space: normal; widows: 2; word-spacing: 0px; -webkit-text-size-adjust: auto; -webkit-text-stroke-width: 0px; background-color: rgb(255, 255, 255); "><a target="_blank" href="http://static.cnbetacdn.com/newsimg/2013/0724/81374625133.jpg" style="color: rgb(0, 51, 102); text-decoration: none; cursor: pointer; "><img src="http://static.cnbetacdn.com/newsimg/2013/0724/81374625133.jpg_w600.jpg" id="PicSrc" style="border-top-width: 0px; border-right-width: 0px; border-bottom-width: 0px; border-left-width: 0px; border-style: initial; border-color: initial; border-image: initial; "/></a></p><p style="; ; ; ; ; ; ; ; vertical-align: baseline; word-wrap: break-word; line-height: 25px; color: rgb(0, 0, 0); font-family: 微软雅黑, Tahoma, Verdana, 宋体; font-size: 16px; font-style: normal; font-variant: normal; font-weight: normal; letter-spacing: normal; orphans: 2; text-align: -webkit-auto; text-indent: 0px; text-transform: none; white-space: normal; widows: 2; word-spacing: 0px; -webkit-text-size-adjust: auto; -webkit-text-stroke-width: 0px; background-color: rgb(255, 255, 255); ">09.在月球上拍摄的月球车特写</p><p class="f_center" style="; ; ; ; ; ; ; ; vertical-align: baseline; word-wrap: break-word; line-height: 25px; color: rgb(0, 0, 0); font-family: 微软雅黑, Tahoma, Verdana, 宋体; font-size: 16px; font-style: normal; font-variant: normal; font-weight: normal; letter-spacing: normal; orphans: 2; text-align: -webkit-auto; text-indent: 0px; text-transform: none; white-space: normal; widows: 2; word-spacing: 0px; -webkit-text-size-adjust: auto; -webkit-text-stroke-width: 0px; background-color: rgb(255, 255, 255); "><a target="_blank" href="http://static.cnbetacdn.com/newsimg/2013/0724/91374625133.jpg" style="color: rgb(0, 51, 102); text-decoration: none; cursor: pointer; "><img src="http://static.cnbetacdn.com/newsimg/2013/0724/91374625133.jpg_w600.jpg" id="PicSrc" style="border-top-width: 0px; border-right-width: 0px; border-bottom-width: 0px; border-left-width: 0px; border-style: initial; border-color: initial; border-image: initial; "/></a></p><p style="; ; ; ; ; ; ; ; vertical-align: baseline; word-wrap: break-word; line-height: 25px; color: rgb(0, 0, 0); font-family: 微软雅黑, Tahoma, Verdana, 宋体; font-size: 16px; font-style: normal; font-variant: normal; font-weight: normal; letter-spacing: normal; orphans: 2; text-align: -webkit-auto; text-indent: 0px; text-transform: none; white-space: normal; widows: 2; word-spacing: 0px; -webkit-text-size-adjust: auto; -webkit-text-stroke-width: 0px; background-color: rgb(255, 255, 255); ">10.&nbsp;宇航员大卫•斯科特正在月球表面作业</p><p class="f_center" style="; ; ; ; ; ; ; ; vertical-align: baseline; word-wrap: break-word; line-height: 25px; color: rgb(0, 0, 0); font-family: 微软雅黑, Tahoma, Verdana, 宋体; font-size: 16px; font-style: normal; font-variant: normal; font-weight: normal; letter-spacing: normal; orphans: 2; text-align: -webkit-auto; text-indent: 0px; text-transform: none; white-space: normal; widows: 2; word-spacing: 0px; -webkit-text-size-adjust: auto; -webkit-text-stroke-width: 0px; background-color: rgb(255, 255, 255); "><a target="_blank" href="http://static.cnbetacdn.com/newsimg/2013/0724/101374625133.jpg" style="color: rgb(0, 51, 102); text-decoration: none; cursor: pointer; "><img src="http://static.cnbetacdn.com/newsimg/2013/0724/101374625133.jpg_w600.jpg" id="PicSrc" style="border-top-width: 0px; border-right-width: 0px; border-bottom-width: 0px; border-left-width: 0px; border-style: initial; border-color: initial; border-image: initial; "/></a></p><p style="; ; ; ; ; ; ; ; vertical-align: baseline; word-wrap: break-word; line-height: 25px; color: rgb(0, 0, 0); font-family: 微软雅黑, Tahoma, Verdana, 宋体; font-size: 16px; font-style: normal; font-variant: normal; font-weight: normal; letter-spacing: normal; orphans: 2; text-align: -webkit-auto; text-indent: 0px; text-transform: none; white-space: normal; widows: 2; word-spacing: 0px; -webkit-text-size-adjust: auto; -webkit-text-stroke-width: 0px; background-color: rgb(255, 255, 255); ">11.&nbsp;宇航员迈克尔•柯林斯拍摄尼尔•阿姆斯特朗和巴兹•奥尔德林乘坐的登月舱</p><p class="f_center" style="; ; ; ; ; ; ; ; vertical-align: baseline; word-wrap: break-word; line-height: 25px; color: rgb(0, 0, 0); font-family: 微软雅黑, Tahoma, Verdana, 宋体; font-size: 16px; font-style: normal; font-variant: normal; font-weight: normal; letter-spacing: normal; orphans: 2; text-align: -webkit-auto; text-indent: 0px; text-transform: none; white-space: normal; widows: 2; word-spacing: 0px; -webkit-text-size-adjust: auto; -webkit-text-stroke-width: 0px; background-color: rgb(255, 255, 255); "><a target="_blank" href="http://static.cnbetacdn.com/newsimg/2013/0724/111374625133.jpg" style="color: rgb(0, 51, 102); text-decoration: none; cursor: pointer; "><img src="http://static.cnbetacdn.com/newsimg/2013/0724/111374625133.jpg_w600.jpg" id="PicSrc" style="border-top-width: 0px; border-right-width: 0px; border-bottom-width: 0px; border-left-width: 0px; border-style: initial; border-color: initial; border-image: initial; "/></a></p><p style="; ; ; ; ; ; ; ; vertical-align: baseline; word-wrap: break-word; line-height: 25px; color: rgb(0, 0, 0); font-family: 微软雅黑, Tahoma, Verdana, 宋体; font-size: 16px; font-style: normal; font-variant: normal; font-weight: normal; letter-spacing: normal; orphans: 2; text-align: -webkit-auto; text-indent: 0px; text-transform: none; white-space: normal; widows: 2; word-spacing: 0px; -webkit-text-size-adjust: auto; -webkit-text-stroke-width: 0px; background-color: rgb(255, 255, 255); ">12.&nbsp;宇航员奥尔德林正在进行太阳风实验</p><p class="f_center" style="; ; ; ; ; ; ; ; vertical-align: baseline; word-wrap: break-word; line-height: 25px; color: rgb(0, 0, 0); font-family: 微软雅黑, Tahoma, Verdana, 宋体; font-size: 16px; font-style: normal; font-variant: normal; font-weight: normal; letter-spacing: normal; orphans: 2; text-align: -webkit-auto; text-indent: 0px; text-transform: none; white-space: normal; widows: 2; word-spacing: 0px; -webkit-text-size-adjust: auto; -webkit-text-stroke-width: 0px; background-color: rgb(255, 255, 255); "><a target="_blank" href="http://static.cnbetacdn.com/newsimg/2013/0724/121374625134.jpg" style="color: rgb(0, 51, 102); text-decoration: none; cursor: pointer; "><img src="http://static.cnbetacdn.com/newsimg/2013/0724/121374625134.jpg_w600.jpg" id="PicSrc" style="border-top-width: 0px; border-right-width: 0px; border-bottom-width: 0px; border-left-width: 0px; border-style: initial; border-color: initial; border-image: initial; "/></a></p><p style="; ; ; ; ; ; ; ; vertical-align: baseline; word-wrap: break-word; line-height: 25px; color: rgb(0, 0, 0); font-family: 微软雅黑, Tahoma, Verdana, 宋体; font-size: 16px; font-style: normal; font-variant: normal; font-weight: normal; letter-spacing: normal; orphans: 2; text-align: -webkit-auto; text-indent: 0px; text-transform: none; white-space: normal; widows: 2; word-spacing: 0px; -webkit-text-size-adjust: auto; -webkit-text-stroke-width: 0px; background-color: rgb(255, 255, 255); ">13.&nbsp;阿波罗11号登陆月球的历史性标记</p><p class="f_center" style="; ; ; ; ; ; ; ; vertical-align: baseline; word-wrap: break-word; line-height: 25px; color: rgb(0, 0, 0); font-family: 微软雅黑, Tahoma, Verdana, 宋体; font-size: 16px; font-style: normal; font-variant: normal; font-weight: normal; letter-spacing: normal; orphans: 2; text-align: -webkit-auto; text-indent: 0px; text-transform: none; white-space: normal; widows: 2; word-spacing: 0px; -webkit-text-size-adjust: auto; -webkit-text-stroke-width: 0px; background-color: rgb(255, 255, 255); "><a target="_blank" href="http://static.cnbetacdn.com/newsimg/2013/0724/131374625134.jpg" style="color: rgb(0, 51, 102); text-decoration: none; cursor: pointer; "><img src="http://static.cnbetacdn.com/newsimg/2013/0724/131374625134.jpg_w600.jpg" id="PicSrc" style="border-top-width: 0px; border-right-width: 0px; border-bottom-width: 0px; border-left-width: 0px; border-style: initial; border-color: initial; border-image: initial; "/></a></p><p style="; ; ; ; ; ; ; ; vertical-align: baseline; word-wrap: break-word; line-height: 25px; color: rgb(0, 0, 0); font-family: 微软雅黑, Tahoma, Verdana, 宋体; font-size: 16px; font-style: normal; font-variant: normal; font-weight: normal; letter-spacing: normal; orphans: 2; text-align: -webkit-auto; text-indent: 0px; text-transform: none; white-space: normal; widows: 2; word-spacing: 0px; -webkit-text-size-adjust: auto; -webkit-text-stroke-width: 0px; background-color: rgb(255, 255, 255); ">14.&nbsp;阿波罗17号的宇航员拍摄的蓝色地球</p><p><br/></p>', '2013-07-24 09:09:47', 6, 0, 0, 0, 1, 1, 'admin', 1, 1, 1, '', 0, 0),
(95, 16, 121, 40, 'a', '', '', 'c', 'b', '<p><br/>b</p>', '2013-07-24 14:40:51', 5, 0, 0, 0, 1, 1, 'admin', 1, 1, 1, '', 1, 1);
INSERT INTO `blog_article` (`id`, `channel1_id`, `channel2_id`, `category_id`, `title`, `titlestyle`, `titlepic`, `tags`, `summary`, `content`, `createtime`, `views`, `comments`, `goods`, `bads`, `status`, `user_id`, `username`, `istop`, `isoriginal`, `cancomment`, `password`, `ishome`, `isrecommend`) VALUES
(96, 19, 134, 22, '北京1名男子因停车争执当街摔死2岁女童(图)', '', 'http://img1.gtimg.com/news/pics/hv1/66/143/1378/89640981.jpg', '', '　　事发地点已被清理干净。京华时报记者赵思衡摄　　男子当街摔女童警方18小时擒凶　　女童送医路上死亡 嫌犯为刑满释放人员　　前晚8点50分左右，大兴区庑殿路西侧一公交站旁，两名驾车男子与一手推载有两岁女童的童车的女子发生争执，一男子动手殴打该女子，随后，男子又将女童从推车中抱出，重摔在地，并随后驾车逃离现场。事发后，女童在送医路上被确认死亡。　　女童熟睡被摔在地　　事发大兴区旧宫镇庑殿路西侧，72', '<p><br/></p><p><img alt="事发地点已被清理干净。京华时报记者赵思衡摄" src="http://img1.gtimg.com/news/pics/hv1/66/143/1378/89640981.jpg" style="border-top-style: none; border-right-style: none; border-bottom-style: none; border-left-style: none; border-width: initial; border-color: initial; border-image: initial; vertical-align: bottom; "/></p><p class="pictext" style="text-align:center;; ; ; ; ; ; ; ; font-size: 16px; line-height: 28px; color: rgb(0, 0, 0); font-family: 宋体, Arial, sans-serif; font-style: normal; font-variant: normal; font-weight: normal; letter-spacing: normal; orphans: 2; text-indent: 0px; text-transform: none; white-space: normal; widows: 2; word-spacing: 0px; -webkit-text-size-adjust: auto; -webkit-text-stroke-width: 0px; background-color: rgb(255, 255, 255); ">　　事发地点已被清理干净。京华时报记者赵思衡摄</p><p style="; ; ; ; ; ; ; ; font-size: 16px; line-height: 28px; color: rgb(0, 0, 0); font-family: 宋体, Arial, sans-serif; font-style: normal; font-variant: normal; font-weight: normal; letter-spacing: normal; orphans: 2; text-align: -webkit-auto; text-indent: 0px; text-transform: none; white-space: normal; widows: 2; word-spacing: 0px; -webkit-text-size-adjust: auto; -webkit-text-stroke-width: 0px; background-color: rgb(255, 255, 255); ">　　<strong>男子当街摔女童警方18小时擒凶</strong></p><p style="; ; ; ; ; ; ; ; font-size: 16px; line-height: 28px; color: rgb(0, 0, 0); font-family: 宋体, Arial, sans-serif; font-style: normal; font-variant: normal; font-weight: normal; letter-spacing: normal; orphans: 2; text-align: -webkit-auto; text-indent: 0px; text-transform: none; white-space: normal; widows: 2; word-spacing: 0px; -webkit-text-size-adjust: auto; -webkit-text-stroke-width: 0px; background-color: rgb(255, 255, 255); "><strong>　　女童送医路上死亡 嫌犯为刑满释放人员</strong></p><p style="; ; ; ; ; ; ; ; font-size: 16px; line-height: 28px; color: rgb(0, 0, 0); font-family: 宋体, Arial, sans-serif; font-style: normal; font-variant: normal; font-weight: normal; letter-spacing: normal; orphans: 2; text-align: -webkit-auto; text-indent: 0px; text-transform: none; white-space: normal; widows: 2; word-spacing: 0px; -webkit-text-size-adjust: auto; -webkit-text-stroke-width: 0px; background-color: rgb(255, 255, 255); ">　　前晚8点50分左右，大兴区庑殿路西侧一公交站旁，两名驾车男子与一手推载有两岁女童的童车的女子发生争执，一男子动手殴打该女子，随后，男子又将女童从推车中抱出，重摔在地，并随后驾车逃离现场。事发后，女童在送医路上被确认死亡。</p><p style="; ; ; ; ; ; ; ; font-size: 16px; line-height: 28px; color: rgb(0, 0, 0); font-family: 宋体, Arial, sans-serif; font-style: normal; font-variant: normal; font-weight: normal; letter-spacing: normal; orphans: 2; text-align: -webkit-auto; text-indent: 0px; text-transform: none; white-space: normal; widows: 2; word-spacing: 0px; -webkit-text-size-adjust: auto; -webkit-text-stroke-width: 0px; background-color: rgb(255, 255, 255); ">　　<strong>女童熟睡被摔在地</strong></p><p style="; ; ; ; ; ; ; ; font-size: 16px; line-height: 28px; color: rgb(0, 0, 0); font-family: 宋体, Arial, sans-serif; font-style: normal; font-variant: normal; font-weight: normal; letter-spacing: normal; orphans: 2; text-align: -webkit-auto; text-indent: 0px; text-transform: none; white-space: normal; widows: 2; word-spacing: 0px; -webkit-text-size-adjust: auto; -webkit-text-stroke-width: 0px; background-color: rgb(255, 255, 255); ">　　事发大兴区旧宫镇庑殿路西侧，729路公交车成和园小区开往焦庄桥北方向，科技路公交站站牌旁。昨天上午，事发地多名商户证实，前晚8点多，公交站旁曾有人殴打一名女子，女子推车上的孩子被重摔在地。事发公交站处，已无相关痕迹。</p><p style="; ; ; ; ; ; ; ; font-size: 16px; line-height: 28px; color: rgb(0, 0, 0); font-family: 宋体, Arial, sans-serif; font-style: normal; font-variant: normal; font-weight: normal; letter-spacing: normal; orphans: 2; text-align: -webkit-auto; text-indent: 0px; text-transform: none; white-space: normal; widows: 2; word-spacing: 0px; -webkit-text-size-adjust: auto; -webkit-text-stroke-width: 0px; background-color: rgb(255, 255, 255); ">　　事发当晚，周先生在距事发地近十米距离的一家面馆外经营大排档。他介绍，事发晚上8点50分左右，他正在照顾生意，突然听见公交站牌传来“啪啪”声，一名年纪约30岁穿深色上衣的男子正殴打一名中长发白衣女子，一辆白色轿车和一儿童推车停在路旁。</p><p style="; ; ; ; ; ; ; ; font-size: 16px; line-height: 28px; color: rgb(0, 0, 0); font-family: 宋体, Arial, sans-serif; font-style: normal; font-variant: normal; font-weight: normal; letter-spacing: normal; orphans: 2; text-align: -webkit-auto; text-indent: 0px; text-transform: none; white-space: normal; widows: 2; word-spacing: 0px; -webkit-text-size-adjust: auto; -webkit-text-stroke-width: 0px; background-color: rgb(255, 255, 255); ">　　“那男人下手很重，我在大排档都听见了声响”，周先生称，男子打了没几下，便转向儿童推车，将推车上的孩子抱起，“举起来，然后就重重摔下来”。</p><p style="; ; ; ; ; ; ; ; font-size: 16px; line-height: 28px; color: rgb(0, 0, 0); font-family: 宋体, Arial, sans-serif; font-style: normal; font-variant: normal; font-weight: normal; letter-spacing: normal; orphans: 2; text-align: -webkit-auto; text-indent: 0px; text-transform: none; white-space: normal; widows: 2; word-spacing: 0px; -webkit-text-size-adjust: auto; -webkit-text-stroke-width: 0px; background-color: rgb(255, 255, 255); ">　　周先生称，推车内的孩子原本在睡觉，男子抱起时并未挣扎，“摔下去后就更没有动静，连正常的感到疼痛的哭声都没有”。周先生说，男子摔下孩子后，另一名与动手男子年纪相仿的男子从白色轿车驾驶员位置走下，“也去打了那个女的几下”。</p><p style="; ; ; ; ; ; ; ; font-size: 16px; line-height: 28px; color: rgb(0, 0, 0); font-family: 宋体, Arial, sans-serif; font-style: normal; font-variant: normal; font-weight: normal; letter-spacing: normal; orphans: 2; text-align: -webkit-auto; text-indent: 0px; text-transform: none; white-space: normal; widows: 2; word-spacing: 0px; -webkit-text-size-adjust: auto; -webkit-text-stroke-width: 0px; background-color: rgb(255, 255, 255); ">　　<strong>停车问题引发争执</strong></p><p style="; ; ; ; ; ; ; ; font-size: 16px; line-height: 28px; color: rgb(0, 0, 0); font-family: 宋体, Arial, sans-serif; font-style: normal; font-variant: normal; font-weight: normal; letter-spacing: normal; orphans: 2; text-align: -webkit-auto; text-indent: 0px; text-transform: none; white-space: normal; widows: 2; word-spacing: 0px; -webkit-text-size-adjust: auto; -webkit-text-stroke-width: 0px; background-color: rgb(255, 255, 255); ">　　周先生称，整个事发过程不足3分钟，事发后他配合警方调取了监控录像。监控显示，女子手推儿童推车路过公交站时，“可能是小孩出现了什么情况，那女的就弯腰查看，白色轿车随后开过来，车里的人好像示意他们要在那里停车，让女子离开”。周先生称，女子并未同意，双方言语几句后，副驾位置的男子便下车打人。</p><p style="; ; ; ; ; ; ; ; font-size: 16px; line-height: 28px; color: rgb(0, 0, 0); font-family: 宋体, Arial, sans-serif; font-style: normal; font-variant: normal; font-weight: normal; letter-spacing: normal; orphans: 2; text-align: -webkit-auto; text-indent: 0px; text-transform: none; white-space: normal; widows: 2; word-spacing: 0px; -webkit-text-size-adjust: auto; -webkit-text-stroke-width: 0px; background-color: rgb(255, 255, 255); ">　　多名目击者称，事发后，白色轿车快速沿庑殿路向南驶去。不久，警方赶至现场，对公交站进行了封锁，开始调查取证。</p><p style="; ; ; ; ; ; ; ; font-size: 16px; line-height: 28px; color: rgb(0, 0, 0); font-family: 宋体, Arial, sans-serif; font-style: normal; font-variant: normal; font-weight: normal; letter-spacing: normal; orphans: 2; text-align: -webkit-auto; text-indent: 0px; text-transform: none; white-space: normal; widows: 2; word-spacing: 0px; -webkit-text-size-adjust: auto; -webkit-text-stroke-width: 0px; background-color: rgb(255, 255, 255); ">　　<strong>女童已被确认身亡</strong></p><p style="; ; ; ; ; ; ; ; font-size: 16px; line-height: 28px; color: rgb(0, 0, 0); font-family: 宋体, Arial, sans-serif; font-style: normal; font-variant: normal; font-weight: normal; letter-spacing: normal; orphans: 2; text-align: -webkit-auto; text-indent: 0px; text-transform: none; white-space: normal; widows: 2; word-spacing: 0px; -webkit-text-size-adjust: auto; -webkit-text-stroke-width: 0px; background-color: rgb(255, 255, 255); ">　　两男子驾车离开后，被打女子对着孩子痛哭。随后，她抱起孩子跑向不远处的旧宫医院。</p><p style="; ; ; ; ; ; ; ; font-size: 16px; line-height: 28px; color: rgb(0, 0, 0); font-family: 宋体, Arial, sans-serif; font-style: normal; font-variant: normal; font-weight: normal; letter-spacing: normal; orphans: 2; text-align: -webkit-auto; text-indent: 0px; text-transform: none; white-space: normal; widows: 2; word-spacing: 0px; -webkit-text-size-adjust: auto; -webkit-text-stroke-width: 0px; background-color: rgb(255, 255, 255); ">　　昨天下午，旧宫医院急诊科医护人员确认，事发当晚，一名女子抱着一名两岁女童前往该处就医，但因病情较重，随后乘坐急救车准备转至天坛医院。</p><p style="; ; ; ; ; ; ; ; font-size: 16px; line-height: 28px; color: rgb(0, 0, 0); font-family: 宋体, Arial, sans-serif; font-style: normal; font-variant: normal; font-weight: normal; letter-spacing: normal; orphans: 2; text-align: -webkit-auto; text-indent: 0px; text-transform: none; white-space: normal; widows: 2; word-spacing: 0px; -webkit-text-size-adjust: auto; -webkit-text-stroke-width: 0px; background-color: rgb(255, 255, 255); ">　　昨天下午，一名知情人称，该女童由旧宫医院送至天坛医院的路上，已被确认死亡。</p><p style="; ; ; ; ; ; ; ; font-size: 16px; line-height: 28px; color: rgb(0, 0, 0); font-family: 宋体, Arial, sans-serif; font-style: normal; font-variant: normal; font-weight: normal; letter-spacing: normal; orphans: 2; text-align: -webkit-auto; text-indent: 0px; text-transform: none; white-space: normal; widows: 2; word-spacing: 0px; -webkit-text-size-adjust: auto; -webkit-text-stroke-width: 0px; background-color: rgb(255, 255, 255); ">　　<strong>18小时公安抓获嫌犯</strong></p><p style="; ; ; ; ; ; ; ; font-size: 16px; line-height: 28px; color: rgb(0, 0, 0); font-family: 宋体, Arial, sans-serif; font-style: normal; font-variant: normal; font-weight: normal; letter-spacing: normal; orphans: 2; text-align: -webkit-auto; text-indent: 0px; text-transform: none; white-space: normal; widows: 2; word-spacing: 0px; -webkit-text-size-adjust: auto; -webkit-text-stroke-width: 0px; background-color: rgb(255, 255, 255); ">　　案发后，市局高度重视，迅速调派警力赶赴现场，并成立专案组全力开展侦破工作。专案组通过调取现场录像及走访现场群众，初步掌握了作案男子的体貌特征为40多岁，身高175cm左右，戴眼镜，嫌疑车辆为白色<a class="a-tips-Article-QQ" href="http://data.auto.qq.com/car_serial/33/index.shtml" target="_blank" style="outline-style: none; outline-width: initial; outline-color: initial; color: rgb(0, 0, 0); text-decoration: none; border-bottom-width: 1px; border-bottom-style: dotted; border-bottom-color: rgb(83, 109, 166); ">索纳塔</a><span class="Apple-converted-space">&nbsp;</span>汽车。</p><p style="; ; ; ; ; ; ; ; font-size: 16px; line-height: 28px; color: rgb(0, 0, 0); font-family: 宋体, Arial, sans-serif; font-style: normal; font-variant: normal; font-weight: normal; letter-spacing: normal; orphans: 2; text-align: -webkit-auto; text-indent: 0px; text-transform: none; white-space: normal; widows: 2; word-spacing: 0px; -webkit-text-size-adjust: auto; -webkit-text-stroke-width: 0px; background-color: rgb(255, 255, 255); ">　　根据掌握的情况，警方立即全市布控，全力查找嫌疑车辆。同时，侦查员根据作案男子体貌特征开展深入摸排。经走访，有群众反映，作案男子与住家距离案发地不远的韩某体貌特征十分相似。警方立即调取了韩某的相关信息，经事主及群众辨认，确定韩某本人即为作案嫌疑人。7月24日凌晨，嫌疑车辆被警方在海淀区西三旗某小区找到，24日15时许，在案发18小时后，专案组将隐匿在房山一温泉会馆内的韩某(男，71年生人，本市丰台区人，因盗窃罪被判刑，于今年刑满释放）抓获。目前，此案正在进一步审理中。</p><p style="; ; ; ; ; ; ; ; font-size: 16px; line-height: 28px; color: rgb(0, 0, 0); font-family: 宋体, Arial, sans-serif; font-style: normal; font-variant: normal; font-weight: normal; letter-spacing: normal; orphans: 2; text-align: -webkit-auto; text-indent: 0px; text-transform: none; white-space: normal; widows: 2; word-spacing: 0px; -webkit-text-size-adjust: auto; -webkit-text-stroke-width: 0px; background-color: rgb(255, 255, 255); ">　　<strong>专家说法</strong></p><p style="; ; ; ; ; ; ; ; font-size: 16px; line-height: 28px; color: rgb(0, 0, 0); font-family: 宋体, Arial, sans-serif; font-style: normal; font-variant: normal; font-weight: normal; letter-spacing: normal; orphans: 2; text-align: -webkit-auto; text-indent: 0px; text-transform: none; white-space: normal; widows: 2; word-spacing: 0px; -webkit-text-size-adjust: auto; -webkit-text-stroke-width: 0px; background-color: rgb(255, 255, 255); ">　<strong>　嫌犯做法丧失人性</strong></p><p style="; ; ; ; ; ; ; ; font-size: 16px; line-height: 28px; color: rgb(0, 0, 0); font-family: 宋体, Arial, sans-serif; font-style: normal; font-variant: normal; font-weight: normal; letter-spacing: normal; orphans: 2; text-align: -webkit-auto; text-indent: 0px; text-transform: none; white-space: normal; widows: 2; word-spacing: 0px; -webkit-text-size-adjust: auto; -webkit-text-stroke-width: 0px; background-color: rgb(255, 255, 255); ">　　昨晚，刑诉法专家洪道德表示，以目前目击者提供的信息来看，伤人者的做法丧失了基本的人性。</p><p style="; ; ; ; ; ; ; ; font-size: 16px; line-height: 28px; color: rgb(0, 0, 0); font-family: 宋体, Arial, sans-serif; font-style: normal; font-variant: normal; font-weight: normal; letter-spacing: normal; orphans: 2; text-align: -webkit-auto; text-indent: 0px; text-transform: none; white-space: normal; widows: 2; word-spacing: 0px; -webkit-text-size-adjust: auto; -webkit-text-stroke-width: 0px; background-color: rgb(255, 255, 255); ">　　他介绍，公交站旁不允许停车，两男子首先有明显过错。而将孩子举起后重摔在地的男子涉嫌故意杀人罪，“将一个两岁大的孩子举起来，摔在地上，所造成的后果是他能够想到的”，洪教授称，即便该男子并非要置孩子于死地，也是故意杀人罪中的“间接故意”。对于主驾位置男子的罪行，则需以女子伤情判定。如女子伤情在轻伤以上，需以伤情判定伤害罪，轻伤以下则该男子涉嫌寻衅滋事。</p><p><br/></p>', '2013-07-25 03:18:24', 0, 0, 0, 0, 1, 7, 'kongjian1', 0, 1, 1, '', 1, 0),
(98, 6, 85, 1, 'Lumia 1020 全体验，诺基亚最强非你莫属', '', 'http://images.cnitblog.com/news/66372/201307/25093318-390013bf94024437a87b2e73b2fe32f5.jpg', '', '　　Lumia 1020 在前不久正式发布之后，外媒已经陆续拿到真机了，评测也先后新鲜出炉，对于一部手机来说，Lumia 1020 可供批判的不多，其综合实力无愧于诺基亚最强的称号。作为一部相机来说，Lumia 1020 也是完全合格的。好了，来看一下&nbsp;The Verge 给出的完全评测。　　多见仍倾心的外形　　如果说 Lumia 925 是诺基亚 Lumia 旗舰中的娇小姐的话，那么 ', '<p><br/></p><p style="; ; ; ; ; ; ; ; font-family: Verdana, Arial, Helvetica, sans-serif; font-size: 14px; line-height: 25px; color: rgb(64, 64, 64); font-style: normal; font-variant: normal; font-weight: normal; letter-spacing: normal; orphans: 2; text-indent: 0px; text-transform: none; white-space: normal; widows: 2; word-spacing: 0px; -webkit-text-size-adjust: auto; -webkit-text-stroke-width: 0px; background-color: rgb(250, 250, 250); text-align: center; "><img src="http://images.cnitblog.com/news/66372/201307/25093318-390013bf94024437a87b2e73b2fe32f5.jpg" alt="DSC06707-hero" style="margin-top: 0px; margin-right: 0px; margin-bottom: 0px; margin-left: 0px; padding-top: 0px; padding-right: 0px; padding-bottom: 0px; padding-left: 0px; font-family: Verdana, Arial, Helvetica, sans-serif; font-size: 14px; line-height: 1.5em; border-top-style: none; border-right-style: none; border-bottom-style: none; border-left-style: none; border-width: initial; border-color: initial; border-image: initial; " height="375" width="600"/></p><p style="; ; ; ; ; ; ; ; font-family: Verdana, Arial, Helvetica, sans-serif; font-size: 14px; line-height: 25px; color: rgb(64, 64, 64); font-style: normal; font-variant: normal; font-weight: normal; letter-spacing: normal; orphans: 2; text-align: -webkit-auto; text-indent: 0px; text-transform: none; white-space: normal; widows: 2; word-spacing: 0px; -webkit-text-size-adjust: auto; -webkit-text-stroke-width: 0px; background-color: rgb(250, 250, 250); ">　　Lumia 1020 在前不久正式发布之后，外媒已经陆续拿到真机了，评测也先后新鲜出炉，对于一部手机来说，Lumia 1020 可供批判的不多，其综合实力无愧于诺基亚最强的称号。作为一部相机来说，Lumia 1020 也是完全合格的。好了，来看一下<span class="Apple-converted-space">&nbsp;</span><a href="http://www.theverge.com/2013/7/24/4550342/nokia-lumia-1020-review" style="margin-top: 0px; margin-right: 0px; margin-bottom: 0px; margin-left: 0px; padding-top: 0px; padding-right: 0px; padding-bottom: 0px; padding-left: 0px; font-family: Verdana, Arial, Helvetica, sans-serif; font-size: 14px; line-height: 1.5em; color: rgb(0, 95, 169); text-decoration: none; ">The Verge 给出的完全评测</a>。</p><p style="; ; ; ; ; ; ; ; font-family: Verdana, Arial, Helvetica, sans-serif; font-size: 14px; line-height: 25px; color: rgb(64, 64, 64); font-style: normal; font-variant: normal; font-weight: normal; letter-spacing: normal; orphans: 2; text-align: -webkit-auto; text-indent: 0px; text-transform: none; white-space: normal; widows: 2; word-spacing: 0px; -webkit-text-size-adjust: auto; -webkit-text-stroke-width: 0px; background-color: rgb(250, 250, 250); ">　　<strong style="margin-top: 0px; margin-right: 0px; margin-bottom: 0px; margin-left: 0px; padding-top: 0px; padding-right: 0px; padding-bottom: 0px; padding-left: 0px; font-family: Verdana, Arial, Helvetica, sans-serif; font-size: 14px; line-height: 1.5em; color: rgb(64, 64, 64); ">多见仍倾心的外形</strong></p><p style="; ; ; ; ; ; ; ; font-family: Verdana, Arial, Helvetica, sans-serif; font-size: 14px; line-height: 25px; color: rgb(64, 64, 64); font-style: normal; font-variant: normal; font-weight: normal; letter-spacing: normal; orphans: 2; text-align: -webkit-auto; text-indent: 0px; text-transform: none; white-space: normal; widows: 2; word-spacing: 0px; -webkit-text-size-adjust: auto; -webkit-text-stroke-width: 0px; background-color: rgb(250, 250, 250); ">　　如果说 Lumia 925 是诺基亚 Lumia 旗舰中的娇小姐的话，那么 Lumia 1020 就是一个壮汉了。诺基亚完全没有华为或者 Vivo 等国产厂商对于纤薄的追求，但是它的大块头并不妨碍它的美观。</p><p style="; ; ; ; ; ; ; ; font-family: Verdana, Arial, Helvetica, sans-serif; font-size: 14px; line-height: 25px; color: rgb(64, 64, 64); font-style: normal; font-variant: normal; font-weight: normal; letter-spacing: normal; orphans: 2; text-align: -webkit-auto; text-indent: 0px; text-transform: none; white-space: normal; widows: 2; word-spacing: 0px; -webkit-text-size-adjust: auto; -webkit-text-stroke-width: 0px; background-color: rgb(250, 250, 250); ">　　从诺基亚 N9 就一直沿用的聚碳酸酯材质一体式设计至今依旧不过时，单从照片就可以感受到 Lumia 1020 的质感。相比于 Lumia 920，Lumia 1020 要更轻薄一点儿，但是我们基本可以把 Lumia 1020 看作是 Lumia 920 的相机加强版。</p><p style="; ; ; ; ; ; ; ; font-family: Verdana, Arial, Helvetica, sans-serif; font-size: 14px; line-height: 25px; color: rgb(64, 64, 64); font-style: normal; font-variant: normal; font-weight: normal; letter-spacing: normal; orphans: 2; text-align: -webkit-auto; text-indent: 0px; text-transform: none; white-space: normal; widows: 2; word-spacing: 0px; -webkit-text-size-adjust: auto; -webkit-text-stroke-width: 0px; background-color: rgb(250, 250, 250); ">　　美中不足的应该就是背部有些突兀的相机镜头，把手机放在桌面时，可以明显看到因为镜头凸出而形成的角度。而且当手持手机的时候，不平整的背部会让握感有那么一点点奇怪。</p><p style="; ; ; ; ; ; ; ; font-family: Verdana, Arial, Helvetica, sans-serif; font-size: 14px; line-height: 25px; color: rgb(64, 64, 64); font-style: normal; font-variant: normal; font-weight: normal; letter-spacing: normal; orphans: 2; text-indent: 0px; text-transform: none; white-space: normal; widows: 2; word-spacing: 0px; -webkit-text-size-adjust: auto; -webkit-text-stroke-width: 0px; background-color: rgb(250, 250, 250); text-align: center; "><img src="http://images.cnitblog.com/news/66372/201307/25093317-76303313bab547cf904d9682e7e61822.jpg" alt="DSC06668-hero" style="margin-top: 0px; margin-right: 0px; margin-bottom: 0px; margin-left: 0px; padding-top: 0px; padding-right: 0px; padding-bottom: 0px; padding-left: 0px; font-family: Verdana, Arial, Helvetica, sans-serif; font-size: 14px; line-height: 1.5em; border-top-style: none; border-right-style: none; border-bottom-style: none; border-left-style: none; border-width: initial; border-color: initial; border-image: initial; " height="342" width="512"/></p><p style="; ; ; ; ; ; ; ; font-family: Verdana, Arial, Helvetica, sans-serif; font-size: 14px; line-height: 25px; color: rgb(64, 64, 64); font-style: normal; font-variant: normal; font-weight: normal; letter-spacing: normal; orphans: 2; text-align: -webkit-auto; text-indent: 0px; text-transform: none; white-space: normal; widows: 2; word-spacing: 0px; -webkit-text-size-adjust: auto; -webkit-text-stroke-width: 0px; background-color: rgb(250, 250, 250); ">　　4. 5 英寸的 1280 x 768 分辨率屏幕显示效果良好，PPI 达到了 334，得益于&nbsp;ClearBlack 显示技术，Lumia 1020 在阳光下也能有不错的显示效果，这点可以从题图中看出来。这块屏幕的精细度或许不及目前一众 1080P 的 Android 机型，但 Lumia 1020 屏幕清爽，色彩还原准确，不足之处可能是白色略暗灰色也有些偏色。总的来说，Lumia 1020 的屏幕不会让你失望。</p><p style="; ; ; ; ; ; ; ; font-family: Verdana, Arial, Helvetica, sans-serif; font-size: 14px; line-height: 25px; color: rgb(64, 64, 64); font-style: normal; font-variant: normal; font-weight: normal; letter-spacing: normal; orphans: 2; text-align: -webkit-auto; text-indent: 0px; text-transform: none; white-space: normal; widows: 2; word-spacing: 0px; -webkit-text-size-adjust: auto; -webkit-text-stroke-width: 0px; background-color: rgb(250, 250, 250); ">　　<strong style="margin-top: 0px; margin-right: 0px; margin-bottom: 0px; margin-left: 0px; padding-top: 0px; padding-right: 0px; padding-bottom: 0px; padding-left: 0px; font-family: Verdana, Arial, Helvetica, sans-serif; font-size: 14px; line-height: 1.5em; color: rgb(64, 64, 64); ">前无古人的相机</strong></p><p style="; ; ; ; ; ; ; ; font-family: Verdana, Arial, Helvetica, sans-serif; font-size: 14px; line-height: 25px; color: rgb(64, 64, 64); font-style: normal; font-variant: normal; font-weight: normal; letter-spacing: normal; orphans: 2; text-align: -webkit-auto; text-indent: 0px; text-transform: none; white-space: normal; widows: 2; word-spacing: 0px; -webkit-text-size-adjust: auto; -webkit-text-stroke-width: 0px; background-color: rgb(250, 250, 250); ">　　Lumia 1020 的强大的照相功能在发布会的时候就让人惊叹。可以说，在目前的手机中，Lumia 1020 的照相能力是没有敌手的，其大师兄 808 也还是有所不及。在这拍照功能上，The Verge 对 Lumia 1020 给出了 10 分的满分评价。而且 Lumia 1020 也可以力压其合约价 299 美元的价位档次的大部分数码相机。按照评测者的说法，他很想从 Lumia 1020 的拍照样张中找出不足，但是他失败了，就好像芬兰人给手机加持了魔法一般。</p><p style="; ; ; ; ; ; ; ; font-family: Verdana, Arial, Helvetica, sans-serif; font-size: 14px; line-height: 25px; color: rgb(64, 64, 64); font-style: normal; font-variant: normal; font-weight: normal; letter-spacing: normal; orphans: 2; text-align: -webkit-auto; text-indent: 0px; text-transform: none; white-space: normal; widows: 2; word-spacing: 0px; -webkit-text-size-adjust: auto; -webkit-text-stroke-width: 0px; background-color: rgb(250, 250, 250); ">　　Lumia 4100 万像素的镜头跟 808 持平，但是 1/1.5 英寸的感光元件比 808 的 1/1.2 英寸的感光元件小一些。由于诺基亚的&nbsp;Superpixel（和 HTC 的 Ultrapixel 不同）和过采样算法技术，圆形的“成像圈”能够根据用户的需求自由调整 4:3 和 16:9 的比例，分辨率分别为 7152 x 5368 ( 3800 万)和 7728 x 4354（3400 万）的照片，然后通过将的 7 个像素合并为一个的算法让其变成具备高画质的 500 万像素照片。</p><p style="; ; ; ; ; ; ; ; font-family: Verdana, Arial, Helvetica, sans-serif; font-size: 14px; line-height: 25px; color: rgb(64, 64, 64); font-style: normal; font-variant: normal; font-weight: normal; letter-spacing: normal; orphans: 2; text-align: -webkit-auto; text-indent: 0px; text-transform: none; white-space: normal; widows: 2; word-spacing: 0px; -webkit-text-size-adjust: auto; -webkit-text-stroke-width: 0px; background-color: rgb(250, 250, 250); ">　　高像素带来的另一个好处就是可以进行 6 倍的光学变焦，跟数码变焦不同，光学变焦不会使图像变得模糊，可以很好的保留图像细节，这一点在发布会上的草丛找针演示可以体会到。</p><p style="; ; ; ; ; ; ; ; font-family: Verdana, Arial, Helvetica, sans-serif; font-size: 14px; line-height: 25px; color: rgb(64, 64, 64); font-style: normal; font-variant: normal; font-weight: normal; letter-spacing: normal; orphans: 2; text-align: -webkit-auto; text-indent: 0px; text-transform: none; white-space: normal; widows: 2; word-spacing: 0px; -webkit-text-size-adjust: auto; -webkit-text-stroke-width: 0px; background-color: rgb(250, 250, 250); ">　　跟新镜头一起到来的还有诺基亚新的拍照软件&nbsp;&nbsp;Pro Cam，在这里可以进行白平衡调整，变焦对焦，ISO 感光度调节（最高可至 3200），快门速度设置（1/16000 秒到 4 秒）等等操作。对于这个软件，外媒纷纷给出好评，除了它有些延迟和卡顿。</p><p style="; ; ; ; ; ; ; ; font-family: Verdana, Arial, Helvetica, sans-serif; font-size: 14px; line-height: 25px; color: rgb(64, 64, 64); font-style: normal; font-variant: normal; font-weight: normal; letter-spacing: normal; orphans: 2; text-align: -webkit-auto; text-indent: 0px; text-transform: none; white-space: normal; widows: 2; word-spacing: 0px; -webkit-text-size-adjust: auto; -webkit-text-stroke-width: 0px; background-color: rgb(250, 250, 250); ">　　值得一提的是售价 79 美元的&nbsp;Camera Grip，这是一个很有意思的配件。Camera Grip 同样是聚碳酸酯材料设计，但是外观硬朗一些，包含了两段式快门按键、通用三脚架螺口，以及 1020mAh 的电池，同样的，也是好评，至少它让 Lumia 1020 看起来和操控起来更像相机了。</p><p style="; ; ; ; ; ; ; ; font-family: Verdana, Arial, Helvetica, sans-serif; font-size: 14px; line-height: 25px; color: rgb(64, 64, 64); font-style: normal; font-variant: normal; font-weight: normal; letter-spacing: normal; orphans: 2; text-align: -webkit-auto; text-indent: 0px; text-transform: none; white-space: normal; widows: 2; word-spacing: 0px; -webkit-text-size-adjust: auto; -webkit-text-stroke-width: 0px; background-color: rgb(250, 250, 250); ">　　下面是一系列的拍照样张，包括跟 iPhone 5、Lumia 920 和诺基亚 808 的对比。</p><p style="; ; ; ; ; ; ; ; font-family: Verdana, Arial, Helvetica, sans-serif; font-size: 14px; line-height: 25px; color: rgb(64, 64, 64); font-style: normal; font-variant: normal; font-weight: normal; letter-spacing: normal; orphans: 2; text-indent: 0px; text-transform: none; white-space: normal; widows: 2; word-spacing: 0px; -webkit-text-size-adjust: auto; -webkit-text-stroke-width: 0px; background-color: rgb(250, 250, 250); text-align: center; "><img src="http://images.cnitblog.com/news/66372/201307/25093318-21cfadd6897a4fc1bd92df48acbc000e.jpg" alt="Windows_Phone_20130721_11_11_12_Pro__highres-hero" style="margin-top: 0px; margin-right: 0px; margin-bottom: 0px; margin-left: 0px; padding-top: 0px; padding-right: 0px; padding-bottom: 0px; padding-left: 0px; font-family: Verdana, Arial, Helvetica, sans-serif; font-size: 14px; line-height: 1.5em; border-top-style: none; border-right-style: none; border-bottom-style: none; border-left-style: none; border-width: initial; border-color: initial; border-image: initial; " height="312" width="553"/></p><p style="; ; ; ; ; ; ; ; font-family: Verdana, Arial, Helvetica, sans-serif; font-size: 14px; line-height: 25px; color: rgb(64, 64, 64); font-style: normal; font-variant: normal; font-weight: normal; letter-spacing: normal; orphans: 2; text-indent: 0px; text-transform: none; white-space: normal; widows: 2; word-spacing: 0px; -webkit-text-size-adjust: auto; -webkit-text-stroke-width: 0px; background-color: rgb(250, 250, 250); text-align: center; "><img src="http://images.cnitblog.com/news/66372/201307/25093318-a5b11f2f4d5742f5a9e4d36d62e3e3d3.jpg" alt="Windows_Phone_20130719_22_08_23_Pro__highres-hero" style="margin-top: 0px; margin-right: 0px; margin-bottom: 0px; margin-left: 0px; padding-top: 0px; padding-right: 0px; padding-bottom: 0px; padding-left: 0px; font-family: Verdana, Arial, Helvetica, sans-serif; font-size: 14px; line-height: 1.5em; border-top-style: none; border-right-style: none; border-bottom-style: none; border-left-style: none; border-width: initial; border-color: initial; border-image: initial; " height="312" width="553"/></p><p style="; ; ; ; ; ; ; ; font-family: Verdana, Arial, Helvetica, sans-serif; font-size: 14px; line-height: 25px; color: rgb(64, 64, 64); font-style: normal; font-variant: normal; font-weight: normal; letter-spacing: normal; orphans: 2; text-indent: 0px; text-transform: none; white-space: normal; widows: 2; word-spacing: 0px; -webkit-text-size-adjust: auto; -webkit-text-stroke-width: 0px; background-color: rgb(250, 250, 250); text-align: center; "><img src="http://images.cnitblog.com/news/66372/201307/25093320-0592be4777a84f3fb6ca0d475e2ed515.jpg" alt="iphonevs1020" style="margin-top: 0px; margin-right: 0px; margin-bottom: 0px; margin-left: 0px; padding-top: 0px; padding-right: 0px; padding-bottom: 0px; padding-left: 0px; font-family: Verdana, Arial, Helvetica, sans-serif; font-size: 14px; line-height: 1.5em; border-top-style: none; border-right-style: none; border-bottom-style: none; border-left-style: none; border-width: initial; border-color: initial; border-image: initial; " height="312" width="553"/></p><p style="; ; ; ; ; ; ; ; font-family: Verdana, Arial, Helvetica, sans-serif; font-size: 14px; line-height: 25px; color: rgb(64, 64, 64); font-style: normal; font-variant: normal; font-weight: normal; letter-spacing: normal; orphans: 2; text-indent: 0px; text-transform: none; white-space: normal; widows: 2; word-spacing: 0px; -webkit-text-size-adjust: auto; -webkit-text-stroke-width: 0px; background-color: rgb(250, 250, 250); text-align: center; "><img src="http://images.cnitblog.com/news/66372/201307/25093318-c3f4d59d371b4f389761f45a1789a22c.jpg" alt="1020x920" style="margin-top: 0px; margin-right: 0px; margin-bottom: 0px; margin-left: 0px; padding-top: 0px; padding-right: 0px; padding-bottom: 0px; padding-left: 0px; font-family: Verdana, Arial, Helvetica, sans-serif; font-size: 14px; line-height: 1.5em; border-top-style: none; border-right-style: none; border-bottom-style: none; border-left-style: none; border-width: initial; border-color: initial; border-image: initial; " height="306" width="553"/></p><p style="; ; ; ; ; ; ; ; font-family: Verdana, Arial, Helvetica, sans-serif; font-size: 14px; line-height: 25px; color: rgb(64, 64, 64); font-style: normal; font-variant: normal; font-weight: normal; letter-spacing: normal; orphans: 2; text-indent: 0px; text-transform: none; white-space: normal; widows: 2; word-spacing: 0px; -webkit-text-size-adjust: auto; -webkit-text-stroke-width: 0px; background-color: rgb(250, 250, 250); text-align: center; "><img src="http://images.cnitblog.com/news/66372/201307/25093320-712251f91a554c8f9f2a5fee4b16f233.jpg" alt="808v1020" style="margin-top: 0px; margin-right: 0px; margin-bottom: 0px; margin-left: 0px; padding-top: 0px; padding-right: 0px; padding-bottom: 0px; padding-left: 0px; font-family: Verdana, Arial, Helvetica, sans-serif; font-size: 14px; line-height: 1.5em; border-top-style: none; border-right-style: none; border-bottom-style: none; border-left-style: none; border-width: initial; border-color: initial; border-image: initial; " height="415" width="553"/></p><p style="; ; ; ; ; ; ; ; font-family: Verdana, Arial, Helvetica, sans-serif; font-size: 14px; line-height: 25px; color: rgb(64, 64, 64); font-style: normal; font-variant: normal; font-weight: normal; letter-spacing: normal; orphans: 2; text-align: -webkit-auto; text-indent: 0px; text-transform: none; white-space: normal; widows: 2; word-spacing: 0px; -webkit-text-size-adjust: auto; -webkit-text-stroke-width: 0px; background-color: rgb(250, 250, 250); ">　　由于不是亲自上手，话语权不大，但从样张来看，Lumia 1020 的相机表现确实优秀，日景夜景都能驾驭。在细节表现力，画面纯净度方面都有优势，但是夜景中的夜空似乎有些噪点，但瑕不掩瑜。</p><p style="; ; ; ; ; ; ; ; font-family: Verdana, Arial, Helvetica, sans-serif; font-size: 14px; line-height: 25px; color: rgb(64, 64, 64); font-style: normal; font-variant: normal; font-weight: normal; letter-spacing: normal; orphans: 2; text-align: -webkit-auto; text-indent: 0px; text-transform: none; white-space: normal; widows: 2; word-spacing: 0px; -webkit-text-size-adjust: auto; -webkit-text-stroke-width: 0px; background-color: rgb(250, 250, 250); ">　　至于视频拍摄，着重说三个优点：过采样技术让画面纯净准确，防抖能力出色，麦克风录入音质优异。平心而论，Lumia 1020 在视频拍摄方面的优势不如照片拍摄方面那么大。氙（不是疝）气闪光灯没什么好说的，继续好评。</p><p style="; ; ; ; ; ; ; ; font-family: Verdana, Arial, Helvetica, sans-serif; font-size: 14px; line-height: 25px; color: rgb(64, 64, 64); font-style: normal; font-variant: normal; font-weight: normal; letter-spacing: normal; orphans: 2; text-align: -webkit-auto; text-indent: 0px; text-transform: none; white-space: normal; widows: 2; word-spacing: 0px; -webkit-text-size-adjust: auto; -webkit-text-stroke-width: 0px; background-color: rgb(250, 250, 250); ">　　总之，在相机方面，Lumia 1020 没什么可挑剔的，外媒也都是溢美之词，iPhone 5 、Lumia 920 和诺基亚 808 都被它甩在身后。</p><p style="; ; ; ; ; ; ; ; font-family: Verdana, Arial, Helvetica, sans-serif; font-size: 14px; line-height: 25px; color: rgb(64, 64, 64); font-style: normal; font-variant: normal; font-weight: normal; letter-spacing: normal; orphans: 2; text-align: -webkit-auto; text-indent: 0px; text-transform: none; white-space: normal; widows: 2; word-spacing: 0px; -webkit-text-size-adjust: auto; -webkit-text-stroke-width: 0px; background-color: rgb(250, 250, 250); ">　　<strong style="margin-top: 0px; margin-right: 0px; margin-bottom: 0px; margin-left: 0px; padding-top: 0px; padding-right: 0px; padding-bottom: 0px; padding-left: 0px; font-family: Verdana, Arial, Helvetica, sans-serif; font-size: 14px; line-height: 1.5em; color: rgb(64, 64, 64); ">很软的软件和很硬的硬件</strong></p><p style="; ; ; ; ; ; ; ; font-family: Verdana, Arial, Helvetica, sans-serif; font-size: 14px; line-height: 25px; color: rgb(64, 64, 64); font-style: normal; font-variant: normal; font-weight: normal; letter-spacing: normal; orphans: 2; text-align: -webkit-auto; text-indent: 0px; text-transform: none; white-space: normal; widows: 2; word-spacing: 0px; -webkit-text-size-adjust: auto; -webkit-text-stroke-width: 0px; background-color: rgb(250, 250, 250); ">　　Lumia 1020 拍照之后干嘛呢？难道是一个人孤芳自赏？更多的人拍照之后会选择上传分享，这个时候，Lumia 1020 的尴尬就来了，不光是 Lumia 1020，这种尴尬存在于全线 &nbsp;Windows Phone 机型，但 Lumia 1020 强大的拍照能力放大了这种尴尬，那就是 WP8 上的社交图片分享应用数量质量都不如人意。</p><p style="; ; ; ; ; ; ; ; font-family: Verdana, Arial, Helvetica, sans-serif; font-size: 14px; line-height: 25px; color: rgb(64, 64, 64); font-style: normal; font-variant: normal; font-weight: normal; letter-spacing: normal; orphans: 2; text-align: -webkit-auto; text-indent: 0px; text-transform: none; white-space: normal; widows: 2; word-spacing: 0px; -webkit-text-size-adjust: auto; -webkit-text-stroke-width: 0px; background-color: rgb(250, 250, 250); ">　　Lumia 1020 可以让很多人摆脱数码相机和 SD 卡，WiFi 网络让上传照片也变得快捷，但是总是差那么临门一脚。</p><p style="; ; ; ; ; ; ; ; font-family: Verdana, Arial, Helvetica, sans-serif; font-size: 14px; line-height: 25px; color: rgb(64, 64, 64); font-style: normal; font-variant: normal; font-weight: normal; letter-spacing: normal; orphans: 2; text-align: -webkit-auto; text-indent: 0px; text-transform: none; white-space: normal; widows: 2; word-spacing: 0px; -webkit-text-size-adjust: auto; -webkit-text-stroke-width: 0px; background-color: rgb(250, 250, 250); ">　　最火的 Instagram 没有登陆&nbsp;Windows Phone 8 平台，Google + 和 Flickr 也没有，Foursquare、 Evernote、 Facebook 和&nbsp;Twitter 都有，但是体验还是不及 iOS 和 Android。不过好消息也不是没有，Path、Vine 和&nbsp;Hipstamatic 等应用就要来了，Flickr 似乎也是。</p><p style="; ; ; ; ; ; ; ; font-family: Verdana, Arial, Helvetica, sans-serif; font-size: 14px; line-height: 25px; color: rgb(64, 64, 64); font-style: normal; font-variant: normal; font-weight: normal; letter-spacing: normal; orphans: 2; text-align: -webkit-auto; text-indent: 0px; text-transform: none; white-space: normal; widows: 2; word-spacing: 0px; -webkit-text-size-adjust: auto; -webkit-text-stroke-width: 0px; background-color: rgb(250, 250, 250); ">　　不可否认的是 Outlook / Office / SkyDrive 有独特的吸引力，但是第三方应用的问题已经被说烂了，Lumia 1020 即使硬件再好相机再棒，生态圈的差距还是让诺基亚束手无策。</p><p style="; ; ; ; ; ; ; ; font-family: Verdana, Arial, Helvetica, sans-serif; font-size: 14px; line-height: 25px; color: rgb(64, 64, 64); font-style: normal; font-variant: normal; font-weight: normal; letter-spacing: normal; orphans: 2; text-align: -webkit-auto; text-indent: 0px; text-transform: none; white-space: normal; widows: 2; word-spacing: 0px; -webkit-text-size-adjust: auto; -webkit-text-stroke-width: 0px; background-color: rgb(250, 250, 250); ">　　硬件方面没什么好说的，除了内存增至 2GB 之外，其他的跟 Lumia 920 和 925 差别不大。好在 WP8 对硬件的要求并不高，所以 Lumia 1020 使用流畅程度无需担心，唯一有卡顿延迟现象的就只有前文提到的&nbsp;Pro Cam，其中还有一次死机现象。</p><p style="; ; ; ; ; ; ; ; font-family: Verdana, Arial, Helvetica, sans-serif; font-size: 14px; line-height: 25px; color: rgb(64, 64, 64); font-style: normal; font-variant: normal; font-weight: normal; letter-spacing: normal; orphans: 2; text-align: -webkit-auto; text-indent: 0px; text-transform: none; white-space: normal; widows: 2; word-spacing: 0px; -webkit-text-size-adjust: auto; -webkit-text-stroke-width: 0px; background-color: rgb(250, 250, 250); ">　　手机的续航看起来不错，1.5GHz 的 Snapdragon S4 双核处理器功耗不大，在拍照不是很频繁的情况下，2000 毫安时的电池可供评测者使用一天到一天半，但是频繁拍照会使电量消耗很快，而且机身有发热现象。别忘了，Lumia 1020 还拖家带口地有 Camera Grip 在身边，后者也可以当做一个小的外接电源使用。</p><p style="; ; ; ; ; ; ; ; font-family: Verdana, Arial, Helvetica, sans-serif; font-size: 14px; line-height: 25px; color: rgb(64, 64, 64); font-style: normal; font-variant: normal; font-weight: normal; letter-spacing: normal; orphans: 2; text-align: -webkit-auto; text-indent: 0px; text-transform: none; white-space: normal; widows: 2; word-spacing: 0px; -webkit-text-size-adjust: auto; -webkit-text-stroke-width: 0px; background-color: rgb(250, 250, 250); ">　　而且诺基亚一贯可以砸钉子的面板玻璃这次也升级了，破核桃抗板砖挡子弹不在话下。对于 Windows Phone 8 平台来说，Lumia 1020 已经做到目前最好了。</p><p style="; ; ; ; ; ; ; ; font-family: Verdana, Arial, Helvetica, sans-serif; font-size: 14px; line-height: 25px; color: rgb(64, 64, 64); font-style: normal; font-variant: normal; font-weight: normal; letter-spacing: normal; orphans: 2; text-align: -webkit-auto; text-indent: 0px; text-transform: none; white-space: normal; widows: 2; word-spacing: 0px; -webkit-text-size-adjust: auto; -webkit-text-stroke-width: 0px; background-color: rgb(250, 250, 250); ">　　最终，The Verge 给 Lumia 1020 给出了 8.1 分的不错分数，做一个比较，iPhone 5 是 8.7 分，HTC One 是 8.3 分，三星 Galaxy S4 是 8 分，Lumia 920 是 7.9 分。下附各子项评分，生态圈低达 5 分得评分拖了后腿，但这不是诺基亚的错。<img src="http://images.cnitblog.com/news/66372/201307/25093321-c7e9dce2619247b3ad217b6503b27ffa.png" alt="Lumia" style="margin-top: 0px; margin-right: auto; margin-bottom: 0px; margin-left: auto; padding-top: 0px; padding-right: 0px; padding-bottom: 0px; padding-left: 0px; font-family: Verdana, Arial, Helvetica, sans-serif; font-size: 14px; line-height: 1.5em; border-top-style: none; border-right-style: none; border-bottom-style: none; border-left-style: none; border-width: initial; border-color: initial; border-image: initial; display: block; " height="294" width="551"/></p><p style="; ; ; ; ; ; ; ; font-family: Verdana, Arial, Helvetica, sans-serif; font-size: 14px; line-height: 25px; color: rgb(64, 64, 64); font-style: normal; font-variant: normal; font-weight: normal; letter-spacing: normal; orphans: 2; text-align: -webkit-auto; text-indent: 0px; text-transform: none; white-space: normal; widows: 2; word-spacing: 0px; -webkit-text-size-adjust: auto; -webkit-text-stroke-width: 0px; background-color: rgb(250, 250, 250); ">　　总结一下，Lumia 1020 算是一部各项均衡，特长突出的手机，如果对相机有较高要求，可以考虑入手，即使不那么看重相机功能，它也是一部优秀的 Windows Phone 8 手机。</p><p><br/></p>', '2013-07-25 03:31:03', 1, 0, 0, 0, 1, 8, 'kongjian2', 0, 1, 0, '', 0, 0);
INSERT INTO `blog_article` (`id`, `channel1_id`, `channel2_id`, `category_id`, `title`, `titlestyle`, `titlepic`, `tags`, `summary`, `content`, `createtime`, `views`, `comments`, `goods`, `bads`, `status`, `user_id`, `username`, `istop`, `isoriginal`, `cancomment`, `password`, `ishome`, `isrecommend`) VALUES
(99, 17, 124, 1, '路透社：移动互联网的重心向亚洲倾斜', '', 'http://images.cnitblog.com/news/66372/201307/25093644-7a3394d041e448649d2a9dce3606261a.jpg', '', '　　经过五年的高速增长，智能手机行业俨然已经进入一个平稳期，这一年营收规模达 2 万亿的高端智能手机市场不得不面对销量下降的现实。　　近日路透社撰文分析称，在未来几年移动生态系统的重心可能将从美国和西欧转向亚洲。　　IDC 此前发布的数据显示，今年 1 月至 3 月，欧洲智能手机出货量仅同比增长 12%，这是 IDC 自 2004 年追踪这一数据以来增幅最小的一个季度。路透社认为，运营商的手机补贴', '<p><br/></p><p style="; ; ; ; ; ; ; ; font-family: Verdana, Arial, Helvetica, sans-serif; font-size: 14px; line-height: 25px; color: rgb(64, 64, 64); font-style: normal; font-variant: normal; font-weight: normal; letter-spacing: normal; orphans: 2; text-indent: 0px; text-transform: none; white-space: normal; widows: 2; word-spacing: 0px; -webkit-text-size-adjust: auto; -webkit-text-stroke-width: 0px; background-color: rgb(250, 250, 250); text-align: center; "><img src="http://images.cnitblog.com/news/66372/201307/25093644-7a3394d041e448649d2a9dce3606261a.jpg" alt="Hkg6917559" style="margin-top: 0px; margin-right: 0px; margin-bottom: 0px; margin-left: 0px; padding-top: 0px; padding-right: 0px; padding-bottom: 0px; padding-left: 0px; font-family: Verdana, Arial, Helvetica, sans-serif; font-size: 14px; line-height: 1.5em; border-top-style: none; border-right-style: none; border-bottom-style: none; border-left-style: none; border-width: initial; border-color: initial; border-image: initial; " height="375" width="600"/></p><p style="; ; ; ; ; ; ; ; font-family: Verdana, Arial, Helvetica, sans-serif; font-size: 14px; line-height: 25px; color: rgb(64, 64, 64); font-style: normal; font-variant: normal; font-weight: normal; letter-spacing: normal; orphans: 2; text-align: -webkit-auto; text-indent: 0px; text-transform: none; white-space: normal; widows: 2; word-spacing: 0px; -webkit-text-size-adjust: auto; -webkit-text-stroke-width: 0px; background-color: rgb(250, 250, 250); ">　　经过五年的高速增长，智能手机行业俨然已经进入一个平稳期，这一年营收规模达 2 万亿的高端智能手机市场不得不面对销量下降的现实。</p><p style="; ; ; ; ; ; ; ; font-family: Verdana, Arial, Helvetica, sans-serif; font-size: 14px; line-height: 25px; color: rgb(64, 64, 64); font-style: normal; font-variant: normal; font-weight: normal; letter-spacing: normal; orphans: 2; text-align: -webkit-auto; text-indent: 0px; text-transform: none; white-space: normal; widows: 2; word-spacing: 0px; -webkit-text-size-adjust: auto; -webkit-text-stroke-width: 0px; background-color: rgb(250, 250, 250); ">　　近日<a href="http://www.reuters.com/article/2013/07/24/us-smartphones-saturation-idUSBRE96M0A220130724?feedType=RSS&amp;feedName=technologyNews" style="margin-top: 0px; margin-right: 0px; margin-bottom: 0px; margin-left: 0px; padding-top: 0px; padding-right: 0px; padding-bottom: 0px; padding-left: 0px; font-family: Verdana, Arial, Helvetica, sans-serif; font-size: 14px; line-height: 1.5em; color: rgb(0, 95, 169); text-decoration: none; ">路透社撰文分析</a>称，在未来几年移动生态系统的重心可能将从美国和西欧转向亚洲。</p><p style="; ; ; ; ; ; ; ; font-family: Verdana, Arial, Helvetica, sans-serif; font-size: 14px; line-height: 25px; color: rgb(64, 64, 64); font-style: normal; font-variant: normal; font-weight: normal; letter-spacing: normal; orphans: 2; text-align: -webkit-auto; text-indent: 0px; text-transform: none; white-space: normal; widows: 2; word-spacing: 0px; -webkit-text-size-adjust: auto; -webkit-text-stroke-width: 0px; background-color: rgb(250, 250, 250); ">　　IDC 此前发布的数据显示，今年 1 月至 3 月，欧洲智能手机出货量仅同比增长 12%，这是 IDC 自 2004 年追踪这一数据以来增幅最小的一个季度。路透社认为，运营商的手机补贴极大提升了高端智能手机的销量，但这一市场已经日趋饱和，而青睐于低价智能手机的新兴市场将成为智能手机新的增长点。</p><p style="; ; ; ; ; ; ; ; font-family: Verdana, Arial, Helvetica, sans-serif; font-size: 14px; line-height: 25px; color: rgb(64, 64, 64); font-style: normal; font-variant: normal; font-weight: normal; letter-spacing: normal; orphans: 2; text-align: -webkit-auto; text-indent: 0px; text-transform: none; white-space: normal; widows: 2; word-spacing: 0px; -webkit-text-size-adjust: auto; -webkit-text-stroke-width: 0px; background-color: rgb(250, 250, 250); ">　　发展中国家移动互联网用户的激增也在推动着这一市场的快速增长。据 ITU（国际电信联盟） 的预计，自 2007 年以来，发展中国家的移动互联网用户数量增长了 27 倍，而发达国家仅有 4 倍。</p><p style="; ; ; ; ; ; ; ; font-family: Verdana, Arial, Helvetica, sans-serif; font-size: 14px; line-height: 25px; color: rgb(64, 64, 64); font-style: normal; font-variant: normal; font-weight: normal; letter-spacing: normal; orphans: 2; text-align: -webkit-auto; text-indent: 0px; text-transform: none; white-space: normal; widows: 2; word-spacing: 0px; -webkit-text-size-adjust: auto; -webkit-text-stroke-width: 0px; background-color: rgb(250, 250, 250); ">　　不少新移动互联网用户来自亚太地区。ITU 预计，今年亚太市场的移动互联网用户将超过欧美用户的总和。前者普及率目前尚不足 23%，而欧美则分别高达 67% 和 48%。</p><p style="; ; ; ; ; ; ; ; font-family: Verdana, Arial, Helvetica, sans-serif; font-size: 14px; line-height: 25px; color: rgb(64, 64, 64); font-style: normal; font-variant: normal; font-weight: normal; letter-spacing: normal; orphans: 2; text-align: -webkit-auto; text-indent: 0px; text-transform: none; white-space: normal; widows: 2; word-spacing: 0px; -webkit-text-size-adjust: auto; -webkit-text-stroke-width: 0px; background-color: rgb(250, 250, 250); ">　　因此，亚太市场成为手机厂商兵家必争之地。但一个现实问题在于，在亚洲智能手机市场腾飞的背后，低价 Android 智能手机起着不可磨灭的推动作用。这也成为唯一的隐忧——增长通常来自低端智能手机用户，这些低端智能手机的价格甚至仅为发达国家价格的十分之一，包括中国在内的一些本土手机厂商通过低价策略实际上占据了相当大的市场份额，这便给传统巨头智能手机厂商带来了麻烦，毕竟强龙压不过地头蛇。</p><p style="; ; ; ; ; ; ; ; font-family: Verdana, Arial, Helvetica, sans-serif; font-size: 14px; line-height: 25px; color: rgb(64, 64, 64); font-style: normal; font-variant: normal; font-weight: normal; letter-spacing: normal; orphans: 2; text-align: -webkit-auto; text-indent: 0px; text-transform: none; white-space: normal; widows: 2; word-spacing: 0px; -webkit-text-size-adjust: auto; -webkit-text-stroke-width: 0px; background-color: rgb(250, 250, 250); ">　　根据全球移动设备调研机构 Canalys 提供的数据，2013 年第一季度中国智能手机占有率排名前四的厂商分别是：三星、宇龙通信（酷派）、华为、联想，苹果仅以 8% 的份额屈居第五。而 Gartner 2011 年第四季度的数据显示，当时份额前五的厂商分别为三星、诺基亚、华为、中兴和苹果。</p><p style="; ; ; ; ; ; ; ; font-family: Verdana, Arial, Helvetica, sans-serif; font-size: 14px; line-height: 25px; color: rgb(64, 64, 64); font-style: normal; font-variant: normal; font-weight: normal; letter-spacing: normal; orphans: 2; text-align: -webkit-auto; text-indent: 0px; text-transform: none; white-space: normal; widows: 2; word-spacing: 0px; -webkit-text-size-adjust: auto; -webkit-text-stroke-width: 0px; background-color: rgb(250, 250, 250); ">　　作为全球第二大移动互联网市场的印度情况更为严重，投资机构 BitChemy Ventures 的分析师 Sameer Singh 指出，过去一年印度低端智能手机的价格已经下降到 50 美元，降幅高达 50%，他认为明年价格还将下降 20 美元，诺基亚和三星的地位将会受到严重削弱。</p><p style="; ; ; ; ; ; ; ; font-family: Verdana, Arial, Helvetica, sans-serif; font-size: 14px; line-height: 25px; color: rgb(64, 64, 64); font-style: normal; font-variant: normal; font-weight: normal; letter-spacing: normal; orphans: 2; text-align: -webkit-auto; text-indent: 0px; text-transform: none; white-space: normal; widows: 2; word-spacing: 0px; -webkit-text-size-adjust: auto; -webkit-text-stroke-width: 0px; background-color: rgb(250, 250, 250); ">　　受低价 Android 手机的侵袭，在新兴市场一度非常火爆功能手机的市场空间越发狭小，今年一季度，诺基亚功能手机 Asha 手机销量已经从去年第四季度的 930 万部下滑到 500 万部。</p><p style="; ; ; ; ; ; ; ; font-family: Verdana, Arial, Helvetica, sans-serif; font-size: 14px; line-height: 25px; color: rgb(64, 64, 64); font-style: normal; font-variant: normal; font-weight: normal; letter-spacing: normal; orphans: 2; text-align: -webkit-auto; text-indent: 0px; text-transform: none; white-space: normal; widows: 2; word-spacing: 0px; -webkit-text-size-adjust: auto; -webkit-text-stroke-width: 0px; background-color: rgb(250, 250, 250); ">　　正如 Viber 的 CEO Talmon Marco 所说：</p><blockquote style="margin-top: 10px; margin-right: 0px; margin-bottom: 10px; margin-left: 25px; padding-top: 5px; padding-right: 10px; padding-bottom: 5px; padding-left: 10px; font-family: Verdana, Arial, Helvetica, sans-serif; font-size: 14px; line-height: 25px; background-image: none; background-attachment: initial; background-origin: initial; background-clip: initial; background-color: rgb(250, 250, 250); border-top-width: 2px; border-right-width: 2px; border-bottom-width: 2px; border-left-width: 2px; border-top-style: solid; border-right-style: solid; border-bottom-style: solid; border-left-style: solid; border-top-color: rgb(239, 239, 239); border-right-color: rgb(239, 239, 239); border-bottom-color: rgb(239, 239, 239); border-left-color: rgb(239, 239, 239); border-image: initial; color: rgb(85, 85, 85); font-style: normal; font-variant: normal; font-weight: normal; letter-spacing: normal; orphans: 2; text-align: -webkit-auto; text-indent: 0px; text-transform: none; white-space: normal; widows: 2; word-spacing: 0px; -webkit-text-size-adjust: auto; -webkit-text-stroke-width: 0px; background-position: initial initial; background-repeat: initial initial; "><p style="; ; ; ; ; ; ; ; font-family: Verdana, Arial, Helvetica, sans-serif; font-size: 14px; line-height: 25px; color: rgb(85, 85, 85); ">“功能手机向哪怕是最低廉智能手机的过渡，都如同是‘一辆牛逼的自行车向上世纪七十年代生产的老款汽车的过渡’。轿车虽老，但驾着它你可以在几天之内从纽约到达芝加哥，而骑自行车你却无法做到。”</p></blockquote><p style="; ; ; ; ; ; ; ; font-family: Verdana, Arial, Helvetica, sans-serif; font-size: 14px; line-height: 25px; color: rgb(64, 64, 64); font-style: normal; font-variant: normal; font-weight: normal; letter-spacing: normal; orphans: 2; text-align: -webkit-auto; text-indent: 0px; text-transform: none; white-space: normal; widows: 2; word-spacing: 0px; -webkit-text-size-adjust: auto; -webkit-text-stroke-width: 0px; background-color: rgb(250, 250, 250); ">　　comScore 的分析师 Joe Nguyen 认为，随着产业日趋饱和，智能手机厂商终究得面临利润率下降的难题。</p><p><br/></p>', '2013-07-25 03:34:37', 2, 0, 0, 0, 1, 8, 'kongjian2', 1, 1, 1, '', 0, 0),
(100, -1, 0, 1, '乘车赶往阿拉营，一路风光秀美，如在画中。', '', '', '', '虽然我嘴硬，但是也不得不承认，凤凰之所以成为旅游文化名城，确实有独到之处。和凤凰古名凤凰营一样，阿拉营也是由清朝时期镇压苗民的军营，繁衍而成。它是湘西的西大门，云贵高原的必经之地，苗汉两民族聚居地的结合部，算是湘西比较有特色的地带。　\r\n　我要找的人并不知晓大号，杂毛小道说诨号叫做地翻天，他让我叫他天叔。地翻天住在天龙峡附近的一个村子里，有些偏远。事出突然，人家未必欢迎我这一个不\r\n速之客，也没有', '<p><br/>虽然我嘴硬，但是也不得不承认，凤凰之所以成为旅游文化名城，确实有独到之处。和凤凰古名凤凰营一样，阿拉营也是由清朝时期镇压苗民的军营，繁衍而成。它是湘西的西大门，云贵高原的必经之地，苗汉两民族聚居地的结合部，算是湘西比较有特色的地带。<br/><br/>　\r\n　我要找的人并不知晓大号，杂毛小道说诨号叫做地翻天，他让我叫他天叔。地翻天住在天龙峡附近的一个村子里，有些偏远。事出突然，人家未必欢迎我这一个不\r\n速之客，也没有到镇子里来接我，我按着天叔给我发的地址，一路寻摸过去，在村头，一个七八岁的小毛孩子拦住了我，问我是不是陆左。<br/><br/>　　他穿得整齐，说话的语气像个小大人，长得像后来网络传闻的那位“五道杠”。<br/><br/>　\r\n　我说是，又问这孩子是谁?他没理我，让我跟他走就是。我提着些烟酒礼物，跟着他朝村子的深处走去。见他不搭理我，从钱包里抽出一百块钱，递给他，说来得\r\n匆忙，没准备，这一百块就当是给他的压岁钱了。他接过来，揣在兜里，表情缓和了些，也肯说话了。他说叫王永发，王三天是他爹，他是王三天的小儿子。他们家\r\n有十五口人，他太爷爷100多岁了，耳不聋眼不花，一口牙齿又白又整齐，一步蹿出好几米。<br/><br/>　　我跟着他走，一边套着话。</p>', '2013-07-25 04:27:21', 1, 0, 0, 0, 1, 9, 'kongjian3', 0, 1, 1, '', 0, 0),
(101, 17, 124, 1, '台湾高校发现360偷偷上传文件 建议全校师生卸载', '', 'http://images.cnitblog.com/news/66372/201307/25151105-d89cfbc202154af3b1b459e5859479b0.jpg', '', '关于 360 软件窃取用户隐私的报道已经屡见不鲜，日前台湾长庚大学发布公告称，360 软件在后台偷偷上传文件，为了系统安全，建议全校师生卸载 360 软件和手机 App。　　长庚大学网络组指出，近期发现校内有许多 IP 会上传 ZIP 压缩文档到 360 安全中心网站（www.360.cn），网络上有相关文件提及 360 软件会窃取用户隐私，该校信息安全设备检测到的结果也验证了这种说法。　　该校信', '<p><br/></p><p style="; ; ; ; ; ; ; ; font-family: Verdana, Arial, Helvetica, sans-serif; font-size: 14px; line-height: 25px; color: rgb(64, 64, 64); font-style: normal; font-variant: normal; font-weight: normal; letter-spacing: normal; orphans: 2; text-align: -webkit-auto; text-indent: 0px; text-transform: none; white-space: normal; widows: 2; word-spacing: 0px; -webkit-text-size-adjust: auto; -webkit-text-stroke-width: 0px; background-color: rgb(250, 250, 250); ">关于 360 软件窃取用户隐私的报道已经屡见不鲜，日前台湾长庚大学发布公告称，360 软件在后台偷偷上传文件，为了系统安全，建议全校师生卸载 360 软件和手机 App。</p><p style="; ; ; ; ; ; ; ; font-family: Verdana, Arial, Helvetica, sans-serif; font-size: 14px; line-height: 25px; color: rgb(64, 64, 64); font-style: normal; font-variant: normal; font-weight: normal; letter-spacing: normal; orphans: 2; text-align: -webkit-auto; text-indent: 0px; text-transform: none; white-space: normal; widows: 2; word-spacing: 0px; -webkit-text-size-adjust: auto; -webkit-text-stroke-width: 0px; background-color: rgb(250, 250, 250); ">　　<a href="http://ic.cgu.edu.tw/files/14-1018-23327,r497-1.php" target="_blank" style="margin-top: 0px; margin-right: 0px; margin-bottom: 0px; margin-left: 0px; padding-top: 0px; padding-right: 0px; padding-bottom: 0px; padding-left: 0px; font-family: Verdana, Arial, Helvetica, sans-serif; font-size: 14px; line-height: 1.5em; color: rgb(0, 95, 169); text-decoration: none; ">长庚大学网络组指出</a>，近期发现校内有许多 IP 会上传 ZIP 压缩文档到 360 安全中心网站（<a href="http://www.360.cn/" style="margin-top: 0px; margin-right: 0px; margin-bottom: 0px; margin-left: 0px; padding-top: 0px; padding-right: 0px; padding-bottom: 0px; padding-left: 0px; font-family: Verdana, Arial, Helvetica, sans-serif; font-size: 14px; line-height: 1.5em; color: rgb(0, 95, 169); text-decoration: none; ">www.360.cn</a>），网络上有相关文件提及 360 软件会窃取用户隐私，该校信息安全设备检测到的结果也验证了这种说法。</p><p style="; ; ; ; ; ; ; ; font-family: Verdana, Arial, Helvetica, sans-serif; font-size: 14px; line-height: 25px; color: rgb(64, 64, 64); font-style: normal; font-variant: normal; font-weight: normal; letter-spacing: normal; orphans: 2; text-align: -webkit-auto; text-indent: 0px; text-transform: none; white-space: normal; widows: 2; word-spacing: 0px; -webkit-text-size-adjust: auto; -webkit-text-stroke-width: 0px; background-color: rgb(250, 250, 250); ">　　该校信息安全中心发现，360 软件会自行收集电脑或手机的相关信息，然后在后台上传压缩文档至其官方网站。“建议全校同仁与学生尽量移除相关软件以维护系统安全”。</p><p style="text-align:center;; ; ; ; ; ; ; ; font-family: Verdana, Arial, Helvetica, sans-serif; font-size: 14px; line-height: 25px; color: rgb(64, 64, 64); font-style: normal; font-variant: normal; font-weight: normal; letter-spacing: normal; orphans: 2; text-indent: 0px; text-transform: none; white-space: normal; widows: 2; word-spacing: 0px; -webkit-text-size-adjust: auto; -webkit-text-stroke-width: 0px; background-color: rgb(250, 250, 250); "><img src="http://images.cnitblog.com/news/66372/201307/25151105-d89cfbc202154af3b1b459e5859479b0.jpg" alt="台湾高校发现 360 偷偷上传文件建议全校师生卸载" style="margin-top: 0px; margin-right: 0px; margin-bottom: 0px; margin-left: 0px; padding-top: 0px; padding-right: 0px; padding-bottom: 0px; padding-left: 0px; font-family: Verdana, Arial, Helvetica, sans-serif; font-size: 14px; line-height: 1.5em; border-top-style: none; border-right-style: none; border-bottom-style: none; border-left-style: none; border-width: initial; border-color: initial; border-image: initial; "/></p><p><br/></p>', '2013-07-25 07:16:11', 0, 0, 0, 0, 1, 9, 'kongjian3', 0, 1, 1, '', 0, 0),
(102, 2, 48, 1, 'QQ空间城市排行：看中国各地的社交趣事', '', 'http://images.cnitblog.com/news/66372/201307/25150652-d3e2487346bd46f6b34917cdd300a1cf.jpg', '', '　如果要从社交网站来分析中国各地的用户习惯，那么 QQ 空间绝对有资格说话。日前，腾讯根据 QQ 空间的数据发布了 2013 年中国城市社交力排行榜，其内容还是很有意思的，大家一起来看看：　　首都北京的社交标签是“老黄牛”，QQ 空间近一半应用都来自北京的开发者；国际大都市上海的社交标签是“母爱”，上传亲子照片的大多是上海妈妈；郑州人大款范儿，送礼物最多，收礼物也收到手软；深圳人民睡眠最少，每天最', '<p><br/></p><p style="; ; ; ; ; ; ; ; font-family: Verdana, Arial, Helvetica, sans-serif; font-size: 14px; line-height: 25px; color: rgb(64, 64, 64); font-style: normal; font-variant: normal; font-weight: normal; letter-spacing: normal; orphans: 2; text-align: -webkit-auto; text-indent: 0px; text-transform: none; white-space: normal; widows: 2; word-spacing: 0px; -webkit-text-size-adjust: auto; -webkit-text-stroke-width: 0px; background-color: rgb(250, 250, 250); ">　如果要从社交网站来分析中国各地的用户习惯，那么 QQ 空间绝对有资格说话。日前，腾讯根据 QQ 空间的数据发布了 2013 年中国城市社交力排行榜，其内容还是很有意思的，大家一起来看看：</p><p style="; ; ; ; ; ; ; ; font-family: Verdana, Arial, Helvetica, sans-serif; font-size: 14px; line-height: 25px; color: rgb(64, 64, 64); font-style: normal; font-variant: normal; font-weight: normal; letter-spacing: normal; orphans: 2; text-align: -webkit-auto; text-indent: 0px; text-transform: none; white-space: normal; widows: 2; word-spacing: 0px; -webkit-text-size-adjust: auto; -webkit-text-stroke-width: 0px; background-color: rgb(250, 250, 250); ">　　首都北京的社交标签是“老黄牛”，QQ 空间近一半应用都来自北京的开发者；国际大都市上海的社交标签是“母爱”，上传亲子照片的大多是上海妈妈；郑州人大款范儿，送礼物最多，收礼物也收到手软；深圳人民睡眠最少，每天最早上线最晚下线；杭州乃花心萝卜之乡，同一男性平均会给四名不同女生送礼……</p><p style="; ; ; ; ; ; ; ; font-family: Verdana, Arial, Helvetica, sans-serif; font-size: 14px; line-height: 25px; color: rgb(64, 64, 64); font-style: normal; font-variant: normal; font-weight: normal; letter-spacing: normal; orphans: 2; text-indent: 0px; text-transform: none; white-space: normal; widows: 2; word-spacing: 0px; -webkit-text-size-adjust: auto; -webkit-text-stroke-width: 0px; background-color: rgb(250, 250, 250); text-align: center; "><img src="http://images.cnitblog.com/news/66372/201307/25150652-d3e2487346bd46f6b34917cdd300a1cf.jpg" alt="QQ 空间城市排行：看中国各地的社交趣事" style="margin-top: 0px; margin-right: 0px; margin-bottom: 0px; margin-left: 0px; padding-top: 0px; padding-right: 0px; padding-bottom: 0px; padding-left: 0px; font-family: Verdana, Arial, Helvetica, sans-serif; font-size: 14px; line-height: 1.5em; border-top-style: none; border-right-style: none; border-bottom-style: none; border-left-style: none; border-width: initial; border-color: initial; border-image: initial; "/></p><p style="; ; ; ; ; ; ; ; font-family: Verdana, Arial, Helvetica, sans-serif; font-size: 14px; line-height: 25px; color: rgb(64, 64, 64); font-style: normal; font-variant: normal; font-weight: normal; letter-spacing: normal; orphans: 2; text-indent: 0px; text-transform: none; white-space: normal; widows: 2; word-spacing: 0px; -webkit-text-size-adjust: auto; -webkit-text-stroke-width: 0px; background-color: rgb(250, 250, 250); text-align: center; "><img src="http://images.cnitblog.com/news/66372/201307/25150652-c18cb3af685f4feba327094baa8ea5a8.jpg" alt="QQ 空间城市排行：看中国各地的社交趣事" style="margin-top: 0px; margin-right: 0px; margin-bottom: 0px; margin-left: 0px; padding-top: 0px; padding-right: 0px; padding-bottom: 0px; padding-left: 0px; font-family: Verdana, Arial, Helvetica, sans-serif; font-size: 14px; line-height: 1.5em; border-top-style: none; border-right-style: none; border-bottom-style: none; border-left-style: none; border-width: initial; border-color: initial; border-image: initial; "/></p><p style="; ; ; ; ; ; ; ; font-family: Verdana, Arial, Helvetica, sans-serif; font-size: 14px; line-height: 25px; color: rgb(64, 64, 64); font-style: normal; font-variant: normal; font-weight: normal; letter-spacing: normal; orphans: 2; text-indent: 0px; text-transform: none; white-space: normal; widows: 2; word-spacing: 0px; -webkit-text-size-adjust: auto; -webkit-text-stroke-width: 0px; background-color: rgb(250, 250, 250); text-align: center; "><img src="http://images.cnitblog.com/news/66372/201307/25150652-8f08ccfa0caf44028b8ce4f7d72e962b.jpg" alt="QQ 空间城市排行：看中国各地的社交趣事" style="margin-top: 0px; margin-right: 0px; margin-bottom: 0px; margin-left: 0px; padding-top: 0px; padding-right: 0px; padding-bottom: 0px; padding-left: 0px; font-family: Verdana, Arial, Helvetica, sans-serif; font-size: 14px; line-height: 1.5em; border-top-style: none; border-right-style: none; border-bottom-style: none; border-left-style: none; border-width: initial; border-color: initial; border-image: initial; "/></p><p style="; ; ; ; ; ; ; ; font-family: Verdana, Arial, Helvetica, sans-serif; font-size: 14px; line-height: 25px; color: rgb(64, 64, 64); font-style: normal; font-variant: normal; font-weight: normal; letter-spacing: normal; orphans: 2; text-indent: 0px; text-transform: none; white-space: normal; widows: 2; word-spacing: 0px; -webkit-text-size-adjust: auto; -webkit-text-stroke-width: 0px; background-color: rgb(250, 250, 250); text-align: center; "><img src="http://images.cnitblog.com/news/66372/201307/25150652-ae7fddf33fff4f11835f191d7cf53f75.jpg" alt="QQ 空间城市排行：看中国各地的社交趣事" style="margin-top: 0px; margin-right: 0px; margin-bottom: 0px; margin-left: 0px; padding-top: 0px; padding-right: 0px; padding-bottom: 0px; padding-left: 0px; font-family: Verdana, Arial, Helvetica, sans-serif; font-size: 14px; line-height: 1.5em; border-top-style: none; border-right-style: none; border-bottom-style: none; border-left-style: none; border-width: initial; border-color: initial; border-image: initial; "/></p><p style="; ; ; ; ; ; ; ; font-family: Verdana, Arial, Helvetica, sans-serif; font-size: 14px; line-height: 25px; color: rgb(64, 64, 64); font-style: normal; font-variant: normal; font-weight: normal; letter-spacing: normal; orphans: 2; text-indent: 0px; text-transform: none; white-space: normal; widows: 2; word-spacing: 0px; -webkit-text-size-adjust: auto; -webkit-text-stroke-width: 0px; background-color: rgb(250, 250, 250); text-align: center; "><img src="http://images.cnitblog.com/news/66372/201307/25150652-daf7110489e143398f7dd1590ab251a8.jpg" alt="QQ 空间城市排行：看中国各地的社交趣事" style="margin-top: 0px; margin-right: 0px; margin-bottom: 0px; margin-left: 0px; padding-top: 0px; padding-right: 0px; padding-bottom: 0px; padding-left: 0px; font-family: Verdana, Arial, Helvetica, sans-serif; font-size: 14px; line-height: 1.5em; border-top-style: none; border-right-style: none; border-bottom-style: none; border-left-style: none; border-width: initial; border-color: initial; border-image: initial; "/></p><p style="; ; ; ; ; ; ; ; font-family: Verdana, Arial, Helvetica, sans-serif; font-size: 14px; line-height: 25px; color: rgb(64, 64, 64); font-style: normal; font-variant: normal; font-weight: normal; letter-spacing: normal; orphans: 2; text-indent: 0px; text-transform: none; white-space: normal; widows: 2; word-spacing: 0px; -webkit-text-size-adjust: auto; -webkit-text-stroke-width: 0px; background-color: rgb(250, 250, 250); text-align: center; "><img src="http://images.cnitblog.com/news/66372/201307/25150652-1b0043aa78bc46d283dd67003c15e213.jpg" alt="QQ 空间城市排行：看中国各地的社交趣事" style="margin-top: 0px; margin-right: 0px; margin-bottom: 0px; margin-left: 0px; padding-top: 0px; padding-right: 0px; padding-bottom: 0px; padding-left: 0px; font-family: Verdana, Arial, Helvetica, sans-serif; font-size: 14px; line-height: 1.5em; border-top-style: none; border-right-style: none; border-bottom-style: none; border-left-style: none; border-width: initial; border-color: initial; border-image: initial; "/></p><p style="; ; ; ; ; ; ; ; font-family: Verdana, Arial, Helvetica, sans-serif; font-size: 14px; line-height: 25px; color: rgb(64, 64, 64); font-style: normal; font-variant: normal; font-weight: normal; letter-spacing: normal; orphans: 2; text-indent: 0px; text-transform: none; white-space: normal; widows: 2; word-spacing: 0px; -webkit-text-size-adjust: auto; -webkit-text-stroke-width: 0px; background-color: rgb(250, 250, 250); text-align: center; "><img src="http://images.cnitblog.com/news/66372/201307/25150654-fc256038faa34464bd5ec3348761a7db.jpg" alt="QQ 空间城市排行：看中国各地的社交趣事" style="margin-top: 0px; margin-right: 0px; margin-bottom: 0px; margin-left: 0px; padding-top: 0px; padding-right: 0px; padding-bottom: 0px; padding-left: 0px; font-family: Verdana, Arial, Helvetica, sans-serif; font-size: 14px; line-height: 1.5em; border-top-style: none; border-right-style: none; border-bottom-style: none; border-left-style: none; border-width: initial; border-color: initial; border-image: initial; "/></p><p style="; ; ; ; ; ; ; ; font-family: Verdana, Arial, Helvetica, sans-serif; font-size: 14px; line-height: 25px; color: rgb(64, 64, 64); font-style: normal; font-variant: normal; font-weight: normal; letter-spacing: normal; orphans: 2; text-indent: 0px; text-transform: none; white-space: normal; widows: 2; word-spacing: 0px; -webkit-text-size-adjust: auto; -webkit-text-stroke-width: 0px; background-color: rgb(250, 250, 250); text-align: center; "><img src="http://images.cnitblog.com/news/66372/201307/25150656-767c739f03ad4444abf419f28940d943.jpg" alt="QQ 空间城市排行：看中国各地的社交趣事" style="margin-top: 0px; margin-right: 0px; margin-bottom: 0px; margin-left: 0px; padding-top: 0px; padding-right: 0px; padding-bottom: 0px; padding-left: 0px; font-family: Verdana, Arial, Helvetica, sans-serif; font-size: 14px; line-height: 1.5em; border-top-style: none; border-right-style: none; border-bottom-style: none; border-left-style: none; border-width: initial; border-color: initial; border-image: initial; "/></p><p style="; ; ; ; ; ; ; ; font-family: Verdana, Arial, Helvetica, sans-serif; font-size: 14px; line-height: 25px; color: rgb(64, 64, 64); font-style: normal; font-variant: normal; font-weight: normal; letter-spacing: normal; orphans: 2; text-indent: 0px; text-transform: none; white-space: normal; widows: 2; word-spacing: 0px; -webkit-text-size-adjust: auto; -webkit-text-stroke-width: 0px; background-color: rgb(250, 250, 250); text-align: center; "><img src="http://images.cnitblog.com/news/66372/201307/25150656-bdd4b4cc9271447b8139dcbe33cab093.jpg" alt="QQ 空间城市排行：看中国各地的社交趣事" style="margin-top: 0px; margin-right: 0px; margin-bottom: 0px; margin-left: 0px; padding-top: 0px; padding-right: 0px; padding-bottom: 0px; padding-left: 0px; font-family: Verdana, Arial, Helvetica, sans-serif; font-size: 14px; line-height: 1.5em; border-top-style: none; border-right-style: none; border-bottom-style: none; border-left-style: none; border-width: initial; border-color: initial; border-image: initial; "/></p><p><br/></p>', '2013-07-25 07:27:56', 1, 0, 0, 0, 1, 9, 'kongjian3', 0, 1, 1, '', 0, 0),
(103, 6, 85, 1, '“好奇号”很卖力：突破单日行驶距离纪录', '', 'http://images.cnitblog.com/news/66372/201307/26010114-0aef91f9e07b4320856b97f05531cb70.jpg', '', '在一些科学论坛中，有网友将“好奇号”比作英雄，而事实也证明这个可爱的小家伙真的很努力也颇有效率。　　“好奇号”自 2012 年 8 月 6 日登陆火星以来的这近一年时间中，给予的地球研究人员和天文学家太多惊喜。不但发现了火星的古老河床和土壤中能够维系生命存在的证据，而且还在主计算机出现严重故障之后“起死回生”继续工作。　　今天，美国航空航天局（NASA）发布消息称“好奇号”近日又一次突破了自己的极', '<p><br/>在一些科学论坛中，有网友将“好奇号”比作英雄，而事实也证明这个可爱的小家伙真的很努力也颇有效率。</p><p>　　“好奇号”自 2012 年 8 月 6 日登陆火星以来的这近一年时间中，给予的地球研究人员和天文学家太多惊喜。不但发现了火星的古老河床和土壤中能够维系生命存在的证据，而且还在主计算机出现严重故障之后“起死回生”继续工作。</p><p></p><p>　　今天，美国航空航天局（NASA）发布消息称“好奇号”近日又一次突破了自己的极限，在一天时间里移动了 100.3 米的距离，超过之前的最长纪录 49 米近两倍。</p><p></p><p>　　可能有些人对“好奇号”所取得的这一成绩表示不屑，觉得 100 米太短了。地球上优秀的短跑运动员可以在 10 \r\n秒以内达成上述目标，但别忘了“好奇号”可是在火星，因此它不可能像汽车一样飞驰，而是必须小心翼翼前行，因此能够在一天内移动 100 \r\n米的距离对于这台火星车来说已经相当不易。</p><p></p><p>　　据相关数据统计，截至 7 月 23 日“好奇号”已经在火星上累计行驶了 1.23 公里。但目前 NASA \r\n最长的外星行驶距离纪录却是由“好奇号”的师兄“机遇号”在今年 5 月中旬所创造的。据当时统计表明，“机遇号”累计行驶了 36 \r\n公里，其实际工作时间已经超出设计寿命 36 倍。</p><p></p><p style="text-align:center;"><img src="http://images.cnitblog.com/news/66372/201307/26010114-0aef91f9e07b4320856b97f05531cb70.jpg" alt="“好奇号”很卖力：突破单日行驶距离纪录"/></p><p></p><p style="text-align: center;">　　地面人员合成的“好奇号”自拍照</p><p><br/></p>', '2013-07-26 01:41:42', 0, 0, 0, 0, 1, 9, 'kongjian3', 0, 1, 1, '', 0, 0),
(104, 8, 93, 1, '最新纪录片揭秘霍金1985年差点被医生放弃', '', 'http://static.cnbetacdn.com/newsimg/2013/0730/01375144220.jpg', '', '霍金。新华社资料图讲述霍金的个人旅程斯蒂芬·霍金是最伟大的科学家之一，激发了全世界无数人的想象力。霍金最著名的著作《时间简史》享誉全世界，目前的销量已接近1000万。然而，他的私人生活以及婚恋故事却一直鲜为人知。由于患有肌肉萎缩性侧索硬化症（又名卢伽雷氏症、“渐冻症”），霍金在一把轮椅上已经被禁锢了50年之久，他的健康状况也一直是媒体和公众的关注焦点。如今，一部讲述这位伟大科学家生平的纪录片《霍金', '<p class="f_center" style="; ; ; ; ; ; ; ; vertical-align: baseline; word-wrap: break-word; line-height: 25px; color: rgb(0, 0, 0); font-family: 微软雅黑, Tahoma, Verdana, 宋体; font-size: 16px; font-style: normal; font-variant: normal; font-weight: normal; letter-spacing: normal; orphans: 2; text-indent: 0px; text-transform: none; white-space: normal; widows: 2; word-spacing: 0px; -webkit-text-size-adjust: auto; -webkit-text-stroke-width: 0px; background-color: rgb(255, 255, 255); text-align: center; "><img alt="霍金。新华社资料图" src="http://static.cnbetacdn.com/newsimg/2013/0730/01375144220.jpg" title="霍金。新华社资料图" style="border-top-width: 0px; border-right-width: 0px; border-bottom-width: 0px; border-left-width: 0px; border-style: initial; border-color: initial; border-image: initial; "/></p><p style="; ; ; ; ; ; ; ; vertical-align: baseline; word-wrap: break-word; line-height: 25px; color: rgb(0, 0, 0); font-family: 微软雅黑, Tahoma, Verdana, 宋体; font-size: 16px; font-style: normal; font-variant: normal; font-weight: normal; letter-spacing: normal; orphans: 2; text-indent: 0px; text-transform: none; white-space: normal; widows: 2; word-spacing: 0px; -webkit-text-size-adjust: auto; -webkit-text-stroke-width: 0px; background-color: rgb(255, 255, 255); text-align: center; ">霍金。新华社资料图</p><p style="; ; ; ; ; ; ; ; vertical-align: baseline; word-wrap: break-word; line-height: 25px; color: rgb(0, 0, 0); font-family: 微软雅黑, Tahoma, Verdana, 宋体; font-size: 16px; font-style: normal; font-variant: normal; font-weight: normal; letter-spacing: normal; orphans: 2; text-align: -webkit-auto; text-indent: 0px; text-transform: none; white-space: normal; widows: 2; word-spacing: 0px; -webkit-text-size-adjust: auto; -webkit-text-stroke-width: 0px; background-color: rgb(255, 255, 255); "><strong style="font-style: normal; font-weight: 700; font-size: 16px; ">讲述霍金的个人旅程</strong></p><p style="; ; ; ; ; ; ; ; vertical-align: baseline; word-wrap: break-word; line-height: 25px; color: rgb(0, 0, 0); font-family: 微软雅黑, Tahoma, Verdana, 宋体; font-size: 16px; font-style: normal; font-variant: normal; font-weight: normal; letter-spacing: normal; orphans: 2; text-align: -webkit-auto; text-indent: 0px; text-transform: none; white-space: normal; widows: 2; word-spacing: 0px; -webkit-text-size-adjust: auto; -webkit-text-stroke-width: 0px; background-color: rgb(255, 255, 255); ">斯蒂芬·霍金是最伟大的科学家之一，激发了全世界无数人的想象力。霍金最著名的著作《时间简史》享誉全世界，目前的销量已接近1000万。然而，他的私人生活以及婚恋故事却一直鲜为人知。由于患有肌肉萎缩性侧索硬化症（又名卢伽雷氏症、“渐冻症”），霍金在一把轮椅上已经被禁锢了50年之久，他的健康状况也一直是媒体和公众的关注焦点。</p><p style="; ; ; ; ; ; ; ; vertical-align: baseline; word-wrap: break-word; line-height: 25px; color: rgb(0, 0, 0); font-family: 微软雅黑, Tahoma, Verdana, 宋体; font-size: 16px; font-style: normal; font-variant: normal; font-weight: normal; letter-spacing: normal; orphans: 2; text-align: -webkit-auto; text-indent: 0px; text-transform: none; white-space: normal; widows: 2; word-spacing: 0px; -webkit-text-size-adjust: auto; -webkit-text-stroke-width: 0px; background-color: rgb(255, 255, 255); ">如今，一部讲述这位伟大科学家生平的纪录片《霍金》即将上映。这部纪录片讲述了他求学、患病、治疗和婚姻等人生经历。在不久前公布的宣传片中，现年71岁的霍金表示：“这部纪录片讲述了我的个人旅程。”</p><p style="; ; ; ; ; ; ; ; vertical-align: baseline; word-wrap: break-word; line-height: 25px; color: rgb(0, 0, 0); font-family: 微软雅黑, Tahoma, Verdana, 宋体; font-size: 16px; font-style: normal; font-variant: normal; font-weight: normal; letter-spacing: normal; orphans: 2; text-align: -webkit-auto; text-indent: 0px; text-transform: none; white-space: normal; widows: 2; word-spacing: 0px; -webkit-text-size-adjust: auto; -webkit-text-stroke-width: 0px; background-color: rgb(255, 255, 255); "><strong style="font-style: normal; font-weight: 700; font-size: 16px; ">医生建议关掉呼吸机</strong></p><p style="; ; ; ; ; ; ; ; vertical-align: baseline; word-wrap: break-word; line-height: 25px; color: rgb(0, 0, 0); font-family: 微软雅黑, Tahoma, Verdana, 宋体; font-size: 16px; font-style: normal; font-variant: normal; font-weight: normal; letter-spacing: normal; orphans: 2; text-align: -webkit-auto; text-indent: 0px; text-transform: none; white-space: normal; widows: 2; word-spacing: 0px; -webkit-text-size-adjust: auto; -webkit-text-stroke-width: 0px; background-color: rgb(255, 255, 255); ">1963年，霍金被诊断患有肌肉萎缩性侧索硬化症，当时医生诊断他只能活两年，但他却奇迹般地生活至今。1965年，霍金与珍结婚。1985年，他在瑞士病倒，在珍的强烈要求下转至英国剑桥的医院，并实行了气管造口手术。此时，霍金的著作《时间简史》已经快要完成了，但医生并不认为霍金还能继续写作。</p><p style="; ; ; ; ; ; ; ; vertical-align: baseline; word-wrap: break-word; line-height: 25px; color: rgb(0, 0, 0); font-family: 微软雅黑, Tahoma, Verdana, 宋体; font-size: 16px; font-style: normal; font-variant: normal; font-weight: normal; letter-spacing: normal; orphans: 2; text-align: -webkit-auto; text-indent: 0px; text-transform: none; white-space: normal; widows: 2; word-spacing: 0px; -webkit-text-size-adjust: auto; -webkit-text-stroke-width: 0px; background-color: rgb(255, 255, 255); ">霍金在纪录片中透露：“当时，医生觉得我已经不行了，还建议珍选择关掉我的呼吸机。但她拒绝了。那几个星期是我人生最黑暗的时期。幸好，药渐渐开始发挥作用了，但由于切口，我还是失去了言语能力，只能开始使用造音器。当时，写完书的愿望似乎再也不可能实现了。”</p><p style="; ; ; ; ; ; ; ; vertical-align: baseline; word-wrap: break-word; line-height: 25px; color: rgb(0, 0, 0); font-family: 微软雅黑, Tahoma, Verdana, 宋体; font-size: 16px; font-style: normal; font-variant: normal; font-weight: normal; letter-spacing: normal; orphans: 2; text-align: -webkit-auto; text-indent: 0px; text-transform: none; white-space: normal; widows: 2; word-spacing: 0px; -webkit-text-size-adjust: auto; -webkit-text-stroke-width: 0px; background-color: rgb(255, 255, 255); "><strong style="font-style: normal; font-weight: 700; font-size: 16px; ">希望去太空旅游一次</strong></p><p style="; ; ; ; ; ; ; ; vertical-align: baseline; word-wrap: break-word; line-height: 25px; color: rgb(0, 0, 0); font-family: 微软雅黑, Tahoma, Verdana, 宋体; font-size: 16px; font-style: normal; font-variant: normal; font-weight: normal; letter-spacing: normal; orphans: 2; text-align: -webkit-auto; text-indent: 0px; text-transform: none; white-space: normal; widows: 2; word-spacing: 0px; -webkit-text-size-adjust: auto; -webkit-text-stroke-width: 0px; background-color: rgb(255, 255, 255); ">纪录片《霍金》中，霍金还公开提到了他两次失败的婚姻。1990年，他与结婚25年之久的妻子珍·怀尔德离婚。1995年，与护士伊莱恩·梅森结婚，并于2006年开始办理离婚手续。尽管已经离婚了，但霍金与其第一任妻子仍然保持着友谊。珍也在该纪录片中现身，讲述了她在经历离婚时破碎的心情。</p><p style="; ; ; ; ; ; ; ; vertical-align: baseline; word-wrap: break-word; line-height: 25px; color: rgb(0, 0, 0); font-family: 微软雅黑, Tahoma, Verdana, 宋体; font-size: 16px; font-style: normal; font-variant: normal; font-weight: normal; letter-spacing: normal; orphans: 2; text-align: -webkit-auto; text-indent: 0px; text-transform: none; white-space: normal; widows: 2; word-spacing: 0px; -webkit-text-size-adjust: auto; -webkit-text-stroke-width: 0px; background-color: rgb(255, 255, 255); ">虽然已经被轮椅禁锢了几十年，但霍金对宇宙的探索和热爱丝毫不因病情而减少。在该纪录片中，霍金还表示，他希望自己能搭乘英国私人太空旅游公司“维珍银河”的飞船，到太空里旅游一遭。</p><p style="; ; ; ; ; ; ; ; vertical-align: baseline; word-wrap: break-word; line-height: 25px; color: rgb(0, 0, 0); font-family: 微软雅黑, Tahoma, Verdana, 宋体; font-size: 16px; font-style: normal; font-variant: normal; font-weight: normal; letter-spacing: normal; orphans: 2; text-align: -webkit-auto; text-indent: 0px; text-transform: none; white-space: normal; widows: 2; word-spacing: 0px; -webkit-text-size-adjust: auto; -webkit-text-stroke-width: 0px; background-color: rgb(255, 255, 255); ">令人感触颇深的纪录片展示了一名独特的科学家对于生活的个人见解。片尾霍金说道：“每一天对我来说，都可能是最后一天，我会善待自己的每一分、每一秒。”这一纪录片将于9月20日上映。</p><p><br/></p>', '2013-07-30 00:48:50', 0, 0, 0, 0, 1, 9, 'kongjian3', 0, 1, 1, '', 1, 0);

-- --------------------------------------------------------

--
-- 表的结构 `blog_attachment`
--

CREATE TABLE IF NOT EXISTS `blog_attachment` (
  `id` int(11) NOT NULL AUTO_INCREMENT,
  `article_id` int(11) NOT NULL,
  `user_id` int(11) NOT NULL,
  `filepath` varchar(80) CHARACTER SET utf8 DEFAULT NULL,
  `filename` varchar(80) CHARACTER SET utf8 DEFAULT NULL,
  `filetitle` varchar(80) CHARACTER SET utf8 DEFAULT NULL,
  `extension` varchar(10) CHARACTER SET utf8 DEFAULT NULL,
  `createtime` datetime DEFAULT NULL,
  PRIMARY KEY (`id`)
) ENGINE=InnoDB  DEFAULT CHARSET=gbk AUTO_INCREMENT=3 ;

--
-- 转存表中的数据 `blog_attachment`
--

INSERT INTO `blog_attachment` (`id`, `article_id`, `user_id`, `filepath`, `filename`, `filetitle`, `extension`, `createtime`) VALUES
(1, 82, 30, 'blog/attachment/201307/11/21520412a4980f-ea31-11e2-bb3f-5cff350c7bf5.jpg', '21520412a4980f-ea31-11e2-bb3f-5cff350c7bf5', '1111111111', '.jpg', '2013-07-11 13:54:02'),
(2, 83, 30, 'blog/attachment/201307/12/161202bbc242a1-eaca-11e2-9211-5cff350c7bf5.jpeg', '161202bbc242a1-eaca-11e2-9211-5cff350c7bf5', 'aaaaaaaaaaaaaaaaaaa', '.jpeg', '2013-07-12 08:12:03');

-- --------------------------------------------------------

--
-- 表的结构 `blog_block`
--

CREATE TABLE IF NOT EXISTS `blog_block` (
  `id` int(11) NOT NULL AUTO_INCREMENT,
  `block_category_id` int(11) NOT NULL,
  `name` varchar(80) CHARACTER SET utf8 DEFAULT NULL,
  `namecn` varchar(80) CHARACTER SET utf8 DEFAULT NULL,
  `type` int(11) DEFAULT NULL,
  `createtime` datetime DEFAULT NULL,
  `infocount` int(11) NOT NULL DEFAULT '0',
  PRIMARY KEY (`id`),
  KEY `blog_block_6f33f001` (`block_category_id`)
) ENGINE=InnoDB  DEFAULT CHARSET=gbk AUTO_INCREMENT=67 ;

--
-- 转存表中的数据 `blog_block`
--

INSERT INTO `blog_block` (`id`, `block_category_id`, `name`, `namecn`, `type`, `createtime`, `infocount`) VALUES
(1, 1, 'index_flash', '首页flash', 2, '2013-07-13 14:22:06', 0),
(2, 1, 'index_column1', '首页频道1', 2, '2013-07-13 14:27:40', 0),
(3, 1, 'index_aaa', '静态首页', 2, '2013-07-14 00:57:46', 0),
(4, 1, 'aaaa', '动态a', 2, '2013-07-14 00:57:46', 0),
(6, 1, 'codeaaa', '代码碎片', 1, '2013-07-20 13:28:23', 0),
(7, 1, 'channel_1', '文化', 2, '2013-07-21 13:11:24', 0),
(8, 1, 'channel_1_pic', '文化_图片', 2, '2013-07-21 13:11:24', 0),
(9, 1, 'channel_2', '体育', 2, '2013-07-21 13:11:24', 0),
(10, 1, 'channel_2_pic', '体育_图片', 2, '2013-07-21 13:11:24', 0),
(11, 1, 'channel_3', '娱乐', 2, '2013-07-21 13:11:24', 0),
(12, 1, 'channel_3_pic', '娱乐_图片', 2, '2013-07-21 13:11:24', 0),
(13, 1, 'channel_4', '美食', 2, '2013-07-21 13:11:24', 0),
(14, 1, 'channel_4_pic', '美食_图片', 2, '2013-07-21 13:11:24', 0),
(15, 1, 'channel_5', '股票', 2, '2013-07-21 13:11:24', 0),
(16, 1, 'channel_5_pic', '股票_图片', 2, '2013-07-21 13:11:24', 0),
(17, 1, 'channel_6', 'IT', 2, '2013-07-21 13:11:24', 0),
(18, 1, 'channel_6_pic', 'IT_图片', 2, '2013-07-21 13:11:24', 0),
(19, 1, 'channel_7', '军事', 2, '2013-07-21 13:11:24', 0),
(20, 1, 'channel_7_pic', '军事_图片', 2, '2013-07-21 13:11:24', 0),
(21, 1, 'channel_8', '杂谈', 2, '2013-07-21 13:11:24', 0),
(22, 1, 'channel_8_pic', '杂谈_图片', 2, '2013-07-21 13:11:24', 0),
(23, 1, 'channel_9', '游戏', 2, '2013-07-21 13:11:24', 0),
(24, 1, 'channel_9_pic', '游戏_图片', 2, '2013-07-21 13:11:24', 0),
(25, 1, 'channel_10', '教育', 2, '2013-07-21 13:11:24', 0),
(26, 1, 'channel_10_pic', '教育_图片', 2, '2013-07-21 13:11:24', 0),
(27, 1, 'channel_11', '育儿', 2, '2013-07-21 13:11:24', 0),
(28, 1, 'channel_11_pic', '育儿_图片', 2, '2013-07-21 13:11:24', 0),
(29, 1, 'channel_12', '旅游', 2, '2013-07-21 13:11:24', 0),
(30, 1, 'channel_12_pic', '旅游_图片', 2, '2013-07-21 13:11:24', 0),
(31, 1, 'channel_13', '房产', 2, '2013-07-21 13:11:24', 0),
(32, 1, 'channel_13_pic', '房产_图片', 2, '2013-07-21 13:11:24', 0),
(33, 1, 'channel_14', '汽车', 2, '2013-07-21 13:11:24', 0),
(34, 1, 'channel_14_pic', '汽车_图片', 2, '2013-07-21 13:11:24', 0),
(35, 1, 'channel_15', '星座', 2, '2013-07-21 13:11:24', 0),
(36, 1, 'channel_15_pic', '星座_图片', 2, '2013-07-21 13:11:24', 0),
(37, 1, 'channel_16', '时尚', 2, '2013-07-21 13:11:24', 0),
(38, 1, 'channel_16_pic', '时尚_图片', 2, '2013-07-21 13:11:24', 0),
(39, 1, 'channel_17', '家居', 2, '2013-07-21 13:11:24', 0),
(40, 1, 'channel_17_pic', '家居_图片', 2, '2013-07-21 13:11:24', 0),
(41, 1, 'channel_18', '健康', 2, '2013-07-21 13:11:24', 0),
(42, 1, 'channel_18_pic', '健康_图片', 2, '2013-07-21 13:11:24', 0),
(43, 1, 'channel_19', '休闲', 2, '2013-07-21 13:11:24', 0),
(44, 1, 'channel_19_pic', '休闲_图片', 2, '2013-07-21 13:11:24', 0),
(45, 1, 'channel_20', '情感', 2, '2013-07-21 13:11:24', 0),
(46, 1, 'channel_20_pic', '情感_图片', 2, '2013-07-21 13:11:24', 0),
(47, 1, 'channel_21', '校园', 2, '2013-07-21 13:11:24', 0),
(48, 1, 'channel_21_pic', '校园_图片', 2, '2013-07-21 13:11:24', 0),
(49, 1, 'channel_22', '财经', 2, '2013-07-21 13:11:24', 0),
(50, 1, 'channel_22_pic', '财经_图片', 2, '2013-07-21 13:11:24', 0),
(51, 1, 'channel_23', '自然', 2, '2013-07-21 13:11:24', 0),
(52, 1, 'channel_23_pic', '自然_图片', 2, '2013-07-21 13:11:24', 0),
(53, 1, 'channel_24', '插画', 2, '2013-07-21 13:11:24', 0),
(54, 1, 'channel_24_pic', '插画_图片', 2, '2013-07-21 13:11:24', 0),
(55, 1, 'channel_25', '明星', 2, '2013-07-21 13:11:24', 0),
(56, 1, 'channel_25_pic', '明星_图片', 2, '2013-07-21 13:11:24', 0),
(57, 1, 'channel_26', '资讯', 2, '2013-07-21 13:11:24', 0),
(58, 1, 'channel_26_pic', '资讯_图片', 2, '2013-07-21 13:11:24', 0),
(59, 1, 'channel_27', '生活', 2, '2013-07-21 13:11:24', 0),
(60, 1, 'channel_27_pic', '生活_图片', 2, '2013-07-21 13:11:24', 0),
(61, 1, 'channel_28', '保留', 2, '2013-07-21 13:11:24', 0),
(62, 1, 'channel_28_pic', '保留_图片', 2, '2013-07-21 13:11:24', 0),
(63, 1, 'channel_29', '保留', 2, '2013-07-21 13:11:24', 0),
(64, 1, 'channel_29_pic', '保留_图片', 2, '2013-07-21 13:11:24', 0),
(65, 1, 'channel_30', '保留', 2, '2013-07-21 13:11:24', 0),
(66, 1, 'channel_30_pic', '保留_图片', 2, '2013-07-21 13:11:24', 0);

-- --------------------------------------------------------

--
-- 表的结构 `blog_block_1`
--

CREATE TABLE IF NOT EXISTS `blog_block_1` (
  `id` int(11) NOT NULL AUTO_INCREMENT,
  `block_id` int(11) NOT NULL,
  `content` text CHARACTER SET utf8,
  `createtime` datetime DEFAULT NULL,
  PRIMARY KEY (`id`),
  KEY `blog_block_1_6f33f001` (`block_id`)
) ENGINE=InnoDB  DEFAULT CHARSET=gbk AUTO_INCREMENT=4 ;

--
-- 转存表中的数据 `blog_block_1`
--

INSERT INTO `blog_block_1` (`id`, `block_id`, `content`, `createtime`) VALUES
(1, 6, 'aaaaa', '2013-07-13 14:27:40'),
(3, 6, 'bbbbbbbbbbb', '2013-07-20 14:08:57');

-- --------------------------------------------------------

--
-- 表的结构 `blog_block_2`
--

CREATE TABLE IF NOT EXISTS `blog_block_2` (
  `id` int(11) NOT NULL AUTO_INCREMENT,
  `block_id` int(11) NOT NULL,
  `title` varchar(200) CHARACTER SET utf8 DEFAULT NULL,
  `titlestyle` varchar(80) CHARACTER SET utf8 DEFAULT NULL,
  `titlepic` varchar(512) CHARACTER SET utf8 DEFAULT NULL,
  `titleurl` varchar(80) CHARACTER SET utf8 DEFAULT NULL,
  `summary` varchar(500) CHARACTER SET utf8 DEFAULT NULL,
  `createtime` datetime DEFAULT NULL,
  PRIMARY KEY (`id`),
  KEY `blog_block_2_6f33f001` (`block_id`)
) ENGINE=InnoDB  DEFAULT CHARSET=gbk AUTO_INCREMENT=212 ;

--
-- 转存表中的数据 `blog_block_2`
--

INSERT INTO `blog_block_2` (`id`, `block_id`, `title`, `titlestyle`, `titlepic`, `titleurl`, `summary`, `createtime`) VALUES
(1, 3, '刘植荣：建世界最长海底隧道靠谱吗？', '', 'blog/attachment/201307/12/161202bbc242a1-eaca-11e2-9211-5cff350c7bf5.jpeg', '/30/show/83', '2013年7月11日《时代周报》报道，中国或将投资2600亿建连接辽宁大连和山东烟台的世界最长海底隧道，全长123公里，火车运行速度能达到每小时220公里，交中国铁路总公司管理运营。再过一个月，隧道最终方案将定稿，报告将以中国工程院的名义上报国务院。本文就分析中国建这个世界最长的海底隧道靠不靠谱。王梦恕院士忽悠称隧道12年收回成本负责该项目论证的中国工程院院士王梦恕在2012年5月带着国家拨付的3', '2013-07-14 08:19:41'),
(2, 3, '使用 SpiritManager 类管理在 XNA 游戏中的精灵（十四） ', '', '', '/30/show/87', '平方已经开发了一些 Windows Phone 上的一些游戏，算不上什么技术大牛。在这里分享一下经验，仅为了和各位朋友交流经验。平方会逐步将自己编写的类上传到托管项目中，没有什么好名字，就叫 WPXNA 吧，最后请高手绕道而行吧，以免浪费时间。（为了突出重点和减少篇幅，有些示例代码可能不够严谨。）SpiritManager&lt;T&gt;SpiritManager&lt;T&gt; 包含了一些管', '2013-07-20 13:49:00'),
(3, 4, '使用 SpiritManager 类管理在 XNA 游戏中的精灵（十四） ', '', '', '/30/show/87', '平方已经开发了一些 Windows Phone 上的一些游戏，算不上什么技术大牛。在这里分享一下经验，仅为了和各位朋友交流经验。平方会逐步将自己编写的类上传到托管项目中，没有什么好名字，就叫 WPXNA 吧，最后请高手绕道而行吧，以免浪费时间。（为了突出重点和减少篇幅，有些示例代码可能不够严谨。）SpiritManager&lt;T&gt;SpiritManager&lt;T&gt; 包含了一些管', '2013-07-20 13:49:00'),
(4, 2, '使用 SpiritManager 类管理在 XNA 游戏中的精灵（十四） ', '', '', '/30/show/87', '平方已经开发了一些 Windows Phone 上的一些游戏，算不上什么技术大牛。在这里分享一下经验，仅为了和各位朋友交流经验。平方会逐步将自己编写的类上传到托管项目中，没有什么好名字，就叫 WPXNA 吧，最后请高手绕道而行吧，以免浪费时间。（为了突出重点和减少篇幅，有些示例代码可能不够严谨。）SpiritManager&lt;T&gt;SpiritManager&lt;T&gt; 包含了一些管', '2013-07-20 13:49:00'),
(6, 3, 'aaa', '', '', '/31/show/88', 'aaa', '2013-07-21 12:54:40'),
(7, 3, 'aaa', '', '', '/31/show/88', 'aaa', '2013-07-21 12:54:45'),
(8, 3, 'aaa', '', '', '/31/show/88', 'aaa', '2013-07-21 12:54:55'),
(9, 3, 'aaa', '', '', '/31/show/88', 'aaa', '2013-07-21 12:55:06'),
(10, 3, '我的三星i9100发彩信一直提示发送中', '', '', '/19/show/86', '我有恢复出厂设置，海卓一键apn，网络也打开了，可是还是不行一直提示发送中，收也是提示下载中，我真的没办法了GPRS是否打开，网络设置(APN、用户、密码、MMSC、代理服务器地址等等)是否正确，如果都没有问题，拿去营业厅让服务员帮你设置看看，还不行只能刷机或者找专业维修人员了。', '2013-07-21 13:09:12'),
(11, 66, '使用 SpiritManager 类管理在 XNA 游戏中的精灵（十四） ', '', '', '/30/show/87', '平方已经开发了一些 Windows Phone 上的一些游戏，算不上什么技术大牛。在这里分享一下经验，仅为了和各位朋友交流经验。平方会逐步将自己编写的类上传到托管项目中，没有什么好名字，就叫 WPXNA 吧，最后请高手绕道而行吧，以免浪费时间。（为了突出重点和减少篇幅，有些示例代码可能不够严谨。）SpiritManager&lt;T&gt;SpiritManager&lt;T&gt; 包含了一些管', '2013-07-21 14:08:18'),
(12, 49, '使用 SpiritManager 类管理在 XNA 游戏中的精灵（十四） ', '', '', '/30/show/87', '平方已经开发了一些 Windows Phone 上的一些游戏，算不上什么技术大牛。在这里分享一下经验，仅为了和各位朋友交流经验。平方会逐步将自己编写的类上传到托管项目中，没有什么好名字，就叫 WPXNA 吧，最后请高手绕道而行吧，以免浪费时间。（为了突出重点和减少篇幅，有些示例代码可能不够严谨。）SpiritManager&lt;T&gt;SpiritManager&lt;T&gt; 包含了一些管', '2013-07-21 14:08:19'),
(13, 48, '使用 SpiritManager 类管理在 XNA 游戏中的精灵（十四） ', '', '', '/30/show/87', '平方已经开发了一些 Windows Phone 上的一些游戏，算不上什么技术大牛。在这里分享一下经验，仅为了和各位朋友交流经验。平方会逐步将自己编写的类上传到托管项目中，没有什么好名字，就叫 WPXNA 吧，最后请高手绕道而行吧，以免浪费时间。（为了突出重点和减少篇幅，有些示例代码可能不够严谨。）SpiritManager&lt;T&gt;SpiritManager&lt;T&gt; 包含了一些管', '2013-07-21 14:08:19'),
(14, 47, '使用 SpiritManager 类管理在 XNA 游戏中的精灵（十四） ', '', '', '/30/show/87', '平方已经开发了一些 Windows Phone 上的一些游戏，算不上什么技术大牛。在这里分享一下经验，仅为了和各位朋友交流经验。平方会逐步将自己编写的类上传到托管项目中，没有什么好名字，就叫 WPXNA 吧，最后请高手绕道而行吧，以免浪费时间。（为了突出重点和减少篇幅，有些示例代码可能不够严谨。）SpiritManager&lt;T&gt;SpiritManager&lt;T&gt; 包含了一些管', '2013-07-21 14:08:19'),
(15, 46, '使用 SpiritManager 类管理在 XNA 游戏中的精灵（十四） ', '', '', '/30/show/87', '平方已经开发了一些 Windows Phone 上的一些游戏，算不上什么技术大牛。在这里分享一下经验，仅为了和各位朋友交流经验。平方会逐步将自己编写的类上传到托管项目中，没有什么好名字，就叫 WPXNA 吧，最后请高手绕道而行吧，以免浪费时间。（为了突出重点和减少篇幅，有些示例代码可能不够严谨。）SpiritManager&lt;T&gt;SpiritManager&lt;T&gt; 包含了一些管', '2013-07-21 14:08:19'),
(16, 45, '使用 SpiritManager 类管理在 XNA 游戏中的精灵（十四） ', '', '', '/30/show/87', '平方已经开发了一些 Windows Phone 上的一些游戏，算不上什么技术大牛。在这里分享一下经验，仅为了和各位朋友交流经验。平方会逐步将自己编写的类上传到托管项目中，没有什么好名字，就叫 WPXNA 吧，最后请高手绕道而行吧，以免浪费时间。（为了突出重点和减少篇幅，有些示例代码可能不够严谨。）SpiritManager&lt;T&gt;SpiritManager&lt;T&gt; 包含了一些管', '2013-07-21 14:08:19'),
(17, 44, '使用 SpiritManager 类管理在 XNA 游戏中的精灵（十四） ', '', '', '/30/show/87', '平方已经开发了一些 Windows Phone 上的一些游戏，算不上什么技术大牛。在这里分享一下经验，仅为了和各位朋友交流经验。平方会逐步将自己编写的类上传到托管项目中，没有什么好名字，就叫 WPXNA 吧，最后请高手绕道而行吧，以免浪费时间。（为了突出重点和减少篇幅，有些示例代码可能不够严谨。）SpiritManager&lt;T&gt;SpiritManager&lt;T&gt; 包含了一些管', '2013-07-21 14:08:19'),
(18, 43, '使用 SpiritManager 类管理在 XNA 游戏中的精灵（十四） ', '', '', '/30/show/87', '平方已经开发了一些 Windows Phone 上的一些游戏，算不上什么技术大牛。在这里分享一下经验，仅为了和各位朋友交流经验。平方会逐步将自己编写的类上传到托管项目中，没有什么好名字，就叫 WPXNA 吧，最后请高手绕道而行吧，以免浪费时间。（为了突出重点和减少篇幅，有些示例代码可能不够严谨。）SpiritManager&lt;T&gt;SpiritManager&lt;T&gt; 包含了一些管', '2013-07-21 14:08:19'),
(19, 42, '使用 SpiritManager 类管理在 XNA 游戏中的精灵（十四） ', '', '', '/30/show/87', '平方已经开发了一些 Windows Phone 上的一些游戏，算不上什么技术大牛。在这里分享一下经验，仅为了和各位朋友交流经验。平方会逐步将自己编写的类上传到托管项目中，没有什么好名字，就叫 WPXNA 吧，最后请高手绕道而行吧，以免浪费时间。（为了突出重点和减少篇幅，有些示例代码可能不够严谨。）SpiritManager&lt;T&gt;SpiritManager&lt;T&gt; 包含了一些管', '2013-07-21 14:08:19'),
(20, 41, '使用 SpiritManager 类管理在 XNA 游戏中的精灵（十四） ', '', '', '/30/show/87', '平方已经开发了一些 Windows Phone 上的一些游戏，算不上什么技术大牛。在这里分享一下经验，仅为了和各位朋友交流经验。平方会逐步将自己编写的类上传到托管项目中，没有什么好名字，就叫 WPXNA 吧，最后请高手绕道而行吧，以免浪费时间。（为了突出重点和减少篇幅，有些示例代码可能不够严谨。）SpiritManager&lt;T&gt;SpiritManager&lt;T&gt; 包含了一些管', '2013-07-21 14:08:19'),
(21, 40, '使用 SpiritManager 类管理在 XNA 游戏中的精灵（十四） ', '', '', '/30/show/87', '平方已经开发了一些 Windows Phone 上的一些游戏，算不上什么技术大牛。在这里分享一下经验，仅为了和各位朋友交流经验。平方会逐步将自己编写的类上传到托管项目中，没有什么好名字，就叫 WPXNA 吧，最后请高手绕道而行吧，以免浪费时间。（为了突出重点和减少篇幅，有些示例代码可能不够严谨。）SpiritManager&lt;T&gt;SpiritManager&lt;T&gt; 包含了一些管', '2013-07-21 14:08:19'),
(22, 39, '使用 SpiritManager 类管理在 XNA 游戏中的精灵（十四） ', '', '', '/30/show/87', '平方已经开发了一些 Windows Phone 上的一些游戏，算不上什么技术大牛。在这里分享一下经验，仅为了和各位朋友交流经验。平方会逐步将自己编写的类上传到托管项目中，没有什么好名字，就叫 WPXNA 吧，最后请高手绕道而行吧，以免浪费时间。（为了突出重点和减少篇幅，有些示例代码可能不够严谨。）SpiritManager&lt;T&gt;SpiritManager&lt;T&gt; 包含了一些管', '2013-07-21 14:08:19'),
(23, 38, '使用 SpiritManager 类管理在 XNA 游戏中的精灵（十四） ', '', '', '/30/show/87', '平方已经开发了一些 Windows Phone 上的一些游戏，算不上什么技术大牛。在这里分享一下经验，仅为了和各位朋友交流经验。平方会逐步将自己编写的类上传到托管项目中，没有什么好名字，就叫 WPXNA 吧，最后请高手绕道而行吧，以免浪费时间。（为了突出重点和减少篇幅，有些示例代码可能不够严谨。）SpiritManager&lt;T&gt;SpiritManager&lt;T&gt; 包含了一些管', '2013-07-21 14:08:19'),
(24, 37, '使用 SpiritManager 类管理在 XNA 游戏中的精灵（十四） ', '', '', '/30/show/87', '平方已经开发了一些 Windows Phone 上的一些游戏，算不上什么技术大牛。在这里分享一下经验，仅为了和各位朋友交流经验。平方会逐步将自己编写的类上传到托管项目中，没有什么好名字，就叫 WPXNA 吧，最后请高手绕道而行吧，以免浪费时间。（为了突出重点和减少篇幅，有些示例代码可能不够严谨。）SpiritManager&lt;T&gt;SpiritManager&lt;T&gt; 包含了一些管', '2013-07-21 14:08:19'),
(25, 36, '使用 SpiritManager 类管理在 XNA 游戏中的精灵（十四） ', '', '', '/30/show/87', '平方已经开发了一些 Windows Phone 上的一些游戏，算不上什么技术大牛。在这里分享一下经验，仅为了和各位朋友交流经验。平方会逐步将自己编写的类上传到托管项目中，没有什么好名字，就叫 WPXNA 吧，最后请高手绕道而行吧，以免浪费时间。（为了突出重点和减少篇幅，有些示例代码可能不够严谨。）SpiritManager&lt;T&gt;SpiritManager&lt;T&gt; 包含了一些管', '2013-07-21 14:08:20'),
(26, 50, '使用 SpiritManager 类管理在 XNA 游戏中的精灵（十四） ', '', '', '/30/show/87', '平方已经开发了一些 Windows Phone 上的一些游戏，算不上什么技术大牛。在这里分享一下经验，仅为了和各位朋友交流经验。平方会逐步将自己编写的类上传到托管项目中，没有什么好名字，就叫 WPXNA 吧，最后请高手绕道而行吧，以免浪费时间。（为了突出重点和减少篇幅，有些示例代码可能不够严谨。）SpiritManager&lt;T&gt;SpiritManager&lt;T&gt; 包含了一些管', '2013-07-21 14:08:20'),
(27, 51, '使用 SpiritManager 类管理在 XNA 游戏中的精灵（十四） ', '', '', '/30/show/87', '平方已经开发了一些 Windows Phone 上的一些游戏，算不上什么技术大牛。在这里分享一下经验，仅为了和各位朋友交流经验。平方会逐步将自己编写的类上传到托管项目中，没有什么好名字，就叫 WPXNA 吧，最后请高手绕道而行吧，以免浪费时间。（为了突出重点和减少篇幅，有些示例代码可能不够严谨。）SpiritManager&lt;T&gt;SpiritManager&lt;T&gt; 包含了一些管', '2013-07-21 14:08:20'),
(28, 65, '使用 SpiritManager 类管理在 XNA 游戏中的精灵（十四） ', '', '', '/30/show/87', '平方已经开发了一些 Windows Phone 上的一些游戏，算不上什么技术大牛。在这里分享一下经验，仅为了和各位朋友交流经验。平方会逐步将自己编写的类上传到托管项目中，没有什么好名字，就叫 WPXNA 吧，最后请高手绕道而行吧，以免浪费时间。（为了突出重点和减少篇幅，有些示例代码可能不够严谨。）SpiritManager&lt;T&gt;SpiritManager&lt;T&gt; 包含了一些管', '2013-07-21 14:08:20'),
(29, 64, '使用 SpiritManager 类管理在 XNA 游戏中的精灵（十四） ', '', '', '/30/show/87', '平方已经开发了一些 Windows Phone 上的一些游戏，算不上什么技术大牛。在这里分享一下经验，仅为了和各位朋友交流经验。平方会逐步将自己编写的类上传到托管项目中，没有什么好名字，就叫 WPXNA 吧，最后请高手绕道而行吧，以免浪费时间。（为了突出重点和减少篇幅，有些示例代码可能不够严谨。）SpiritManager&lt;T&gt;SpiritManager&lt;T&gt; 包含了一些管', '2013-07-21 14:08:20'),
(30, 63, '使用 SpiritManager 类管理在 XNA 游戏中的精灵（十四） ', '', '', '/30/show/87', '平方已经开发了一些 Windows Phone 上的一些游戏，算不上什么技术大牛。在这里分享一下经验，仅为了和各位朋友交流经验。平方会逐步将自己编写的类上传到托管项目中，没有什么好名字，就叫 WPXNA 吧，最后请高手绕道而行吧，以免浪费时间。（为了突出重点和减少篇幅，有些示例代码可能不够严谨。）SpiritManager&lt;T&gt;SpiritManager&lt;T&gt; 包含了一些管', '2013-07-21 14:08:20'),
(31, 62, '使用 SpiritManager 类管理在 XNA 游戏中的精灵（十四） ', '', '', '/30/show/87', '平方已经开发了一些 Windows Phone 上的一些游戏，算不上什么技术大牛。在这里分享一下经验，仅为了和各位朋友交流经验。平方会逐步将自己编写的类上传到托管项目中，没有什么好名字，就叫 WPXNA 吧，最后请高手绕道而行吧，以免浪费时间。（为了突出重点和减少篇幅，有些示例代码可能不够严谨。）SpiritManager&lt;T&gt;SpiritManager&lt;T&gt; 包含了一些管', '2013-07-21 14:08:20'),
(32, 61, '使用 SpiritManager 类管理在 XNA 游戏中的精灵（十四） ', '', '', '/30/show/87', '平方已经开发了一些 Windows Phone 上的一些游戏，算不上什么技术大牛。在这里分享一下经验，仅为了和各位朋友交流经验。平方会逐步将自己编写的类上传到托管项目中，没有什么好名字，就叫 WPXNA 吧，最后请高手绕道而行吧，以免浪费时间。（为了突出重点和减少篇幅，有些示例代码可能不够严谨。）SpiritManager&lt;T&gt;SpiritManager&lt;T&gt; 包含了一些管', '2013-07-21 14:08:20'),
(33, 60, '使用 SpiritManager 类管理在 XNA 游戏中的精灵（十四） ', '', '', '/30/show/87', '平方已经开发了一些 Windows Phone 上的一些游戏，算不上什么技术大牛。在这里分享一下经验，仅为了和各位朋友交流经验。平方会逐步将自己编写的类上传到托管项目中，没有什么好名字，就叫 WPXNA 吧，最后请高手绕道而行吧，以免浪费时间。（为了突出重点和减少篇幅，有些示例代码可能不够严谨。）SpiritManager&lt;T&gt;SpiritManager&lt;T&gt; 包含了一些管', '2013-07-21 14:08:20'),
(34, 59, '使用 SpiritManager 类管理在 XNA 游戏中的精灵（十四） ', '', '', '/30/show/87', '平方已经开发了一些 Windows Phone 上的一些游戏，算不上什么技术大牛。在这里分享一下经验，仅为了和各位朋友交流经验。平方会逐步将自己编写的类上传到托管项目中，没有什么好名字，就叫 WPXNA 吧，最后请高手绕道而行吧，以免浪费时间。（为了突出重点和减少篇幅，有些示例代码可能不够严谨。）SpiritManager&lt;T&gt;SpiritManager&lt;T&gt; 包含了一些管', '2013-07-21 14:08:20'),
(35, 58, '使用 SpiritManager 类管理在 XNA 游戏中的精灵（十四） ', '', '', '/30/show/87', '平方已经开发了一些 Windows Phone 上的一些游戏，算不上什么技术大牛。在这里分享一下经验，仅为了和各位朋友交流经验。平方会逐步将自己编写的类上传到托管项目中，没有什么好名字，就叫 WPXNA 吧，最后请高手绕道而行吧，以免浪费时间。（为了突出重点和减少篇幅，有些示例代码可能不够严谨。）SpiritManager&lt;T&gt;SpiritManager&lt;T&gt; 包含了一些管', '2013-07-21 14:08:20'),
(36, 57, '使用 SpiritManager 类管理在 XNA 游戏中的精灵（十四） ', '', '', '/30/show/87', '平方已经开发了一些 Windows Phone 上的一些游戏，算不上什么技术大牛。在这里分享一下经验，仅为了和各位朋友交流经验。平方会逐步将自己编写的类上传到托管项目中，没有什么好名字，就叫 WPXNA 吧，最后请高手绕道而行吧，以免浪费时间。（为了突出重点和减少篇幅，有些示例代码可能不够严谨。）SpiritManager&lt;T&gt;SpiritManager&lt;T&gt; 包含了一些管', '2013-07-21 14:08:20'),
(37, 56, '使用 SpiritManager 类管理在 XNA 游戏中的精灵（十四） ', '', '', '/30/show/87', '平方已经开发了一些 Windows Phone 上的一些游戏，算不上什么技术大牛。在这里分享一下经验，仅为了和各位朋友交流经验。平方会逐步将自己编写的类上传到托管项目中，没有什么好名字，就叫 WPXNA 吧，最后请高手绕道而行吧，以免浪费时间。（为了突出重点和减少篇幅，有些示例代码可能不够严谨。）SpiritManager&lt;T&gt;SpiritManager&lt;T&gt; 包含了一些管', '2013-07-21 14:08:20'),
(38, 55, '使用 SpiritManager 类管理在 XNA 游戏中的精灵（十四） ', '', '', '/30/show/87', '平方已经开发了一些 Windows Phone 上的一些游戏，算不上什么技术大牛。在这里分享一下经验，仅为了和各位朋友交流经验。平方会逐步将自己编写的类上传到托管项目中，没有什么好名字，就叫 WPXNA 吧，最后请高手绕道而行吧，以免浪费时间。（为了突出重点和减少篇幅，有些示例代码可能不够严谨。）SpiritManager&lt;T&gt;SpiritManager&lt;T&gt; 包含了一些管', '2013-07-21 14:08:20'),
(39, 54, '使用 SpiritManager 类管理在 XNA 游戏中的精灵（十四） ', '', '', '/30/show/87', '平方已经开发了一些 Windows Phone 上的一些游戏，算不上什么技术大牛。在这里分享一下经验，仅为了和各位朋友交流经验。平方会逐步将自己编写的类上传到托管项目中，没有什么好名字，就叫 WPXNA 吧，最后请高手绕道而行吧，以免浪费时间。（为了突出重点和减少篇幅，有些示例代码可能不够严谨。）SpiritManager&lt;T&gt;SpiritManager&lt;T&gt; 包含了一些管', '2013-07-21 14:08:20'),
(40, 53, '使用 SpiritManager 类管理在 XNA 游戏中的精灵（十四） ', '', '', '/30/show/87', '平方已经开发了一些 Windows Phone 上的一些游戏，算不上什么技术大牛。在这里分享一下经验，仅为了和各位朋友交流经验。平方会逐步将自己编写的类上传到托管项目中，没有什么好名字，就叫 WPXNA 吧，最后请高手绕道而行吧，以免浪费时间。（为了突出重点和减少篇幅，有些示例代码可能不够严谨。）SpiritManager&lt;T&gt;SpiritManager&lt;T&gt; 包含了一些管', '2013-07-21 14:08:20'),
(41, 52, '使用 SpiritManager 类管理在 XNA 游戏中的精灵（十四） ', '', '', '/30/show/87', '平方已经开发了一些 Windows Phone 上的一些游戏，算不上什么技术大牛。在这里分享一下经验，仅为了和各位朋友交流经验。平方会逐步将自己编写的类上传到托管项目中，没有什么好名字，就叫 WPXNA 吧，最后请高手绕道而行吧，以免浪费时间。（为了突出重点和减少篇幅，有些示例代码可能不够严谨。）SpiritManager&lt;T&gt;SpiritManager&lt;T&gt; 包含了一些管', '2013-07-21 14:08:21'),
(42, 35, '使用 SpiritManager 类管理在 XNA 游戏中的精灵（十四） ', '', '', '/30/show/87', '平方已经开发了一些 Windows Phone 上的一些游戏，算不上什么技术大牛。在这里分享一下经验，仅为了和各位朋友交流经验。平方会逐步将自己编写的类上传到托管项目中，没有什么好名字，就叫 WPXNA 吧，最后请高手绕道而行吧，以免浪费时间。（为了突出重点和减少篇幅，有些示例代码可能不够严谨。）SpiritManager&lt;T&gt;SpiritManager&lt;T&gt; 包含了一些管', '2013-07-21 14:08:21'),
(43, 34, '使用 SpiritManager 类管理在 XNA 游戏中的精灵（十四） ', '', '', '/30/show/87', '平方已经开发了一些 Windows Phone 上的一些游戏，算不上什么技术大牛。在这里分享一下经验，仅为了和各位朋友交流经验。平方会逐步将自己编写的类上传到托管项目中，没有什么好名字，就叫 WPXNA 吧，最后请高手绕道而行吧，以免浪费时间。（为了突出重点和减少篇幅，有些示例代码可能不够严谨。）SpiritManager&lt;T&gt;SpiritManager&lt;T&gt; 包含了一些管', '2013-07-21 14:08:21'),
(44, 18, '使用 SpiritManager 类管理在 XNA 游戏中的精灵（十四） ', '', '', '/30/show/87', '平方已经开发了一些 Windows Phone 上的一些游戏，算不上什么技术大牛。在这里分享一下经验，仅为了和各位朋友交流经验。平方会逐步将自己编写的类上传到托管项目中，没有什么好名字，就叫 WPXNA 吧，最后请高手绕道而行吧，以免浪费时间。（为了突出重点和减少篇幅，有些示例代码可能不够严谨。）SpiritManager&lt;T&gt;SpiritManager&lt;T&gt; 包含了一些管', '2013-07-21 14:08:21'),
(45, 17, '使用 SpiritManager 类管理在 XNA 游戏中的精灵（十四） ', '', '', '/30/show/87', '平方已经开发了一些 Windows Phone 上的一些游戏，算不上什么技术大牛。在这里分享一下经验，仅为了和各位朋友交流经验。平方会逐步将自己编写的类上传到托管项目中，没有什么好名字，就叫 WPXNA 吧，最后请高手绕道而行吧，以免浪费时间。（为了突出重点和减少篇幅，有些示例代码可能不够严谨。）SpiritManager&lt;T&gt;SpiritManager&lt;T&gt; 包含了一些管', '2013-07-21 14:08:21'),
(46, 16, '使用 SpiritManager 类管理在 XNA 游戏中的精灵（十四） ', '', '', '/30/show/87', '平方已经开发了一些 Windows Phone 上的一些游戏，算不上什么技术大牛。在这里分享一下经验，仅为了和各位朋友交流经验。平方会逐步将自己编写的类上传到托管项目中，没有什么好名字，就叫 WPXNA 吧，最后请高手绕道而行吧，以免浪费时间。（为了突出重点和减少篇幅，有些示例代码可能不够严谨。）SpiritManager&lt;T&gt;SpiritManager&lt;T&gt; 包含了一些管', '2013-07-21 14:08:21'),
(47, 15, '使用 SpiritManager 类管理在 XNA 游戏中的精灵（十四） ', '', '', '/30/show/87', '平方已经开发了一些 Windows Phone 上的一些游戏，算不上什么技术大牛。在这里分享一下经验，仅为了和各位朋友交流经验。平方会逐步将自己编写的类上传到托管项目中，没有什么好名字，就叫 WPXNA 吧，最后请高手绕道而行吧，以免浪费时间。（为了突出重点和减少篇幅，有些示例代码可能不够严谨。）SpiritManager&lt;T&gt;SpiritManager&lt;T&gt; 包含了一些管', '2013-07-21 14:08:21'),
(48, 14, '使用 SpiritManager 类管理在 XNA 游戏中的精灵（十四） ', '', '', '/30/show/87', '平方已经开发了一些 Windows Phone 上的一些游戏，算不上什么技术大牛。在这里分享一下经验，仅为了和各位朋友交流经验。平方会逐步将自己编写的类上传到托管项目中，没有什么好名字，就叫 WPXNA 吧，最后请高手绕道而行吧，以免浪费时间。（为了突出重点和减少篇幅，有些示例代码可能不够严谨。）SpiritManager&lt;T&gt;SpiritManager&lt;T&gt; 包含了一些管', '2013-07-21 14:08:21'),
(49, 13, '使用 SpiritManager 类管理在 XNA 游戏中的精灵（十四） ', '', '', '/30/show/87', '平方已经开发了一些 Windows Phone 上的一些游戏，算不上什么技术大牛。在这里分享一下经验，仅为了和各位朋友交流经验。平方会逐步将自己编写的类上传到托管项目中，没有什么好名字，就叫 WPXNA 吧，最后请高手绕道而行吧，以免浪费时间。（为了突出重点和减少篇幅，有些示例代码可能不够严谨。）SpiritManager&lt;T&gt;SpiritManager&lt;T&gt; 包含了一些管', '2013-07-21 14:08:21'),
(50, 12, '使用 SpiritManager 类管理在 XNA 游戏中的精灵（十四） ', '', '', '/30/show/87', '平方已经开发了一些 Windows Phone 上的一些游戏，算不上什么技术大牛。在这里分享一下经验，仅为了和各位朋友交流经验。平方会逐步将自己编写的类上传到托管项目中，没有什么好名字，就叫 WPXNA 吧，最后请高手绕道而行吧，以免浪费时间。（为了突出重点和减少篇幅，有些示例代码可能不够严谨。）SpiritManager&lt;T&gt;SpiritManager&lt;T&gt; 包含了一些管', '2013-07-21 14:08:21'),
(51, 11, '使用 SpiritManager 类管理在 XNA 游戏中的精灵（十四） ', '', '', '/30/show/87', '平方已经开发了一些 Windows Phone 上的一些游戏，算不上什么技术大牛。在这里分享一下经验，仅为了和各位朋友交流经验。平方会逐步将自己编写的类上传到托管项目中，没有什么好名字，就叫 WPXNA 吧，最后请高手绕道而行吧，以免浪费时间。（为了突出重点和减少篇幅，有些示例代码可能不够严谨。）SpiritManager&lt;T&gt;SpiritManager&lt;T&gt; 包含了一些管', '2013-07-21 14:08:21'),
(52, 10, '使用 SpiritManager 类管理在 XNA 游戏中的精灵（十四） ', '', '', '/30/show/87', '平方已经开发了一些 Windows Phone 上的一些游戏，算不上什么技术大牛。在这里分享一下经验，仅为了和各位朋友交流经验。平方会逐步将自己编写的类上传到托管项目中，没有什么好名字，就叫 WPXNA 吧，最后请高手绕道而行吧，以免浪费时间。（为了突出重点和减少篇幅，有些示例代码可能不够严谨。）SpiritManager&lt;T&gt;SpiritManager&lt;T&gt; 包含了一些管', '2013-07-21 14:08:21'),
(53, 9, '使用 SpiritManager 类管理在 XNA 游戏中的精灵（十四） ', '', '', '/30/show/87', '平方已经开发了一些 Windows Phone 上的一些游戏，算不上什么技术大牛。在这里分享一下经验，仅为了和各位朋友交流经验。平方会逐步将自己编写的类上传到托管项目中，没有什么好名字，就叫 WPXNA 吧，最后请高手绕道而行吧，以免浪费时间。（为了突出重点和减少篇幅，有些示例代码可能不够严谨。）SpiritManager&lt;T&gt;SpiritManager&lt;T&gt; 包含了一些管', '2013-07-21 14:08:21'),
(54, 8, '使用 SpiritManager 类管理在 XNA 游戏中的精灵（十四） ', '', '', '/30/show/87', '平方已经开发了一些 Windows Phone 上的一些游戏，算不上什么技术大牛。在这里分享一下经验，仅为了和各位朋友交流经验。平方会逐步将自己编写的类上传到托管项目中，没有什么好名字，就叫 WPXNA 吧，最后请高手绕道而行吧，以免浪费时间。（为了突出重点和减少篇幅，有些示例代码可能不够严谨。）SpiritManager&lt;T&gt;SpiritManager&lt;T&gt; 包含了一些管', '2013-07-21 14:08:21'),
(55, 7, '使用 SpiritManager 类管理在 XNA 游戏中的精灵（十四） ', '', '', '/30/show/87', '平方已经开发了一些 Windows Phone 上的一些游戏，算不上什么技术大牛。在这里分享一下经验，仅为了和各位朋友交流经验。平方会逐步将自己编写的类上传到托管项目中，没有什么好名字，就叫 WPXNA 吧，最后请高手绕道而行吧，以免浪费时间。（为了突出重点和减少篇幅，有些示例代码可能不够严谨。）SpiritManager&lt;T&gt;SpiritManager&lt;T&gt; 包含了一些管', '2013-07-21 14:08:21'),
(56, 20, '使用 SpiritManager 类管理在 XNA 游戏中的精灵（十四） ', '', '', '/30/show/87', '平方已经开发了一些 Windows Phone 上的一些游戏，算不上什么技术大牛。在这里分享一下经验，仅为了和各位朋友交流经验。平方会逐步将自己编写的类上传到托管项目中，没有什么好名字，就叫 WPXNA 吧，最后请高手绕道而行吧，以免浪费时间。（为了突出重点和减少篇幅，有些示例代码可能不够严谨。）SpiritManager&lt;T&gt;SpiritManager&lt;T&gt; 包含了一些管', '2013-07-21 14:08:21'),
(57, 21, '使用 SpiritManager 类管理在 XNA 游戏中的精灵（十四） ', '', '', '/30/show/87', '平方已经开发了一些 Windows Phone 上的一些游戏，算不上什么技术大牛。在这里分享一下经验，仅为了和各位朋友交流经验。平方会逐步将自己编写的类上传到托管项目中，没有什么好名字，就叫 WPXNA 吧，最后请高手绕道而行吧，以免浪费时间。（为了突出重点和减少篇幅，有些示例代码可能不够严谨。）SpiritManager&lt;T&gt;SpiritManager&lt;T&gt; 包含了一些管', '2013-07-21 14:08:21'),
(58, 33, '使用 SpiritManager 类管理在 XNA 游戏中的精灵（十四） ', '', '', '/30/show/87', '平方已经开发了一些 Windows Phone 上的一些游戏，算不上什么技术大牛。在这里分享一下经验，仅为了和各位朋友交流经验。平方会逐步将自己编写的类上传到托管项目中，没有什么好名字，就叫 WPXNA 吧，最后请高手绕道而行吧，以免浪费时间。（为了突出重点和减少篇幅，有些示例代码可能不够严谨。）SpiritManager&lt;T&gt;SpiritManager&lt;T&gt; 包含了一些管', '2013-07-21 14:08:22'),
(59, 32, '使用 SpiritManager 类管理在 XNA 游戏中的精灵（十四） ', '', '', '/30/show/87', '平方已经开发了一些 Windows Phone 上的一些游戏，算不上什么技术大牛。在这里分享一下经验，仅为了和各位朋友交流经验。平方会逐步将自己编写的类上传到托管项目中，没有什么好名字，就叫 WPXNA 吧，最后请高手绕道而行吧，以免浪费时间。（为了突出重点和减少篇幅，有些示例代码可能不够严谨。）SpiritManager&lt;T&gt;SpiritManager&lt;T&gt; 包含了一些管', '2013-07-21 14:08:22'),
(60, 31, '使用 SpiritManager 类管理在 XNA 游戏中的精灵（十四） ', '', '', '/30/show/87', '平方已经开发了一些 Windows Phone 上的一些游戏，算不上什么技术大牛。在这里分享一下经验，仅为了和各位朋友交流经验。平方会逐步将自己编写的类上传到托管项目中，没有什么好名字，就叫 WPXNA 吧，最后请高手绕道而行吧，以免浪费时间。（为了突出重点和减少篇幅，有些示例代码可能不够严谨。）SpiritManager&lt;T&gt;SpiritManager&lt;T&gt; 包含了一些管', '2013-07-21 14:08:22'),
(61, 30, '使用 SpiritManager 类管理在 XNA 游戏中的精灵（十四） ', '', '', '/30/show/87', '平方已经开发了一些 Windows Phone 上的一些游戏，算不上什么技术大牛。在这里分享一下经验，仅为了和各位朋友交流经验。平方会逐步将自己编写的类上传到托管项目中，没有什么好名字，就叫 WPXNA 吧，最后请高手绕道而行吧，以免浪费时间。（为了突出重点和减少篇幅，有些示例代码可能不够严谨。）SpiritManager&lt;T&gt;SpiritManager&lt;T&gt; 包含了一些管', '2013-07-21 14:08:22'),
(62, 29, '使用 SpiritManager 类管理在 XNA 游戏中的精灵（十四） ', '', '', '/30/show/87', '平方已经开发了一些 Windows Phone 上的一些游戏，算不上什么技术大牛。在这里分享一下经验，仅为了和各位朋友交流经验。平方会逐步将自己编写的类上传到托管项目中，没有什么好名字，就叫 WPXNA 吧，最后请高手绕道而行吧，以免浪费时间。（为了突出重点和减少篇幅，有些示例代码可能不够严谨。）SpiritManager&lt;T&gt;SpiritManager&lt;T&gt; 包含了一些管', '2013-07-21 14:08:22'),
(63, 28, '使用 SpiritManager 类管理在 XNA 游戏中的精灵（十四） ', '', '', '/30/show/87', '平方已经开发了一些 Windows Phone 上的一些游戏，算不上什么技术大牛。在这里分享一下经验，仅为了和各位朋友交流经验。平方会逐步将自己编写的类上传到托管项目中，没有什么好名字，就叫 WPXNA 吧，最后请高手绕道而行吧，以免浪费时间。（为了突出重点和减少篇幅，有些示例代码可能不够严谨。）SpiritManager&lt;T&gt;SpiritManager&lt;T&gt; 包含了一些管', '2013-07-21 14:08:22'),
(64, 27, '使用 SpiritManager 类管理在 XNA 游戏中的精灵（十四） ', '', '', '/30/show/87', '平方已经开发了一些 Windows Phone 上的一些游戏，算不上什么技术大牛。在这里分享一下经验，仅为了和各位朋友交流经验。平方会逐步将自己编写的类上传到托管项目中，没有什么好名字，就叫 WPXNA 吧，最后请高手绕道而行吧，以免浪费时间。（为了突出重点和减少篇幅，有些示例代码可能不够严谨。）SpiritManager&lt;T&gt;SpiritManager&lt;T&gt; 包含了一些管', '2013-07-21 14:08:22'),
(65, 26, '使用 SpiritManager 类管理在 XNA 游戏中的精灵（十四） ', '', '', '/30/show/87', '平方已经开发了一些 Windows Phone 上的一些游戏，算不上什么技术大牛。在这里分享一下经验，仅为了和各位朋友交流经验。平方会逐步将自己编写的类上传到托管项目中，没有什么好名字，就叫 WPXNA 吧，最后请高手绕道而行吧，以免浪费时间。（为了突出重点和减少篇幅，有些示例代码可能不够严谨。）SpiritManager&lt;T&gt;SpiritManager&lt;T&gt; 包含了一些管', '2013-07-21 14:08:22'),
(66, 19, '使用 SpiritManager 类管理在 XNA 游戏中的精灵（十四） ', '', '', '/30/show/87', '平方已经开发了一些 Windows Phone 上的一些游戏，算不上什么技术大牛。在这里分享一下经验，仅为了和各位朋友交流经验。平方会逐步将自己编写的类上传到托管项目中，没有什么好名字，就叫 WPXNA 吧，最后请高手绕道而行吧，以免浪费时间。（为了突出重点和减少篇幅，有些示例代码可能不够严谨。）SpiritManager&lt;T&gt;SpiritManager&lt;T&gt; 包含了一些管', '2013-07-21 14:08:22'),
(67, 22, '使用 SpiritManager 类管理在 XNA 游戏中的精灵（十四） ', '', '', '/30/show/87', '平方已经开发了一些 Windows Phone 上的一些游戏，算不上什么技术大牛。在这里分享一下经验，仅为了和各位朋友交流经验。平方会逐步将自己编写的类上传到托管项目中，没有什么好名字，就叫 WPXNA 吧，最后请高手绕道而行吧，以免浪费时间。（为了突出重点和减少篇幅，有些示例代码可能不够严谨。）SpiritManager&lt;T&gt;SpiritManager&lt;T&gt; 包含了一些管', '2013-07-21 14:08:22'),
(68, 23, '使用 SpiritManager 类管理在 XNA 游戏中的精灵（十四） ', '', '', '/30/show/87', '平方已经开发了一些 Windows Phone 上的一些游戏，算不上什么技术大牛。在这里分享一下经验，仅为了和各位朋友交流经验。平方会逐步将自己编写的类上传到托管项目中，没有什么好名字，就叫 WPXNA 吧，最后请高手绕道而行吧，以免浪费时间。（为了突出重点和减少篇幅，有些示例代码可能不够严谨。）SpiritManager&lt;T&gt;SpiritManager&lt;T&gt; 包含了一些管', '2013-07-21 14:08:22'),
(69, 24, '使用 SpiritManager 类管理在 XNA 游戏中的精灵（十四） ', '', '', '/30/show/87', '平方已经开发了一些 Windows Phone 上的一些游戏，算不上什么技术大牛。在这里分享一下经验，仅为了和各位朋友交流经验。平方会逐步将自己编写的类上传到托管项目中，没有什么好名字，就叫 WPXNA 吧，最后请高手绕道而行吧，以免浪费时间。（为了突出重点和减少篇幅，有些示例代码可能不够严谨。）SpiritManager&lt;T&gt;SpiritManager&lt;T&gt; 包含了一些管', '2013-07-21 14:08:22'),
(70, 25, '使用 SpiritManager 类管理在 XNA 游戏中的精灵（十四） ', '', '', '/30/show/87', '平方已经开发了一些 Windows Phone 上的一些游戏，算不上什么技术大牛。在这里分享一下经验，仅为了和各位朋友交流经验。平方会逐步将自己编写的类上传到托管项目中，没有什么好名字，就叫 WPXNA 吧，最后请高手绕道而行吧，以免浪费时间。（为了突出重点和减少篇幅，有些示例代码可能不够严谨。）SpiritManager&lt;T&gt;SpiritManager&lt;T&gt; 包含了一些管', '2013-07-21 14:08:22'),
(71, 49, '我的三星i9100发彩信一直提示发送中', '', '', '/19/show/86', '我有恢复出厂设置，海卓一键apn，网络也打开了，可是还是不行一直提示发送中，收也是提示下载中，我真的没办法了GPRS是否打开，网络设置(APN、用户、密码、MMSC、代理服务器地址等等)是否正确，如果都没有问题，拿去营业厅让服务员帮你设置看看，还不行只能刷机或者找专业维修人员了。', '2013-07-22 09:56:26'),
(72, 19, '我的三星i9100发彩信一直提示发送中', '', '', '/19/show/86', '我有恢复出厂设置，海卓一键apn，网络也打开了，可是还是不行一直提示发送中，收也是提示下载中，我真的没办法了GPRS是否打开，网络设置(APN、用户、密码、MMSC、代理服务器地址等等)是否正确，如果都没有问题，拿去营业厅让服务员帮你设置看看，还不行只能刷机或者找专业维修人员了。', '2013-07-22 09:56:26'),
(73, 38, '刘植荣：建世界最长海底隧道靠谱吗？', '', 'blog/attachment/201307/12/161202bbc242a1-eaca-11e2-9211-5cff350c7bf5.jpeg', '/30/show/83', '2013年7月11日《时代周报》报道，中国或将投资2600亿建连接辽宁大连和山东烟台的世界最长海底隧道，全长123公里，火车运行速度能达到每小时220公里，交中国铁路总公司管理运营。再过一个月，隧道最终方案将定稿，报告将以中国工程院的名义上报国务院。本文就分析中国建这个世界最长的海底隧道靠不靠谱。王梦恕院士忽悠称隧道12年收回成本负责该项目论证的中国工程院院士王梦恕在2012年5月带着国家拨付的3', '2013-07-22 09:56:48'),
(74, 37, '刘植荣：建世界最长海底隧道靠谱吗？', '', 'blog/attachment/201307/12/161202bbc242a1-eaca-11e2-9211-5cff350c7bf5.jpeg', '/30/show/83', '2013年7月11日《时代周报》报道，中国或将投资2600亿建连接辽宁大连和山东烟台的世界最长海底隧道，全长123公里，火车运行速度能达到每小时220公里，交中国铁路总公司管理运营。再过一个月，隧道最终方案将定稿，报告将以中国工程院的名义上报国务院。本文就分析中国建这个世界最长的海底隧道靠不靠谱。王梦恕院士忽悠称隧道12年收回成本负责该项目论证的中国工程院院士王梦恕在2012年5月带着国家拨付的3', '2013-07-22 09:56:48'),
(75, 11, '刘植荣：建世界最长海底隧道靠谱吗？', '', 'blog/attachment/201307/12/161202bbc242a1-eaca-11e2-9211-5cff350c7bf5.jpeg', '/30/show/83', '2013年7月11日《时代周报》报道，中国或将投资2600亿建连接辽宁大连和山东烟台的世界最长海底隧道，全长123公里，火车运行速度能达到每小时220公里，交中国铁路总公司管理运营。再过一个月，隧道最终方案将定稿，报告将以中国工程院的名义上报国务院。本文就分析中国建这个世界最长的海底隧道靠不靠谱。王梦恕院士忽悠称隧道12年收回成本负责该项目论证的中国工程院院士王梦恕在2012年5月带着国家拨付的3', '2013-07-22 09:56:48'),
(76, 29, '刘植荣：建世界最长海底隧道靠谱吗？', '', 'blog/attachment/201307/12/161202bbc242a1-eaca-11e2-9211-5cff350c7bf5.jpeg', '/30/show/83', '2013年7月11日《时代周报》报道，中国或将投资2600亿建连接辽宁大连和山东烟台的世界最长海底隧道，全长123公里，火车运行速度能达到每小时220公里，交中国铁路总公司管理运营。再过一个月，隧道最终方案将定稿，报告将以中国工程院的名义上报国务院。本文就分析中国建这个世界最长的海底隧道靠不靠谱。王梦恕院士忽悠称隧道12年收回成本负责该项目论证的中国工程院院士王梦恕在2012年5月带着国家拨付的3', '2013-07-22 09:56:48'),
(77, 43, '太原市长耿彦波向知名房企推介城中村改造项目', '', '', '/30/show/69', '城中村改造，将为晋阳湖片区带来新的发展机遇 资料图片太原市委、市政府向国内知名房企推介城中村改造项目7月9日，太原暴雨。迎泽宾馆晋泽轩，太原市长耿彦波拿着自己亲手写的讲话稿，面对邀请来的近50家国内知名房地产开发企业老总，诚恳推介太原市34个城中村改造项目，以及部分棚户区改造项目。这是太原首次以市委、市政府名义，围绕城市改造项目，邀请国内知名大集团、大企业的老总们进行项目合作洽谈。在推介中，耿彦波', '2013-07-22 09:57:09'),
(78, 9, '太原市长耿彦波向知名房企推介城中村改造项目', '', '', '/30/show/69', '城中村改造，将为晋阳湖片区带来新的发展机遇 资料图片太原市委、市政府向国内知名房企推介城中村改造项目7月9日，太原暴雨。迎泽宾馆晋泽轩，太原市长耿彦波拿着自己亲手写的讲话稿，面对邀请来的近50家国内知名房地产开发企业老总，诚恳推介太原市34个城中村改造项目，以及部分棚户区改造项目。这是太原首次以市委、市政府名义，围绕城市改造项目，邀请国内知名大集团、大企业的老总们进行项目合作洽谈。在推介中，耿彦波', '2013-07-22 09:57:09'),
(79, 47, '澳门高度关注电讯营运商网络疑被黑客入侵事件', '', '', '/30/show/66', '原标题：澳门特区政府高度关注电讯营运商网络疑被境外黑客入侵事件国际在线消息（驻澳门记者徐艳清）：澳门司法警察局日前接到一间电讯营运商报案，怀疑有34个客户的电子邮箱曾遭不明身份境外黑客入侵。澳门行政长官崔世安10日表示，特区政府高度关注，并会全力保障各政府部门、商业机构以及广大居民的网络安全。澳门政府已依法开立刑事专案调查程序，以开展调查工作，初步资料显示，有关黑客IP地址位处香港地区及美国。崔世', '2013-07-22 09:57:45'),
(80, 37, '澳门高度关注电讯营运商网络疑被黑客入侵事件', '', '', '/30/show/66', '原标题：澳门特区政府高度关注电讯营运商网络疑被境外黑客入侵事件国际在线消息（驻澳门记者徐艳清）：澳门司法警察局日前接到一间电讯营运商报案，怀疑有34个客户的电子邮箱曾遭不明身份境外黑客入侵。澳门行政长官崔世安10日表示，特区政府高度关注，并会全力保障各政府部门、商业机构以及广大居民的网络安全。澳门政府已依法开立刑事专案调查程序，以开展调查工作，初步资料显示，有关黑客IP地址位处香港地区及美国。崔世', '2013-07-22 09:57:45'),
(81, 17, '湖北随州生物化工厂爆炸已确认9人死伤', '', '', '/30/show/67', '新华网武汉7月10日电 （记者李鹏翔 王贤）记者从湖北省消防总队获悉，10日12时许，湖北随州市一生物化工厂发生爆炸。　　目前，已经确认有1人死亡，1人失踪，7人受伤。', '2013-07-22 09:59:13'),
(82, 48, 'aa', '', 'blog/attachment/201307/11/21520412a4980f-ea31-11e2-bb3f-5cff350c7bf5.jpg', '/30/show/82', 'bb', '2013-07-22 12:17:37'),
(83, 56, 'aa', '', 'blog/attachment/201307/11/21520412a4980f-ea31-11e2-bb3f-5cff350c7bf5.jpg', '/30/show/82', 'bb', '2013-07-22 12:17:37'),
(84, 30, 'aa', '', 'blog/attachment/201307/11/21520412a4980f-ea31-11e2-bb3f-5cff350c7bf5.jpg', '/30/show/82', 'bb', '2013-07-22 12:17:37'),
(85, 49, '成都都江堰发生泥石流 被埋人数仍在核实', '', '', '/30/show/74', '新华网成都7月10日电 （记者党文伯叶建平　许茹）记者10日从成都公安消防支队了解到，成都市都江堰中兴镇五里坡发生泥石流，救援人员正在赶往现场，被埋人员数量正在核实。　　成都市公安消防支队支队长马昆介绍说，上午11时许，该支队接到报警后，成都消防指挥中心迅速调出十六中队、十九中队、都江堰江安路政府队共计4台消防车、24人赶往救援。随后，成都消防指挥中心又调出全市“飞豹”救援队奔赴现场。　　据了解，', '2013-07-22 12:17:53'),
(86, 47, '成都都江堰发生泥石流 被埋人数仍在核实', '', '', '/30/show/74', '新华网成都7月10日电 （记者党文伯叶建平　许茹）记者10日从成都公安消防支队了解到，成都市都江堰中兴镇五里坡发生泥石流，救援人员正在赶往现场，被埋人员数量正在核实。　　成都市公安消防支队支队长马昆介绍说，上午11时许，该支队接到报警后，成都消防指挥中心迅速调出十六中队、十九中队、都江堰江安路政府队共计4台消防车、24人赶往救援。随后，成都消防指挥中心又调出全市“飞豹”救援队奔赴现场。　　据了解，', '2013-07-22 12:17:53'),
(87, 41, '成都都江堰发生泥石流 被埋人数仍在核实', '', '', '/30/show/74', '新华网成都7月10日电 （记者党文伯叶建平　许茹）记者10日从成都公安消防支队了解到，成都市都江堰中兴镇五里坡发生泥石流，救援人员正在赶往现场，被埋人员数量正在核实。　　成都市公安消防支队支队长马昆介绍说，上午11时许，该支队接到报警后，成都消防指挥中心迅速调出十六中队、十九中队、都江堰江安路政府队共计4台消防车、24人赶往救援。随后，成都消防指挥中心又调出全市“飞豹”救援队奔赴现场。　　据了解，', '2013-07-22 12:17:53'),
(88, 31, '成都都江堰发生泥石流 被埋人数仍在核实', '', '', '/30/show/74', '新华网成都7月10日电 （记者党文伯叶建平　许茹）记者10日从成都公安消防支队了解到，成都市都江堰中兴镇五里坡发生泥石流，救援人员正在赶往现场，被埋人员数量正在核实。　　成都市公安消防支队支队长马昆介绍说，上午11时许，该支队接到报警后，成都消防指挥中心迅速调出十六中队、十九中队、都江堰江安路政府队共计4台消防车、24人赶往救援。随后，成都消防指挥中心又调出全市“飞豹”救援队奔赴现场。　　据了解，', '2013-07-22 12:17:54');
INSERT INTO `blog_block_2` (`id`, `block_id`, `title`, `titlestyle`, `titlepic`, `titleurl`, `summary`, `createtime`) VALUES
(89, 49, '四川茂县再成孤岛：国省干道全部中断全县停电', '', '', '/30/show/70', '四川日报网消息（杨柏辉 徐中成 记者 松涛 14：28报道）7月10日，茂县遭遇9日特大暴雨后，10日的持续降雨，再次让茂县陷入孤岛。9日通过抢修的省道302线已可以通到土门乡马家桥头，但昨日夜间的持续降水使该路段再度中断，目前，可通到光明乡明足底村，富顺乡、土门乡、东兴乡成为孤岛。10日，国道213线南新七星关棚洞侧有大量山体滑坡堆积体，抢险队伍冒着岩体随时垮塌的危险在时断时续的进行抢通，但山体', '2013-07-22 12:18:09'),
(90, 45, '四川茂县再成孤岛：国省干道全部中断全县停电', '', '', '/30/show/70', '四川日报网消息（杨柏辉 徐中成 记者 松涛 14：28报道）7月10日，茂县遭遇9日特大暴雨后，10日的持续降雨，再次让茂县陷入孤岛。9日通过抢修的省道302线已可以通到土门乡马家桥头，但昨日夜间的持续降水使该路段再度中断，目前，可通到光明乡明足底村，富顺乡、土门乡、东兴乡成为孤岛。10日，国道213线南新七星关棚洞侧有大量山体滑坡堆积体，抢险队伍冒着岩体随时垮塌的危险在时断时续的进行抢通，但山体', '2013-07-22 12:18:09'),
(91, 37, '四川茂县再成孤岛：国省干道全部中断全县停电', '', '', '/30/show/70', '四川日报网消息（杨柏辉 徐中成 记者 松涛 14：28报道）7月10日，茂县遭遇9日特大暴雨后，10日的持续降雨，再次让茂县陷入孤岛。9日通过抢修的省道302线已可以通到土门乡马家桥头，但昨日夜间的持续降水使该路段再度中断，目前，可通到光明乡明足底村，富顺乡、土门乡、东兴乡成为孤岛。10日，国道213线南新七星关棚洞侧有大量山体滑坡堆积体，抢险队伍冒着岩体随时垮塌的危险在时断时续的进行抢通，但山体', '2013-07-22 12:18:09'),
(92, 31, '四川茂县再成孤岛：国省干道全部中断全县停电', '', '', '/30/show/70', '四川日报网消息（杨柏辉 徐中成 记者 松涛 14：28报道）7月10日，茂县遭遇9日特大暴雨后，10日的持续降雨，再次让茂县陷入孤岛。9日通过抢修的省道302线已可以通到土门乡马家桥头，但昨日夜间的持续降水使该路段再度中断，目前，可通到光明乡明足底村，富顺乡、土门乡、东兴乡成为孤岛。10日，国道213线南新七星关棚洞侧有大量山体滑坡堆积体，抢险队伍冒着岩体随时垮塌的危险在时断时续的进行抢通，但山体', '2013-07-22 12:18:09'),
(93, 39, '太原市长耿彦波向知名房企推介城中村改造项目', '', '', '/30/show/69', '城中村改造，将为晋阳湖片区带来新的发展机遇 资料图片太原市委、市政府向国内知名房企推介城中村改造项目7月9日，太原暴雨。迎泽宾馆晋泽轩，太原市长耿彦波拿着自己亲手写的讲话稿，面对邀请来的近50家国内知名房地产开发企业老总，诚恳推介太原市34个城中村改造项目，以及部分棚户区改造项目。这是太原首次以市委、市政府名义，围绕城市改造项目，邀请国内知名大集团、大企业的老总们进行项目合作洽谈。在推介中，耿彦波', '2013-07-22 12:18:25'),
(94, 59, '太原市长耿彦波向知名房企推介城中村改造项目', '', '', '/30/show/69', '城中村改造，将为晋阳湖片区带来新的发展机遇 资料图片太原市委、市政府向国内知名房企推介城中村改造项目7月9日，太原暴雨。迎泽宾馆晋泽轩，太原市长耿彦波拿着自己亲手写的讲话稿，面对邀请来的近50家国内知名房地产开发企业老总，诚恳推介太原市34个城中村改造项目，以及部分棚户区改造项目。这是太原首次以市委、市政府名义，围绕城市改造项目，邀请国内知名大集团、大企业的老总们进行项目合作洽谈。在推介中，耿彦波', '2013-07-22 12:18:25'),
(95, 53, '太原市长耿彦波向知名房企推介城中村改造项目', '', '', '/30/show/69', '城中村改造，将为晋阳湖片区带来新的发展机遇 资料图片太原市委、市政府向国内知名房企推介城中村改造项目7月9日，太原暴雨。迎泽宾馆晋泽轩，太原市长耿彦波拿着自己亲手写的讲话稿，面对邀请来的近50家国内知名房地产开发企业老总，诚恳推介太原市34个城中村改造项目，以及部分棚户区改造项目。这是太原首次以市委、市政府名义，围绕城市改造项目，邀请国内知名大集团、大企业的老总们进行项目合作洽谈。在推介中，耿彦波', '2013-07-22 12:18:25'),
(96, 19, '太原市长耿彦波向知名房企推介城中村改造项目', '', '', '/30/show/69', '城中村改造，将为晋阳湖片区带来新的发展机遇 资料图片太原市委、市政府向国内知名房企推介城中村改造项目7月9日，太原暴雨。迎泽宾馆晋泽轩，太原市长耿彦波拿着自己亲手写的讲话稿，面对邀请来的近50家国内知名房地产开发企业老总，诚恳推介太原市34个城中村改造项目，以及部分棚户区改造项目。这是太原首次以市委、市政府名义，围绕城市改造项目，邀请国内知名大集团、大企业的老总们进行项目合作洽谈。在推介中，耿彦波', '2013-07-22 12:18:25'),
(97, 25, '太原市长耿彦波向知名房企推介城中村改造项目', '', '', '/30/show/69', '城中村改造，将为晋阳湖片区带来新的发展机遇 资料图片太原市委、市政府向国内知名房企推介城中村改造项目7月9日，太原暴雨。迎泽宾馆晋泽轩，太原市长耿彦波拿着自己亲手写的讲话稿，面对邀请来的近50家国内知名房地产开发企业老总，诚恳推介太原市34个城中村改造项目，以及部分棚户区改造项目。这是太原首次以市委、市政府名义，围绕城市改造项目，邀请国内知名大集团、大企业的老总们进行项目合作洽谈。在推介中，耿彦波', '2013-07-22 12:18:25'),
(98, 49, '湖北随州生物化工厂爆炸致1人遇难7人受伤', '', '', '/30/show/68', '爆炸现场 图片来自当地网友爆炸现场 图片来自当地网友中国独家报道【湖北随州生物化工厂爆炸已确认1人遇难】记者从湖北省消防总队获悉，10日12时许，湖北随州市一生物化工厂发生爆炸。目前，已经确认有1人遇难，1人失踪，7人受伤。', '2013-07-22 12:18:41'),
(99, 41, '湖北随州生物化工厂爆炸致1人遇难7人受伤', '', '', '/30/show/68', '爆炸现场 图片来自当地网友爆炸现场 图片来自当地网友中国独家报道【湖北随州生物化工厂爆炸已确认1人遇难】记者从湖北省消防总队获悉，10日12时许，湖北随州市一生物化工厂发生爆炸。目前，已经确认有1人遇难，1人失踪，7人受伤。', '2013-07-22 12:18:41'),
(100, 13, '湖北随州生物化工厂爆炸致1人遇难7人受伤', '', '', '/30/show/68', '爆炸现场 图片来自当地网友爆炸现场 图片来自当地网友中国独家报道【湖北随州生物化工厂爆炸已确认1人遇难】记者从湖北省消防总队获悉，10日12时许，湖北随州市一生物化工厂发生爆炸。目前，已经确认有1人遇难，1人失踪，7人受伤。', '2013-07-22 12:18:41'),
(101, 9, '湖北随州生物化工厂爆炸致1人遇难7人受伤', '', '', '/30/show/68', '爆炸现场 图片来自当地网友爆炸现场 图片来自当地网友中国独家报道【湖北随州生物化工厂爆炸已确认1人遇难】记者从湖北省消防总队获悉，10日12时许，湖北随州市一生物化工厂发生爆炸。目前，已经确认有1人遇难，1人失踪，7人受伤。', '2013-07-22 12:18:41'),
(102, 31, '湖北随州生物化工厂爆炸致1人遇难7人受伤', '', '', '/30/show/68', '爆炸现场 图片来自当地网友爆炸现场 图片来自当地网友中国独家报道【湖北随州生物化工厂爆炸已确认1人遇难】记者从湖北省消防总队获悉，10日12时许，湖北随州市一生物化工厂发生爆炸。目前，已经确认有1人遇难，1人失踪，7人受伤。', '2013-07-22 12:18:41'),
(103, 45, '贵州凤冈客车与货车相撞致3人死亡5人重伤', '', '', '/30/show/65', '新华网贵阳7月10日电（记者李惊亚、李春惠）贵州凤冈县10日上午发生一起两车相撞交通事故，目前已造成3人死亡、5人重伤。记者从凤冈县委宣传部了解到，10日上午9时45分许，在凤冈县城下城门天河桥处，一辆从务川县黄都开往遵义的客车与一辆货车相撞，造成1人当场死亡，在抢救过程中，又有2人抢救无效死亡，另有5人重伤。据了解，当地已紧急成立现场处置组、医疗救护组和事故调查组，县内医务人员、消防官兵、公安民', '2013-07-22 12:18:55'),
(104, 37, '贵州凤冈客车与货车相撞致3人死亡5人重伤', '', '', '/30/show/65', '新华网贵阳7月10日电（记者李惊亚、李春惠）贵州凤冈县10日上午发生一起两车相撞交通事故，目前已造成3人死亡、5人重伤。记者从凤冈县委宣传部了解到，10日上午9时45分许，在凤冈县城下城门天河桥处，一辆从务川县黄都开往遵义的客车与一辆货车相撞，造成1人当场死亡，在抢救过程中，又有2人抢救无效死亡，另有5人重伤。据了解，当地已紧急成立现场处置组、医疗救护组和事故调查组，县内医务人员、消防官兵、公安民', '2013-07-22 12:18:55'),
(105, 59, '贵州凤冈客车与货车相撞致3人死亡5人重伤', '', '', '/30/show/65', '新华网贵阳7月10日电（记者李惊亚、李春惠）贵州凤冈县10日上午发生一起两车相撞交通事故，目前已造成3人死亡、5人重伤。记者从凤冈县委宣传部了解到，10日上午9时45分许，在凤冈县城下城门天河桥处，一辆从务川县黄都开往遵义的客车与一辆货车相撞，造成1人当场死亡，在抢救过程中，又有2人抢救无效死亡，另有5人重伤。据了解，当地已紧急成立现场处置组、医疗救护组和事故调查组，县内医务人员、消防官兵、公安民', '2013-07-22 12:18:55'),
(106, 13, '贵州凤冈客车与货车相撞致3人死亡5人重伤', '', '', '/30/show/65', '新华网贵阳7月10日电（记者李惊亚、李春惠）贵州凤冈县10日上午发生一起两车相撞交通事故，目前已造成3人死亡、5人重伤。记者从凤冈县委宣传部了解到，10日上午9时45分许，在凤冈县城下城门天河桥处，一辆从务川县黄都开往遵义的客车与一辆货车相撞，造成1人当场死亡，在抢救过程中，又有2人抢救无效死亡，另有5人重伤。据了解，当地已紧急成立现场处置组、医疗救护组和事故调查组，县内医务人员、消防官兵、公安民', '2013-07-22 12:18:56'),
(107, 11, '贵州凤冈客车与货车相撞致3人死亡5人重伤', '', '', '/30/show/65', '新华网贵阳7月10日电（记者李惊亚、李春惠）贵州凤冈县10日上午发生一起两车相撞交通事故，目前已造成3人死亡、5人重伤。记者从凤冈县委宣传部了解到，10日上午9时45分许，在凤冈县城下城门天河桥处，一辆从务川县黄都开往遵义的客车与一辆货车相撞，造成1人当场死亡，在抢救过程中，又有2人抢救无效死亡，另有5人重伤。据了解，当地已紧急成立现场处置组、医疗救护组和事故调查组，县内医务人员、消防官兵、公安民', '2013-07-22 12:18:56'),
(108, 35, '24名都江堰泥石流救援人员失联：通讯信号极差', '', '', '/30/show/64', '中新网成都7月10日电 10日下午3时20分，来自成都警备区的最新消息称，都江堰市中兴镇三溪村五里坡因山洪泥石流导致有11户人家被困或埋压，约40余人。都江堰市人武部已就地组织100余名民兵前往救援。据第二批赶赴都江堰的消防人员透露，首先赶赴受灾地区的成都消防指挥中心的24人目前失去联系，“很有可能是因为信号的原因，据说当地信号极差。”正赶赴现场的中新社记者在成灌高速公路看到，暴雨仍在持续，现场能', '2013-07-22 12:19:17'),
(109, 17, '24名都江堰泥石流救援人员失联：通讯信号极差', '', '', '/30/show/64', '中新网成都7月10日电 10日下午3时20分，来自成都警备区的最新消息称，都江堰市中兴镇三溪村五里坡因山洪泥石流导致有11户人家被困或埋压，约40余人。都江堰市人武部已就地组织100余名民兵前往救援。据第二批赶赴都江堰的消防人员透露，首先赶赴受灾地区的成都消防指挥中心的24人目前失去联系，“很有可能是因为信号的原因，据说当地信号极差。”正赶赴现场的中新社记者在成灌高速公路看到，暴雨仍在持续，现场能', '2013-07-22 12:19:17'),
(110, 21, '24名都江堰泥石流救援人员失联：通讯信号极差', '', '', '/30/show/64', '中新网成都7月10日电 10日下午3时20分，来自成都警备区的最新消息称，都江堰市中兴镇三溪村五里坡因山洪泥石流导致有11户人家被困或埋压，约40余人。都江堰市人武部已就地组织100余名民兵前往救援。据第二批赶赴都江堰的消防人员透露，首先赶赴受灾地区的成都消防指挥中心的24人目前失去联系，“很有可能是因为信号的原因，据说当地信号极差。”正赶赴现场的中新社记者在成灌高速公路看到，暴雨仍在持续，现场能', '2013-07-22 12:19:17'),
(111, 23, '24名都江堰泥石流救援人员失联：通讯信号极差', '', '', '/30/show/64', '中新网成都7月10日电 10日下午3时20分，来自成都警备区的最新消息称，都江堰市中兴镇三溪村五里坡因山洪泥石流导致有11户人家被困或埋压，约40余人。都江堰市人武部已就地组织100余名民兵前往救援。据第二批赶赴都江堰的消防人员透露，首先赶赴受灾地区的成都消防指挥中心的24人目前失去联系，“很有可能是因为信号的原因，据说当地信号极差。”正赶赴现场的中新社记者在成灌高速公路看到，暴雨仍在持续，现场能', '2013-07-22 12:19:17'),
(112, 43, '广西贺江污染事件6人被刑拘 非法选矿厂遭取缔', '', '', '/30/show/61', '中新社贺州7月10日电 (蒋雪林 赵琳露)长期困扰广西贺州市执法部门的顽疾——贺江上游沿河两岸的非法选矿作坊，7月10日被贺州市联合执法队拆除，行动将持续一周时间。当天一早，由贺州市环保、国土、公安、水利等部门组成的联合执法队采取了“突击式行动”，对分布在平桂管理区黄田镇新村河沿岸的数十家非法选矿厂进行了大规模取缔。拆除完厂房设备，原材料、矿渣等也将被全部清理。贺州市副市长、公安局局长李伟章称，当', '2013-07-22 12:19:40'),
(113, 53, '广西贺江污染事件6人被刑拘 非法选矿厂遭取缔', '', '', '/30/show/61', '中新社贺州7月10日电 (蒋雪林 赵琳露)长期困扰广西贺州市执法部门的顽疾——贺江上游沿河两岸的非法选矿作坊，7月10日被贺州市联合执法队拆除，行动将持续一周时间。当天一早，由贺州市环保、国土、公安、水利等部门组成的联合执法队采取了“突击式行动”，对分布在平桂管理区黄田镇新村河沿岸的数十家非法选矿厂进行了大规模取缔。拆除完厂房设备，原材料、矿渣等也将被全部清理。贺州市副市长、公安局局长李伟章称，当', '2013-07-22 12:19:41'),
(114, 35, '广西贺江污染事件6人被刑拘 非法选矿厂遭取缔', '', '', '/30/show/61', '中新社贺州7月10日电 (蒋雪林 赵琳露)长期困扰广西贺州市执法部门的顽疾——贺江上游沿河两岸的非法选矿作坊，7月10日被贺州市联合执法队拆除，行动将持续一周时间。当天一早，由贺州市环保、国土、公安、水利等部门组成的联合执法队采取了“突击式行动”，对分布在平桂管理区黄田镇新村河沿岸的数十家非法选矿厂进行了大规模取缔。拆除完厂房设备，原材料、矿渣等也将被全部清理。贺州市副市长、公安局局长李伟章称，当', '2013-07-22 12:19:41'),
(115, 13, '广西贺江污染事件6人被刑拘 非法选矿厂遭取缔', '', '', '/30/show/61', '中新社贺州7月10日电 (蒋雪林 赵琳露)长期困扰广西贺州市执法部门的顽疾——贺江上游沿河两岸的非法选矿作坊，7月10日被贺州市联合执法队拆除，行动将持续一周时间。当天一早，由贺州市环保、国土、公安、水利等部门组成的联合执法队采取了“突击式行动”，对分布在平桂管理区黄田镇新村河沿岸的数十家非法选矿厂进行了大规模取缔。拆除完厂房设备，原材料、矿渣等也将被全部清理。贺州市副市长、公安局局长李伟章称，当', '2013-07-22 12:19:41'),
(116, 19, '广西贺江污染事件6人被刑拘 非法选矿厂遭取缔', '', '', '/30/show/61', '中新社贺州7月10日电 (蒋雪林 赵琳露)长期困扰广西贺州市执法部门的顽疾——贺江上游沿河两岸的非法选矿作坊，7月10日被贺州市联合执法队拆除，行动将持续一周时间。当天一早，由贺州市环保、国土、公安、水利等部门组成的联合执法队采取了“突击式行动”，对分布在平桂管理区黄田镇新村河沿岸的数十家非法选矿厂进行了大规模取缔。拆除完厂房设备，原材料、矿渣等也将被全部清理。贺州市副市长、公安局局长李伟章称，当', '2013-07-22 12:19:41'),
(117, 57, '今年第7号超强台风“苏力”预计13日登陆福建', '', '', '/30/show/60', '中新网福州7月10日电 福建省气象台10日上午披露，今年第7号超强台风“苏力”将正面袭击福建，“苏力”有可能成为近年来影响福建最强台风之一。福建气象台预测称，目前“苏力”正以每小时20公里左右的速度向西北偏西方向移动，48小时内强度还将略有加强，中心附近最大风力可能达到17级，预计在7月12日靠近台湾东部洋面，13日在福建中部到浙江南部一带沿海登陆。今年第7号超强台风“苏力”，于7月8日08时在西', '2013-07-22 12:20:46'),
(118, 53, '今年第7号超强台风“苏力”预计13日登陆福建', '', '', '/30/show/60', '中新网福州7月10日电 福建省气象台10日上午披露，今年第7号超强台风“苏力”将正面袭击福建，“苏力”有可能成为近年来影响福建最强台风之一。福建气象台预测称，目前“苏力”正以每小时20公里左右的速度向西北偏西方向移动，48小时内强度还将略有加强，中心附近最大风力可能达到17级，预计在7月12日靠近台湾东部洋面，13日在福建中部到浙江南部一带沿海登陆。今年第7号超强台风“苏力”，于7月8日08时在西', '2013-07-22 12:20:46'),
(119, 13, '今年第7号超强台风“苏力”预计13日登陆福建', '', '', '/30/show/60', '中新网福州7月10日电 福建省气象台10日上午披露，今年第7号超强台风“苏力”将正面袭击福建，“苏力”有可能成为近年来影响福建最强台风之一。福建气象台预测称，目前“苏力”正以每小时20公里左右的速度向西北偏西方向移动，48小时内强度还将略有加强，中心附近最大风力可能达到17级，预计在7月12日靠近台湾东部洋面，13日在福建中部到浙江南部一带沿海登陆。今年第7号超强台风“苏力”，于7月8日08时在西', '2013-07-22 12:20:46'),
(120, 7, '今年第7号超强台风“苏力”预计13日登陆福建', '', '', '/30/show/60', '中新网福州7月10日电 福建省气象台10日上午披露，今年第7号超强台风“苏力”将正面袭击福建，“苏力”有可能成为近年来影响福建最强台风之一。福建气象台预测称，目前“苏力”正以每小时20公里左右的速度向西北偏西方向移动，48小时内强度还将略有加强，中心附近最大风力可能达到17级，预计在7月12日靠近台湾东部洋面，13日在福建中部到浙江南部一带沿海登陆。今年第7号超强台风“苏力”，于7月8日08时在西', '2013-07-22 12:20:46'),
(121, 27, '今年第7号超强台风“苏力”预计13日登陆福建', '', '', '/30/show/60', '中新网福州7月10日电 福建省气象台10日上午披露，今年第7号超强台风“苏力”将正面袭击福建，“苏力”有可能成为近年来影响福建最强台风之一。福建气象台预测称，目前“苏力”正以每小时20公里左右的速度向西北偏西方向移动，48小时内强度还将略有加强，中心附近最大风力可能达到17级，预计在7月12日靠近台湾东部洋面，13日在福建中部到浙江南部一带沿海登陆。今年第7号超强台风“苏力”，于7月8日08时在西', '2013-07-22 12:20:46'),
(122, 49, '塔城俄罗斯族双胞胎姐妹花为新疆代言(组图)', '', '', '/30/show/56', '双胞胎姐妹花为新疆代言双胞胎姐妹花为新疆代言双胞胎姐妹花为新疆代言天山网讯 7月2日，天山网通过腾讯、新浪微博发起“我爱新疆 我为新疆代言”网络微活动，引发全国网友的强烈关注，各地的网友纷纷自拍视频或者照片参与活动。7月10日上午，来自新疆塔城的一对18岁的俄罗斯族双胞胎姐妹花丽达、卓娅在微博上发来照片表达对大美新疆的热爱，赢得了众多网友的追捧', '2013-07-22 12:20:59'),
(123, 45, '塔城俄罗斯族双胞胎姐妹花为新疆代言(组图)', '', '', '/30/show/56', '双胞胎姐妹花为新疆代言双胞胎姐妹花为新疆代言双胞胎姐妹花为新疆代言天山网讯 7月2日，天山网通过腾讯、新浪微博发起“我爱新疆 我为新疆代言”网络微活动，引发全国网友的强烈关注，各地的网友纷纷自拍视频或者照片参与活动。7月10日上午，来自新疆塔城的一对18岁的俄罗斯族双胞胎姐妹花丽达、卓娅在微博上发来照片表达对大美新疆的热爱，赢得了众多网友的追捧', '2013-07-22 12:20:59'),
(124, 17, '塔城俄罗斯族双胞胎姐妹花为新疆代言(组图)', '', '', '/30/show/56', '双胞胎姐妹花为新疆代言双胞胎姐妹花为新疆代言双胞胎姐妹花为新疆代言天山网讯 7月2日，天山网通过腾讯、新浪微博发起“我爱新疆 我为新疆代言”网络微活动，引发全国网友的强烈关注，各地的网友纷纷自拍视频或者照片参与活动。7月10日上午，来自新疆塔城的一对18岁的俄罗斯族双胞胎姐妹花丽达、卓娅在微博上发来照片表达对大美新疆的热爱，赢得了众多网友的追捧', '2013-07-22 12:20:59'),
(125, 15, '塔城俄罗斯族双胞胎姐妹花为新疆代言(组图)', '', '', '/30/show/56', '双胞胎姐妹花为新疆代言双胞胎姐妹花为新疆代言双胞胎姐妹花为新疆代言天山网讯 7月2日，天山网通过腾讯、新浪微博发起“我爱新疆 我为新疆代言”网络微活动，引发全国网友的强烈关注，各地的网友纷纷自拍视频或者照片参与活动。7月10日上午，来自新疆塔城的一对18岁的俄罗斯族双胞胎姐妹花丽达、卓娅在微博上发来照片表达对大美新疆的热爱，赢得了众多网友的追捧', '2013-07-22 12:20:59'),
(126, 17, '四川洪灾消防官兵已营救转移民众7000多人', '', '', '/30/show/55', '成都消防官兵正在转移一名受伤的妇女。申佳摄消防官兵涉水正在转移被困民众。张玉摄中新网成都7月10日电(记者刘忠俊)记者10日从四川消防总队获悉，截至10日8时，四川消防部队抗洪抢险已营救、转移民众7000多人，抢运及保护财产价值超过500万元。据了解，8日至10日，四川境内的成都、绵阳、德阳、阿坝等8市(州)普降暴雨，导致部分城市、乡镇街道、民房进水被淹，个别地方还导致道路、桥梁被冲毁，大批民众被', '2013-07-22 12:21:38'),
(127, 15, '四川洪灾消防官兵已营救转移民众7000多人', '', '', '/30/show/55', '成都消防官兵正在转移一名受伤的妇女。申佳摄消防官兵涉水正在转移被困民众。张玉摄中新网成都7月10日电(记者刘忠俊)记者10日从四川消防总队获悉，截至10日8时，四川消防部队抗洪抢险已营救、转移民众7000多人，抢运及保护财产价值超过500万元。据了解，8日至10日，四川境内的成都、绵阳、德阳、阿坝等8市(州)普降暴雨，导致部分城市、乡镇街道、民房进水被淹，个别地方还导致道路、桥梁被冲毁，大批民众被', '2013-07-22 12:21:38'),
(128, 7, '四川洪灾消防官兵已营救转移民众7000多人', '', '', '/30/show/55', '成都消防官兵正在转移一名受伤的妇女。申佳摄消防官兵涉水正在转移被困民众。张玉摄中新网成都7月10日电(记者刘忠俊)记者10日从四川消防总队获悉，截至10日8时，四川消防部队抗洪抢险已营救、转移民众7000多人，抢运及保护财产价值超过500万元。据了解，8日至10日，四川境内的成都、绵阳、德阳、阿坝等8市(州)普降暴雨，导致部分城市、乡镇街道、民房进水被淹，个别地方还导致道路、桥梁被冲毁，大批民众被', '2013-07-22 12:21:38'),
(129, 27, '四川洪灾消防官兵已营救转移民众7000多人', '', '', '/30/show/55', '成都消防官兵正在转移一名受伤的妇女。申佳摄消防官兵涉水正在转移被困民众。张玉摄中新网成都7月10日电(记者刘忠俊)记者10日从四川消防总队获悉，截至10日8时，四川消防部队抗洪抢险已营救、转移民众7000多人，抢运及保护财产价值超过500万元。据了解，8日至10日，四川境内的成都、绵阳、德阳、阿坝等8市(州)普降暴雨，导致部分城市、乡镇街道、民房进水被淹，个别地方还导致道路、桥梁被冲毁，大批民众被', '2013-07-22 12:21:38'),
(130, 49, '聂树斌案今日再开庭 媒体盘点三大待解疑团', '', '', '/30/show/54', '中广网邯郸7月10日消息（记者明慧）据中国之声《新闻晚高峰》报道，备受社会关注的河北“一案双凶”涉案嫌疑人王书金，今天（10日）上午9点，在河北省邯郸市中级人民法院再次受审，此次开庭是二审第三次开庭，距6月25日最近的一次开庭审理仅隔半月时间，但这起案件却是错综复杂且旷日持久，跨时长达19年。今天的开庭，直接进入证据质证阶段，然后，控辩双方进行了法庭辩论。辩护律师主要针对检方提出的四组证据的客观性', '2013-07-22 12:22:06'),
(131, 41, '聂树斌案今日再开庭 媒体盘点三大待解疑团', '', '', '/30/show/54', '中广网邯郸7月10日消息（记者明慧）据中国之声《新闻晚高峰》报道，备受社会关注的河北“一案双凶”涉案嫌疑人王书金，今天（10日）上午9点，在河北省邯郸市中级人民法院再次受审，此次开庭是二审第三次开庭，距6月25日最近的一次开庭审理仅隔半月时间，但这起案件却是错综复杂且旷日持久，跨时长达19年。今天的开庭，直接进入证据质证阶段，然后，控辩双方进行了法庭辩论。辩护律师主要针对检方提出的四组证据的客观性', '2013-07-22 12:22:07'),
(132, 53, '聂树斌案今日再开庭 媒体盘点三大待解疑团', '', '', '/30/show/54', '中广网邯郸7月10日消息（记者明慧）据中国之声《新闻晚高峰》报道，备受社会关注的河北“一案双凶”涉案嫌疑人王书金，今天（10日）上午9点，在河北省邯郸市中级人民法院再次受审，此次开庭是二审第三次开庭，距6月25日最近的一次开庭审理仅隔半月时间，但这起案件却是错综复杂且旷日持久，跨时长达19年。今天的开庭，直接进入证据质证阶段，然后，控辩双方进行了法庭辩论。辩护律师主要针对检方提出的四组证据的客观性', '2013-07-22 12:22:07'),
(133, 17, '聂树斌案今日再开庭 媒体盘点三大待解疑团', '', '', '/30/show/54', '中广网邯郸7月10日消息（记者明慧）据中国之声《新闻晚高峰》报道，备受社会关注的河北“一案双凶”涉案嫌疑人王书金，今天（10日）上午9点，在河北省邯郸市中级人民法院再次受审，此次开庭是二审第三次开庭，距6月25日最近的一次开庭审理仅隔半月时间，但这起案件却是错综复杂且旷日持久，跨时长达19年。今天的开庭，直接进入证据质证阶段，然后，控辩双方进行了法庭辩论。辩护律师主要针对检方提出的四组证据的客观性', '2013-07-22 12:22:07'),
(134, 11, '聂树斌案今日再开庭 媒体盘点三大待解疑团', '', '', '/30/show/54', '中广网邯郸7月10日消息（记者明慧）据中国之声《新闻晚高峰》报道，备受社会关注的河北“一案双凶”涉案嫌疑人王书金，今天（10日）上午9点，在河北省邯郸市中级人民法院再次受审，此次开庭是二审第三次开庭，距6月25日最近的一次开庭审理仅隔半月时间，但这起案件却是错综复杂且旷日持久，跨时长达19年。今天的开庭，直接进入证据质证阶段，然后，控辩双方进行了法庭辩论。辩护律师主要针对检方提出的四组证据的客观性', '2013-07-22 12:22:07'),
(135, 7, '聂树斌案今日再开庭 媒体盘点三大待解疑团', '', '', '/30/show/54', '中广网邯郸7月10日消息（记者明慧）据中国之声《新闻晚高峰》报道，备受社会关注的河北“一案双凶”涉案嫌疑人王书金，今天（10日）上午9点，在河北省邯郸市中级人民法院再次受审，此次开庭是二审第三次开庭，距6月25日最近的一次开庭审理仅隔半月时间，但这起案件却是错综复杂且旷日持久，跨时长达19年。今天的开庭，直接进入证据质证阶段，然后，控辩双方进行了法庭辩论。辩护律师主要针对检方提出的四组证据的客观性', '2013-07-22 12:22:07'),
(136, 47, '安徽社会性加油站成品油抽检近4成不合格', '', '', '/30/show/53', '新华网合肥7月10日电(记者姜刚)9日安徽省工商局公布了今年上半年成品油商品质量监测情况表明，近两成不合格，其中社会性加油站成品油近4成不合格。近期，安徽省工商局依法对合肥、亳州、淮南、阜阳等地市场上销售的成品油质量进行了定向监测，共抽查79组汽油、柴油样品，经检验不合格15组，不合格率19%。其中以中石化、中石油为代表的国有控股公司生产和销售的成品油质量较好，抽查了40组样品全部合格；社会性加油', '2013-07-22 12:22:27'),
(137, 41, '安徽社会性加油站成品油抽检近4成不合格', '', '', '/30/show/53', '新华网合肥7月10日电(记者姜刚)9日安徽省工商局公布了今年上半年成品油商品质量监测情况表明，近两成不合格，其中社会性加油站成品油近4成不合格。近期，安徽省工商局依法对合肥、亳州、淮南、阜阳等地市场上销售的成品油质量进行了定向监测，共抽查79组汽油、柴油样品，经检验不合格15组，不合格率19%。其中以中石化、中石油为代表的国有控股公司生产和销售的成品油质量较好，抽查了40组样品全部合格；社会性加油', '2013-07-22 12:22:27'),
(138, 37, '安徽社会性加油站成品油抽检近4成不合格', '', '', '/30/show/53', '新华网合肥7月10日电(记者姜刚)9日安徽省工商局公布了今年上半年成品油商品质量监测情况表明，近两成不合格，其中社会性加油站成品油近4成不合格。近期，安徽省工商局依法对合肥、亳州、淮南、阜阳等地市场上销售的成品油质量进行了定向监测，共抽查79组汽油、柴油样品，经检验不合格15组，不合格率19%。其中以中石化、中石油为代表的国有控股公司生产和销售的成品油质量较好，抽查了40组样品全部合格；社会性加油', '2013-07-22 12:22:27'),
(139, 59, '安徽社会性加油站成品油抽检近4成不合格', '', '', '/30/show/53', '新华网合肥7月10日电(记者姜刚)9日安徽省工商局公布了今年上半年成品油商品质量监测情况表明，近两成不合格，其中社会性加油站成品油近4成不合格。近期，安徽省工商局依法对合肥、亳州、淮南、阜阳等地市场上销售的成品油质量进行了定向监测，共抽查79组汽油、柴油样品，经检验不合格15组，不合格率19%。其中以中石化、中石油为代表的国有控股公司生产和销售的成品油质量较好，抽查了40组样品全部合格；社会性加油', '2013-07-22 12:22:27'),
(140, 17, '安徽社会性加油站成品油抽检近4成不合格', '', '', '/30/show/53', '新华网合肥7月10日电(记者姜刚)9日安徽省工商局公布了今年上半年成品油商品质量监测情况表明，近两成不合格，其中社会性加油站成品油近4成不合格。近期，安徽省工商局依法对合肥、亳州、淮南、阜阳等地市场上销售的成品油质量进行了定向监测，共抽查79组汽油、柴油样品，经检验不合格15组，不合格率19%。其中以中石化、中石油为代表的国有控股公司生产和销售的成品油质量较好，抽查了40组样品全部合格；社会性加油', '2013-07-22 12:22:27'),
(141, 7, '安徽社会性加油站成品油抽检近4成不合格', '', '', '/30/show/53', '新华网合肥7月10日电(记者姜刚)9日安徽省工商局公布了今年上半年成品油商品质量监测情况表明，近两成不合格，其中社会性加油站成品油近4成不合格。近期，安徽省工商局依法对合肥、亳州、淮南、阜阳等地市场上销售的成品油质量进行了定向监测，共抽查79组汽油、柴油样品，经检验不合格15组，不合格率19%。其中以中石化、中石油为代表的国有控股公司生产和销售的成品油质量较好，抽查了40组样品全部合格；社会性加油', '2013-07-22 12:22:27'),
(142, 17, '河北赝品博物馆成科普基地 每年三四千学生参观', '', '', '/30/show/52', '冀宝斋展出的炎帝制造的青花瓷博物馆内区分公母的12生肖，标注的年代为元朝据央视网最新消息：河北冀州市10日下午通报称，由冀州市文广新局会同相关部门已成立联合调查组，对媒体关注的问题和质疑展开调查。在此期间，冀宝斋博物馆闭馆进行整顿，摘除科普教育基地、爱国主义教育基地等所有授予的牌子，对存在的问题进行纠正、整改。新华网石家庄7月10日电（记者白林骆学峰）近日，作家马伯庸一篇题为《少年Ma的奇幻历史漂', '2013-07-22 12:23:03'),
(143, 15, '河北赝品博物馆成科普基地 每年三四千学生参观', '', '', '/30/show/52', '冀宝斋展出的炎帝制造的青花瓷博物馆内区分公母的12生肖，标注的年代为元朝据央视网最新消息：河北冀州市10日下午通报称，由冀州市文广新局会同相关部门已成立联合调查组，对媒体关注的问题和质疑展开调查。在此期间，冀宝斋博物馆闭馆进行整顿，摘除科普教育基地、爱国主义教育基地等所有授予的牌子，对存在的问题进行纠正、整改。新华网石家庄7月10日电（记者白林骆学峰）近日，作家马伯庸一篇题为《少年Ma的奇幻历史漂', '2013-07-22 12:23:03'),
(144, 11, '河北赝品博物馆成科普基地 每年三四千学生参观', '', '', '/30/show/52', '冀宝斋展出的炎帝制造的青花瓷博物馆内区分公母的12生肖，标注的年代为元朝据央视网最新消息：河北冀州市10日下午通报称，由冀州市文广新局会同相关部门已成立联合调查组，对媒体关注的问题和质疑展开调查。在此期间，冀宝斋博物馆闭馆进行整顿，摘除科普教育基地、爱国主义教育基地等所有授予的牌子，对存在的问题进行纠正、整改。新华网石家庄7月10日电（记者白林骆学峰）近日，作家马伯庸一篇题为《少年Ma的奇幻历史漂', '2013-07-22 12:23:03'),
(145, 23, '河北赝品博物馆成科普基地 每年三四千学生参观', '', '', '/30/show/52', '冀宝斋展出的炎帝制造的青花瓷博物馆内区分公母的12生肖，标注的年代为元朝据央视网最新消息：河北冀州市10日下午通报称，由冀州市文广新局会同相关部门已成立联合调查组，对媒体关注的问题和质疑展开调查。在此期间，冀宝斋博物馆闭馆进行整顿，摘除科普教育基地、爱国主义教育基地等所有授予的牌子，对存在的问题进行纠正、整改。新华网石家庄7月10日电（记者白林骆学峰）近日，作家马伯庸一篇题为《少年Ma的奇幻历史漂', '2013-07-22 12:23:03'),
(146, 55, '北京分类清理小产权房 专家称最好清理时机已过', '', '', '/30/show/51', '北京“分类”清小产权房北京拉开了史上最大规模的小产权房整治工作。小产权房已经经历了不止一次的整治，在整治过程中存在的困难也愈发明显。如何协调好各方面的利益，使小产权房整治工作有序进行，考验着管理层的智慧北京市国土局近日公布了第二批“小产权房”名单，加上去年9月公布的第一批79个项目，目前共计85处小产权房被公布。北京市国土局的相关人士表示，部分该追究行政责任的已经移送至纪检监察机关，部分涉嫌犯罪的', '2013-07-22 12:23:22'),
(147, 35, '北京分类清理小产权房 专家称最好清理时机已过', '', '', '/30/show/51', '北京“分类”清小产权房北京拉开了史上最大规模的小产权房整治工作。小产权房已经经历了不止一次的整治，在整治过程中存在的困难也愈发明显。如何协调好各方面的利益，使小产权房整治工作有序进行，考验着管理层的智慧北京市国土局近日公布了第二批“小产权房”名单，加上去年9月公布的第一批79个项目，目前共计85处小产权房被公布。北京市国土局的相关人士表示，部分该追究行政责任的已经移送至纪检监察机关，部分涉嫌犯罪的', '2013-07-22 12:23:22'),
(148, 9, '北京分类清理小产权房 专家称最好清理时机已过', '', '', '/30/show/51', '北京“分类”清小产权房北京拉开了史上最大规模的小产权房整治工作。小产权房已经经历了不止一次的整治，在整治过程中存在的困难也愈发明显。如何协调好各方面的利益，使小产权房整治工作有序进行，考验着管理层的智慧北京市国土局近日公布了第二批“小产权房”名单，加上去年9月公布的第一批79个项目，目前共计85处小产权房被公布。北京市国土局的相关人士表示，部分该追究行政责任的已经移送至纪检监察机关，部分涉嫌犯罪的', '2013-07-22 12:23:22'),
(149, 19, '北京分类清理小产权房 专家称最好清理时机已过', '', '', '/30/show/51', '北京“分类”清小产权房北京拉开了史上最大规模的小产权房整治工作。小产权房已经经历了不止一次的整治，在整治过程中存在的困难也愈发明显。如何协调好各方面的利益，使小产权房整治工作有序进行，考验着管理层的智慧北京市国土局近日公布了第二批“小产权房”名单，加上去年9月公布的第一批79个项目，目前共计85处小产权房被公布。北京市国土局的相关人士表示，部分该追究行政责任的已经移送至纪检监察机关，部分涉嫌犯罪的', '2013-07-22 12:23:22'),
(150, 59, '广东惠州警方称知名反贪举报人被砍案已立案', '', '', '/30/show/50', '原标题：警方称“惠阳欧伯”被砍案已立案 将全力侦破人民网北京7月10日电（赵艳红 实习生刘静东）日前有媒体报道称惠州知名网友“惠州欧伯”（真名李建新）7月8日驾车外出遭3男子泼硫酸和刀砍。广东惠州市惠阳区警方10日向人民网证实，已按故意伤害案立案，目前正在全力侦破。据媒体报道，“惠阳欧伯”李建新今年47岁，惠州市惠阳区永湖镇人。“惠阳欧伯”在惠州热门论坛西子论坛共发帖子95个，其中至少8成内容是举', '2013-07-22 12:23:35'),
(151, 15, '广东惠州警方称知名反贪举报人被砍案已立案', '', '', '/30/show/50', '原标题：警方称“惠阳欧伯”被砍案已立案 将全力侦破人民网北京7月10日电（赵艳红 实习生刘静东）日前有媒体报道称惠州知名网友“惠州欧伯”（真名李建新）7月8日驾车外出遭3男子泼硫酸和刀砍。广东惠州市惠阳区警方10日向人民网证实，已按故意伤害案立案，目前正在全力侦破。据媒体报道，“惠阳欧伯”李建新今年47岁，惠州市惠阳区永湖镇人。“惠阳欧伯”在惠州热门论坛西子论坛共发帖子95个，其中至少8成内容是举', '2013-07-22 12:23:35'),
(152, 21, '广东惠州警方称知名反贪举报人被砍案已立案', '', '', '/30/show/50', '原标题：警方称“惠阳欧伯”被砍案已立案 将全力侦破人民网北京7月10日电（赵艳红 实习生刘静东）日前有媒体报道称惠州知名网友“惠州欧伯”（真名李建新）7月8日驾车外出遭3男子泼硫酸和刀砍。广东惠州市惠阳区警方10日向人民网证实，已按故意伤害案立案，目前正在全力侦破。据媒体报道，“惠阳欧伯”李建新今年47岁，惠州市惠阳区永湖镇人。“惠阳欧伯”在惠州热门论坛西子论坛共发帖子95个，其中至少8成内容是举', '2013-07-22 12:23:35'),
(153, 21, '广东教育厅长：无证幼儿园不能取缔只能提醒', '', '', '/30/show/49', '9日中午，广东省教育厅上线广东省人民广播电台“民声热线——行风评议面对面”节目，对于行风评议团关注的教育乱收费、假期补课、无证幼儿园等问题，逐一接受了评议和监督。广东没有教育乱收费利益链针对有人提出教育乱收费屡禁不止，而且收费名目花样百出，广东省教育厅厅长罗伟其回应，省教育厅严格要求学校按照规范标准收费，但不排除有学校弄虚作假、巧立名目乱收费。有媒体直指教育乱收费屡禁不止，是因为教育主管部门成为了', '2013-07-22 12:24:11'),
(154, 29, '广东教育厅长：无证幼儿园不能取缔只能提醒', '', '', '/30/show/49', '9日中午，广东省教育厅上线广东省人民广播电台“民声热线——行风评议面对面”节目，对于行风评议团关注的教育乱收费、假期补课、无证幼儿园等问题，逐一接受了评议和监督。广东没有教育乱收费利益链针对有人提出教育乱收费屡禁不止，而且收费名目花样百出，广东省教育厅厅长罗伟其回应，省教育厅严格要求学校按照规范标准收费，但不排除有学校弄虚作假、巧立名目乱收费。有媒体直指教育乱收费屡禁不止，是因为教育主管部门成为了', '2013-07-22 12:24:11'),
(155, 19, '广东教育厅长：无证幼儿园不能取缔只能提醒', '', '', '/30/show/49', '9日中午，广东省教育厅上线广东省人民广播电台“民声热线——行风评议面对面”节目，对于行风评议团关注的教育乱收费、假期补课、无证幼儿园等问题，逐一接受了评议和监督。广东没有教育乱收费利益链针对有人提出教育乱收费屡禁不止，而且收费名目花样百出，广东省教育厅厅长罗伟其回应，省教育厅严格要求学校按照规范标准收费，但不排除有学校弄虚作假、巧立名目乱收费。有媒体直指教育乱收费屡禁不止，是因为教育主管部门成为了', '2013-07-22 12:24:11'),
(156, 45, '研究称2011年晋鲁蒙煤电污染致8.35万人早死', '', '', '/30/show/48', '【财新网】（记者 杨秋波）环保组织绿色和平7月10日发布最新调查数据称，2011年煤炭消费量排名全国前三的山东、山西、内蒙古，其燃煤电厂排放的PM2.5污染物，在经过大气运动、扩散、转移、沉淀后，可对全国公众的健康造成巨大损害。当年三省煤电厂污染排放共造成中国大陆地区高达8.35万人过早死亡，同时还引发了近13万例哮喘和超过14万例慢性支气管炎。继京津冀区域燃煤电厂造成公众健康影响损失评估之后，绿', '2013-07-22 12:24:42'),
(157, 55, '研究称2011年晋鲁蒙煤电污染致8.35万人早死', '', '', '/30/show/48', '【财新网】（记者 杨秋波）环保组织绿色和平7月10日发布最新调查数据称，2011年煤炭消费量排名全国前三的山东、山西、内蒙古，其燃煤电厂排放的PM2.5污染物，在经过大气运动、扩散、转移、沉淀后，可对全国公众的健康造成巨大损害。当年三省煤电厂污染排放共造成中国大陆地区高达8.35万人过早死亡，同时还引发了近13万例哮喘和超过14万例慢性支气管炎。继京津冀区域燃煤电厂造成公众健康影响损失评估之后，绿', '2013-07-22 12:24:42'),
(158, 21, '研究称2011年晋鲁蒙煤电污染致8.35万人早死', '', '', '/30/show/48', '【财新网】（记者 杨秋波）环保组织绿色和平7月10日发布最新调查数据称，2011年煤炭消费量排名全国前三的山东、山西、内蒙古，其燃煤电厂排放的PM2.5污染物，在经过大气运动、扩散、转移、沉淀后，可对全国公众的健康造成巨大损害。当年三省煤电厂污染排放共造成中国大陆地区高达8.35万人过早死亡，同时还引发了近13万例哮喘和超过14万例慢性支气管炎。继京津冀区域燃煤电厂造成公众健康影响损失评估之后，绿', '2013-07-22 12:24:42'),
(159, 33, '研究称2011年晋鲁蒙煤电污染致8.35万人早死', '', '', '/30/show/48', '【财新网】（记者 杨秋波）环保组织绿色和平7月10日发布最新调查数据称，2011年煤炭消费量排名全国前三的山东、山西、内蒙古，其燃煤电厂排放的PM2.5污染物，在经过大气运动、扩散、转移、沉淀后，可对全国公众的健康造成巨大损害。当年三省煤电厂污染排放共造成中国大陆地区高达8.35万人过早死亡，同时还引发了近13万例哮喘和超过14万例慢性支气管炎。继京津冀区域燃煤电厂造成公众健康影响损失评估之后，绿', '2013-07-22 12:24:42'),
(160, 25, '研究称2011年晋鲁蒙煤电污染致8.35万人早死', '', '', '/30/show/48', '【财新网】（记者 杨秋波）环保组织绿色和平7月10日发布最新调查数据称，2011年煤炭消费量排名全国前三的山东、山西、内蒙古，其燃煤电厂排放的PM2.5污染物，在经过大气运动、扩散、转移、沉淀后，可对全国公众的健康造成巨大损害。当年三省煤电厂污染排放共造成中国大陆地区高达8.35万人过早死亡，同时还引发了近13万例哮喘和超过14万例慢性支气管炎。继京津冀区域燃煤电厂造成公众健康影响损失评估之后，绿', '2013-07-22 12:24:42'),
(161, 37, '湖北随州工厂爆炸续：目前确认2人死亡7人受伤', '', '', '/30/show/47', '原标题：湖北随州工厂爆炸续：目前确认2人死亡7人受伤中新网武汉7月10日电 据湖北随州市相关部门证实，当地工厂爆炸事故中的1名失踪者已找到。截至目前，已确认2名死亡，7人受伤。7月10日中午12:25分，湖北随州市南郊瓜园社区五组境内一生产袋料香菇消毒液的力强生物科技开发公司发生爆炸。10日下午稍早前，当地官方消息称，爆炸造成1人死亡，1人失踪，6人受伤，伤者已全部送医院救治。事故原因调查随之展开', '2013-07-22 12:24:57'),
(162, 17, '湖北随州工厂爆炸续：目前确认2人死亡7人受伤', '', '', '/30/show/47', '原标题：湖北随州工厂爆炸续：目前确认2人死亡7人受伤中新网武汉7月10日电 据湖北随州市相关部门证实，当地工厂爆炸事故中的1名失踪者已找到。截至目前，已确认2名死亡，7人受伤。7月10日中午12:25分，湖北随州市南郊瓜园社区五组境内一生产袋料香菇消毒液的力强生物科技开发公司发生爆炸。10日下午稍早前，当地官方消息称，爆炸造成1人死亡，1人失踪，6人受伤，伤者已全部送医院救治。事故原因调查随之展开', '2013-07-22 12:24:58');
INSERT INTO `blog_block_2` (`id`, `block_id`, `title`, `titlestyle`, `titlepic`, `titleurl`, `summary`, `createtime`) VALUES
(163, 21, '湖北随州工厂爆炸续：目前确认2人死亡7人受伤', '', '', '/30/show/47', '原标题：湖北随州工厂爆炸续：目前确认2人死亡7人受伤中新网武汉7月10日电 据湖北随州市相关部门证实，当地工厂爆炸事故中的1名失踪者已找到。截至目前，已确认2名死亡，7人受伤。7月10日中午12:25分，湖北随州市南郊瓜园社区五组境内一生产袋料香菇消毒液的力强生物科技开发公司发生爆炸。10日下午稍早前，当地官方消息称，爆炸造成1人死亡，1人失踪，6人受伤，伤者已全部送医院救治。事故原因调查随之展开', '2013-07-22 12:24:58'),
(164, 19, '湖北随州工厂爆炸续：目前确认2人死亡7人受伤', '', '', '/30/show/47', '原标题：湖北随州工厂爆炸续：目前确认2人死亡7人受伤中新网武汉7月10日电 据湖北随州市相关部门证实，当地工厂爆炸事故中的1名失踪者已找到。截至目前，已确认2名死亡，7人受伤。7月10日中午12:25分，湖北随州市南郊瓜园社区五组境内一生产袋料香菇消毒液的力强生物科技开发公司发生爆炸。10日下午稍早前，当地官方消息称，爆炸造成1人死亡，1人失踪，6人受伤，伤者已全部送医院救治。事故原因调查随之展开', '2013-07-22 12:24:58'),
(165, 9, '新闻晚8点：黑帮办报为己代言 富二代少女飚车', '', '', '/30/show/45', '新闻晚8点：黑帮办报为己代言 少女飚车称爹有钱收起新闻晚8点：校长命根惨遭斩 武汉娇女变汉子新闻晚8点：校长命根惨遭斩 武汉娇女变汉子新闻晚8点：铁老大判狱中养老 高龄鸡爪上餐桌【日本最大黑帮山口组办报纸 宣传纲领促团结】惊！日本最大的黑社会组织山口组竟办起了报纸。领导人希望通过舆论阵地宣传组织纲领，以求团结广大成员。谁说纸媒必亡，这不就是新生力量？【杭州市委书记痛骂干部：一些官员是吃货】杭州市委', '2013-07-22 12:26:11'),
(166, 29, '新闻晚8点：黑帮办报为己代言 富二代少女飚车', '', '', '/30/show/45', '新闻晚8点：黑帮办报为己代言 少女飚车称爹有钱收起新闻晚8点：校长命根惨遭斩 武汉娇女变汉子新闻晚8点：校长命根惨遭斩 武汉娇女变汉子新闻晚8点：铁老大判狱中养老 高龄鸡爪上餐桌【日本最大黑帮山口组办报纸 宣传纲领促团结】惊！日本最大的黑社会组织山口组竟办起了报纸。领导人希望通过舆论阵地宣传组织纲领，以求团结广大成员。谁说纸媒必亡，这不就是新生力量？【杭州市委书记痛骂干部：一些官员是吃货】杭州市委', '2013-07-22 12:26:12'),
(167, 23, '新闻晚8点：黑帮办报为己代言 富二代少女飚车', '', '', '/30/show/45', '新闻晚8点：黑帮办报为己代言 少女飚车称爹有钱收起新闻晚8点：校长命根惨遭斩 武汉娇女变汉子新闻晚8点：校长命根惨遭斩 武汉娇女变汉子新闻晚8点：铁老大判狱中养老 高龄鸡爪上餐桌【日本最大黑帮山口组办报纸 宣传纲领促团结】惊！日本最大的黑社会组织山口组竟办起了报纸。领导人希望通过舆论阵地宣传组织纲领，以求团结广大成员。谁说纸媒必亡，这不就是新生力量？【杭州市委书记痛骂干部：一些官员是吃货】杭州市委', '2013-07-22 12:26:12'),
(168, 51, '京广京沪部分动车票今起可打8-8.5折优惠', '', '', '/30/show/44', '【京广京沪部分动车今起打折】#城市运行#暑期即将到来，铁路部门决定从7月10日起至8月31日，京广、京沪高铁部分动车组列车的商务座、特等座和一等座票价按不同时段实行特惠。在预售期1至5天内实行8.5折特惠，在预售期6至20天内实行8折特惠。大家可以登录（www.12306.cn）查询具体优惠车次和时间。', '2013-07-22 12:26:48'),
(169, 59, '京广京沪部分动车票今起可打8-8.5折优惠', '', '', '/30/show/44', '【京广京沪部分动车今起打折】#城市运行#暑期即将到来，铁路部门决定从7月10日起至8月31日，京广、京沪高铁部分动车组列车的商务座、特等座和一等座票价按不同时段实行特惠。在预售期1至5天内实行8.5折特惠，在预售期6至20天内实行8折特惠。大家可以登录（www.12306.cn）查询具体优惠车次和时间。', '2013-07-22 12:26:48'),
(170, 11, '京广京沪部分动车票今起可打8-8.5折优惠', '', '', '/30/show/44', '【京广京沪部分动车今起打折】#城市运行#暑期即将到来，铁路部门决定从7月10日起至8月31日，京广、京沪高铁部分动车组列车的商务座、特等座和一等座票价按不同时段实行特惠。在预售期1至5天内实行8.5折特惠，在预售期6至20天内实行8折特惠。大家可以登录（www.12306.cn）查询具体优惠车次和时间。', '2013-07-22 12:26:48'),
(171, 21, '京广京沪部分动车票今起可打8-8.5折优惠', '', '', '/30/show/44', '【京广京沪部分动车今起打折】#城市运行#暑期即将到来，铁路部门决定从7月10日起至8月31日，京广、京沪高铁部分动车组列车的商务座、特等座和一等座票价按不同时段实行特惠。在预售期1至5天内实行8.5折特惠，在预售期6至20天内实行8折特惠。大家可以登录（www.12306.cn）查询具体优惠车次和时间。', '2013-07-22 12:26:48'),
(172, 33, '京广京沪部分动车票今起可打8-8.5折优惠', '', '', '/30/show/44', '【京广京沪部分动车今起打折】#城市运行#暑期即将到来，铁路部门决定从7月10日起至8月31日，京广、京沪高铁部分动车组列车的商务座、特等座和一等座票价按不同时段实行特惠。在预售期1至5天内实行8.5折特惠，在预售期6至20天内实行8折特惠。大家可以登录（www.12306.cn）查询具体优惠车次和时间。', '2013-07-22 12:26:48'),
(173, 57, '贵州凤冈客车与货车相撞 已致4人遇难', '', '', '/30/show/43', '中新网贵阳7月10日电 (记者 杨茜)10日18时，贵州凤冈县委宣传部通报，凤冈县内上午9时发生的车祸遇难者名单，此次车祸已致4人凤冈县委宣传部通报称，10日上午9时45分，在贵州凤冈县城下城门天河桥处一辆从务川县黄都开往遵义的客车与一辆货车追尾，造成两车坠桥。当场遇难1人，送往医院抢救途中死亡2人，到医院后经抢救无效死亡1人。事故目前造成4人遇难，重伤4人。经调查，大客车核载30人，实载31人，', '2013-07-22 12:27:32'),
(174, 53, '贵州凤冈客车与货车相撞 已致4人遇难', '', '', '/30/show/43', '中新网贵阳7月10日电 (记者 杨茜)10日18时，贵州凤冈县委宣传部通报，凤冈县内上午9时发生的车祸遇难者名单，此次车祸已致4人凤冈县委宣传部通报称，10日上午9时45分，在贵州凤冈县城下城门天河桥处一辆从务川县黄都开往遵义的客车与一辆货车追尾，造成两车坠桥。当场遇难1人，送往医院抢救途中死亡2人，到医院后经抢救无效死亡1人。事故目前造成4人遇难，重伤4人。经调查，大客车核载30人，实载31人，', '2013-07-22 12:27:32'),
(175, 11, '贵州凤冈客车与货车相撞 已致4人遇难', '', '', '/30/show/43', '中新网贵阳7月10日电 (记者 杨茜)10日18时，贵州凤冈县委宣传部通报，凤冈县内上午9时发生的车祸遇难者名单，此次车祸已致4人凤冈县委宣传部通报称，10日上午9时45分，在贵州凤冈县城下城门天河桥处一辆从务川县黄都开往遵义的客车与一辆货车追尾，造成两车坠桥。当场遇难1人，送往医院抢救途中死亡2人，到医院后经抢救无效死亡1人。事故目前造成4人遇难，重伤4人。经调查，大客车核载30人，实载31人，', '2013-07-22 12:27:32'),
(176, 29, '贵州凤冈客车与货车相撞 已致4人遇难', '', '', '/30/show/43', '中新网贵阳7月10日电 (记者 杨茜)10日18时，贵州凤冈县委宣传部通报，凤冈县内上午9时发生的车祸遇难者名单，此次车祸已致4人凤冈县委宣传部通报称，10日上午9时45分，在贵州凤冈县城下城门天河桥处一辆从务川县黄都开往遵义的客车与一辆货车追尾，造成两车坠桥。当场遇难1人，送往医院抢救途中死亡2人，到医院后经抢救无效死亡1人。事故目前造成4人遇难，重伤4人。经调查，大客车核载30人，实载31人，', '2013-07-22 12:27:32'),
(177, 23, '贵州凤冈客车与货车相撞 已致4人遇难', '', '', '/30/show/43', '中新网贵阳7月10日电 (记者 杨茜)10日18时，贵州凤冈县委宣传部通报，凤冈县内上午9时发生的车祸遇难者名单，此次车祸已致4人凤冈县委宣传部通报称，10日上午9时45分，在贵州凤冈县城下城门天河桥处一辆从务川县黄都开往遵义的客车与一辆货车追尾，造成两车坠桥。当场遇难1人，送往医院抢救途中死亡2人，到医院后经抢救无效死亡1人。事故目前造成4人遇难，重伤4人。经调查，大客车核载30人，实载31人，', '2013-07-22 12:27:32'),
(178, 31, '广东吴川原公安副局长保护黑恶势力进校园赌球', '', '', '/30/show/42', '中新网湛江7月10日电 (梁盛 宁琪敏)广东湛江市纪检部门10日通报称，原吴川市公安局副局长李建涉嫌“保护”黑恶势力渗入校园操纵赌球，目前已被移送司法机关，案件还在进一步审理中。2008年至2012年，李建任吴川市公安局治安大队长、副局长期间，成立抓赌专业队，在抓赌过程中采取虚报赌资及罚款的方式，截留资金272万多元人民币作帐外开支，并且在收取赌场老板交来的罚款后降格处理涉赌人员、对依法应当移交司', '2013-07-22 12:28:01'),
(179, 27, '广东吴川原公安副局长保护黑恶势力进校园赌球', '', '', '/30/show/42', '中新网湛江7月10日电 (梁盛 宁琪敏)广东湛江市纪检部门10日通报称，原吴川市公安局副局长李建涉嫌“保护”黑恶势力渗入校园操纵赌球，目前已被移送司法机关，案件还在进一步审理中。2008年至2012年，李建任吴川市公安局治安大队长、副局长期间，成立抓赌专业队，在抓赌过程中采取虚报赌资及罚款的方式，截留资金272万多元人民币作帐外开支，并且在收取赌场老板交来的罚款后降格处理涉赌人员、对依法应当移交司', '2013-07-22 12:28:01'),
(180, 23, '广东吴川原公安副局长保护黑恶势力进校园赌球', '', '', '/30/show/42', '中新网湛江7月10日电 (梁盛 宁琪敏)广东湛江市纪检部门10日通报称，原吴川市公安局副局长李建涉嫌“保护”黑恶势力渗入校园操纵赌球，目前已被移送司法机关，案件还在进一步审理中。2008年至2012年，李建任吴川市公安局治安大队长、副局长期间，成立抓赌专业队，在抓赌过程中采取虚报赌资及罚款的方式，截留资金272万多元人民币作帐外开支，并且在收取赌场老板交来的罚款后降格处理涉赌人员、对依法应当移交司', '2013-07-22 12:28:01'),
(181, 33, '四川桃关隧道被困近2000人正有序转移', '', '', '/30/show/41', '四川日报网记者 松涛 20：11报道：四川日报网记者刚刚从汶川县应急办获悉，都汶高速桃关一号隧洞被困近2000人员已经取得联系，在公安交警的有序组织下，已派出16辆大巴抓紧将滞留人员转移至汶川县城。目前，滞留在都汶路桃关一号隧道的被困人员正抓紧往汶川县城方向转移，首批16辆客车已驶离桃关一号隧道，向县城转移滞留人员。目前正在增加转移车辆。另外，截至目前，救援难点映秀镇孤岛张家坪村被困群众247人，', '2013-07-22 12:28:36'),
(182, 27, '四川桃关隧道被困近2000人正有序转移', '', '', '/30/show/41', '四川日报网记者 松涛 20：11报道：四川日报网记者刚刚从汶川县应急办获悉，都汶高速桃关一号隧洞被困近2000人员已经取得联系，在公安交警的有序组织下，已派出16辆大巴抓紧将滞留人员转移至汶川县城。目前，滞留在都汶路桃关一号隧道的被困人员正抓紧往汶川县城方向转移，首批16辆客车已驶离桃关一号隧道，向县城转移滞留人员。目前正在增加转移车辆。另外，截至目前，救援难点映秀镇孤岛张家坪村被困群众247人，', '2013-07-22 12:28:36'),
(183, 25, '四川桃关隧道被困近2000人正有序转移', '', '', '/30/show/41', '四川日报网记者 松涛 20：11报道：四川日报网记者刚刚从汶川县应急办获悉，都汶高速桃关一号隧洞被困近2000人员已经取得联系，在公安交警的有序组织下，已派出16辆大巴抓紧将滞留人员转移至汶川县城。目前，滞留在都汶路桃关一号隧道的被困人员正抓紧往汶川县城方向转移，首批16辆客车已驶离桃关一号隧道，向县城转移滞留人员。目前正在增加转移车辆。另外，截至目前，救援难点映秀镇孤岛张家坪村被困群众247人，', '2013-07-22 12:28:36'),
(184, 41, '高峰：中国为何对韩国海军总长开放最尖端舰艇', '', '', '/30/show/40', '据韩联社7月9日报道，韩国海军9日表示，海军参谋总长崔润喜当天将访问中国，会见中国海军司令员吴胜利，就进一步加强两国军事合作与交流的方案进行商讨。韩国海军方面表示，崔润喜还将会见中国国防部长常万全，就地区安全局势和两国军事领域合作等事宜进行讨论。希望他此次访华之旅可进一步巩固两国军事合作。根据韩方媒体报道，崔润喜此行有意为中韩朝渔业纠纷可能引发的争端做出探索，并要求中国管制中国渔船在朝韩敏感区域的', '2013-07-22 12:29:12'),
(185, 13, '高峰：中国为何对韩国海军总长开放最尖端舰艇', '', '', '/30/show/40', '据韩联社7月9日报道，韩国海军9日表示，海军参谋总长崔润喜当天将访问中国，会见中国海军司令员吴胜利，就进一步加强两国军事合作与交流的方案进行商讨。韩国海军方面表示，崔润喜还将会见中国国防部长常万全，就地区安全局势和两国军事领域合作等事宜进行讨论。希望他此次访华之旅可进一步巩固两国军事合作。根据韩方媒体报道，崔润喜此行有意为中韩朝渔业纠纷可能引发的争端做出探索，并要求中国管制中国渔船在朝韩敏感区域的', '2013-07-22 12:29:12'),
(186, 33, '高峰：中国为何对韩国海军总长开放最尖端舰艇', '', '', '/30/show/40', '据韩联社7月9日报道，韩国海军9日表示，海军参谋总长崔润喜当天将访问中国，会见中国海军司令员吴胜利，就进一步加强两国军事合作与交流的方案进行商讨。韩国海军方面表示，崔润喜还将会见中国国防部长常万全，就地区安全局势和两国军事领域合作等事宜进行讨论。希望他此次访华之旅可进一步巩固两国军事合作。根据韩方媒体报道，崔润喜此行有意为中韩朝渔业纠纷可能引发的争端做出探索，并要求中国管制中国渔船在朝韩敏感区域的', '2013-07-22 12:29:12'),
(187, 25, '高峰：中国为何对韩国海军总长开放最尖端舰艇', '', '', '/30/show/40', '据韩联社7月9日报道，韩国海军9日表示，海军参谋总长崔润喜当天将访问中国，会见中国海军司令员吴胜利，就进一步加强两国军事合作与交流的方案进行商讨。韩国海军方面表示，崔润喜还将会见中国国防部长常万全，就地区安全局势和两国军事领域合作等事宜进行讨论。希望他此次访华之旅可进一步巩固两国军事合作。根据韩方媒体报道，崔润喜此行有意为中韩朝渔业纠纷可能引发的争端做出探索，并要求中国管制中国渔船在朝韩敏感区域的', '2013-07-22 12:29:12'),
(188, 39, '时言平：垮塌的大桥是否缺少责任的支撑', '', '', '/30/show/39', '7月8日晚起，四川遭受暴雨袭击。岷江、沱江、涪江出现超警戒、超保证水位，暴雨造成3座大桥垮塌。其中，江油青莲镇盘江大桥被冲垮，200米长桥上过往的车辆和行人瞬间落入滚滚江水中，当地正在组织救援，已确认3人获救6人失踪。汹涌洪水中的大桥垮塌，主要的原因恐怕是要归结于无情天灾下的不可抗力。但即便是这样，还是要打捞打捞怒涛中是否有人为的责任。这样的质询并非刁难，而是相信：有责任支撑的大桥，会更加的坚固牢', '2013-07-22 12:30:06'),
(189, 35, '时言平：垮塌的大桥是否缺少责任的支撑', '', '', '/30/show/39', '7月8日晚起，四川遭受暴雨袭击。岷江、沱江、涪江出现超警戒、超保证水位，暴雨造成3座大桥垮塌。其中，江油青莲镇盘江大桥被冲垮，200米长桥上过往的车辆和行人瞬间落入滚滚江水中，当地正在组织救援，已确认3人获救6人失踪。汹涌洪水中的大桥垮塌，主要的原因恐怕是要归结于无情天灾下的不可抗力。但即便是这样，还是要打捞打捞怒涛中是否有人为的责任。这样的质询并非刁难，而是相信：有责任支撑的大桥，会更加的坚固牢', '2013-07-22 12:30:06'),
(190, 25, '时言平：垮塌的大桥是否缺少责任的支撑', '', '', '/30/show/39', '7月8日晚起，四川遭受暴雨袭击。岷江、沱江、涪江出现超警戒、超保证水位，暴雨造成3座大桥垮塌。其中，江油青莲镇盘江大桥被冲垮，200米长桥上过往的车辆和行人瞬间落入滚滚江水中，当地正在组织救援，已确认3人获救6人失踪。汹涌洪水中的大桥垮塌，主要的原因恐怕是要归结于无情天灾下的不可抗力。但即便是这样，还是要打捞打捞怒涛中是否有人为的责任。这样的质询并非刁难，而是相信：有责任支撑的大桥，会更加的坚固牢', '2013-07-22 12:30:07'),
(191, 48, 'aa', '', 'blog/attachment/201307/11/21520412a4980f-ea31-11e2-bb3f-5cff350c7bf5.jpg', '/30/show/82', 'bb', '2013-07-22 13:46:11'),
(192, 14, '刘植荣：建世界最长海底隧道靠谱吗？', '', 'blog/attachment/201307/12/161202bbc242a1-eaca-11e2-9211-5cff350c7bf5.jpeg', '/30/show/83', '2013年7月11日《时代周报》报道，中国或将投资2600亿建连接辽宁大连和山东烟台的世界最长海底隧道，全长123公里，火车运行速度能达到每小时220公里，交中国铁路总公司管理运营。再过一个月，隧道最终方案将定稿，报告将以中国工程院的名义上报国务院。本文就分析中国建这个世界最长的海底隧道靠不靠谱。王梦恕院士忽悠称隧道12年收回成本负责该项目论证的中国工程院院士王梦恕在2012年5月带着国家拨付的3', '2013-07-22 14:21:45'),
(193, 12, '刘植荣：建世界最长海底隧道靠谱吗？', '', 'blog/attachment/201307/12/161202bbc242a1-eaca-11e2-9211-5cff350c7bf5.jpeg', '/30/show/83', '2013年7月11日《时代周报》报道，中国或将投资2600亿建连接辽宁大连和山东烟台的世界最长海底隧道，全长123公里，火车运行速度能达到每小时220公里，交中国铁路总公司管理运营。再过一个月，隧道最终方案将定稿，报告将以中国工程院的名义上报国务院。本文就分析中国建这个世界最长的海底隧道靠不靠谱。王梦恕院士忽悠称隧道12年收回成本负责该项目论证的中国工程院院士王梦恕在2012年5月带着国家拨付的3', '2013-07-22 14:21:45'),
(194, 10, '刘植荣：建世界最长海底隧道靠谱吗？', '', 'blog/attachment/201307/12/161202bbc242a1-eaca-11e2-9211-5cff350c7bf5.jpeg', '/30/show/83', '2013年7月11日《时代周报》报道，中国或将投资2600亿建连接辽宁大连和山东烟台的世界最长海底隧道，全长123公里，火车运行速度能达到每小时220公里，交中国铁路总公司管理运营。再过一个月，隧道最终方案将定稿，报告将以中国工程院的名义上报国务院。本文就分析中国建这个世界最长的海底隧道靠不靠谱。王梦恕院士忽悠称隧道12年收回成本负责该项目论证的中国工程院院士王梦恕在2012年5月带着国家拨付的3', '2013-07-22 14:21:45'),
(195, 8, '刘植荣：建世界最长海底隧道靠谱吗？', '', 'blog/attachment/201307/12/161202bbc242a1-eaca-11e2-9211-5cff350c7bf5.jpeg', '/30/show/83', '2013年7月11日《时代周报》报道，中国或将投资2600亿建连接辽宁大连和山东烟台的世界最长海底隧道，全长123公里，火车运行速度能达到每小时220公里，交中国铁路总公司管理运营。再过一个月，隧道最终方案将定稿，报告将以中国工程院的名义上报国务院。本文就分析中国建这个世界最长的海底隧道靠不靠谱。王梦恕院士忽悠称隧道12年收回成本负责该项目论证的中国工程院院士王梦恕在2012年5月带着国家拨付的3', '2013-07-22 14:21:45'),
(196, 49, '7日来全国暴雨洪涝等灾害造成35人死亡或失踪', '', '', '/30/show/75', '7月7日以来，四川盆地西部、西北地区东部、华北地区中南部、黄淮北部、华南南部出现明显降雨过程，局地出现大暴雨，并伴有雷电、冰雹等强对流天气，引发洪涝、风雹、山体滑坡、泥石流等灾害。据国家减灾办统计，截至7月10日9时，北京、河北、山西、内蒙古、黑龙江、江苏、安徽、山东、河南、四川、云南、陕西、甘肃、宁夏、新疆等15省（自治区、直辖市）146个县（区、市）167.1万人受灾，16人因灾死亡、19人失', '2013-07-23 07:26:35'),
(197, 1, '新闻晚8点：黑帮办报为己代言 富二代少女飚车', ' ', '/media/blog/attachment/201109291718425.jpg', '/30/show/45', ' ', '2013-07-23 13:27:11'),
(198, 1, '刘植荣：建世界最长海底隧道靠谱吗？', '  ', '/media/blog/attachment/201207261743282.jpg', '/30/show/83', ' ', '2013-07-23 13:27:11'),
(199, 1, '湖北随州一生物化工厂爆炸 造成1死6伤1失踪', ' ', '/media/blog/attachment/201109291718573.jpg', '/30/show/63', ' ', '2013-07-23 13:27:11'),
(200, 1, '广东吴川原公安副局长保护黑恶势力进校园赌球', ' ', '/media/blog/attachment/201109291719040.jpg', '/30/show/42', ' ', '2013-07-23 13:27:11'),
(201, 1, '河北赝品博物馆成科普基地 每年三四千学生参观', ' ', '/media/blog/attachment/201207311057406.jpg', '/30/show/52', ' ', '2013-07-23 13:27:11'),
(202, 8, '独家：苹果5周年限免神作，BADLAND开发者访谈', '', 'http://cms.csdnimg.cn/article/201307/23/51ee0d4730338_middle.jpg', '/1/show/89', 'App Store5周年之际，作为一款限免的游戏，BADLAND的推出席卷了全世界各大移动应用市场。在一周的时间内，BADLAND的下载量从28万飙升到740万。这一惊人的成绩只是因为限免么？答案就由BADLAND的创始人Johannes Vuorinen告诉你吧。CSDN: 请介绍一下自己和整个开发团队Johannes:&nbsp;BADLAND的制作是由Frogmind完成的，Frogmind', '2013-07-24 08:42:33'),
(205, 1, '[图]盘点美国阿波罗登月计划经典照片', '', 'http://static.cnbetacdn.com/newsimg/2013/0724/01374625131.jpg_w600.jpg', '/1/show/94', '1.阿波罗登月计划中由哈苏相机进行拍摄，展示了月球表面真实的情景2.&nbsp;阿波罗12号的宇航员使用哈苏相机拍摄从阿波罗8号开始，宇航员就使用哈苏EDC进行空间照相，尼尔·阿姆斯特朗和巴兹·奥尔德林用相机记录了登月的历史性时刻，在纪念阿波罗11号成功登陆月球44周年之际，哈苏相机为我们展示了月球上的真实情景。3.&nbsp;阿波罗17号指令舱对接的画面，由宇航员罗纳德•埃文斯拍摄4.&nbsp', '2013-07-24 14:15:56'),
(207, 18, 'QQ空间城市排行：看中国各地的社交趣事', '', 'http://images.cnitblog.com/news/66372/201307/25150652-d3e2487346bd46f6b34917cdd300a1cf.jpg', '/9/show/102', '　如果要从社交网站来分析中国各地的用户习惯，那么 QQ 空间绝对有资格说话。日前，腾讯根据 QQ 空间的数据发布了 2013 年中国城市社交力排行榜，其内容还是很有意思的，大家一起来看看：　　首都北京的社交标签是“老黄牛”，QQ 空间近一半应用都来自北京的开发者；国际大都市上海的社交标签是“母爱”，上传亲子照片的大多是上海妈妈；郑州人大款范儿，送礼物最多，收礼物也收到手软；深圳人民睡眠最少，每天最', '2013-07-25 07:34:00'),
(208, 14, '台湾高校发现360偷偷上传文件 建议全校师生卸载', '', 'http://images.cnitblog.com/news/66372/201307/25151105-d89cfbc202154af3b1b459e5859479b0.jpg', '/9/show/101', '关于 360 软件窃取用户隐私的报道已经屡见不鲜，日前台湾长庚大学发布公告称，360 软件在后台偷偷上传文件，为了系统安全，建议全校师生卸载 360 软件和手机 App。　　长庚大学网络组指出，近期发现校内有许多 IP 会上传 ZIP 压缩文档到 360 安全中心网站（www.360.cn），网络上有相关文件提及 360 软件会窃取用户隐私，该校信息安全设备检测到的结果也验证了这种说法。　　该校信', '2013-07-25 07:34:28'),
(209, 16, '路透社：移动互联网的重心向亚洲倾斜', '', 'http://images.cnitblog.com/news/66372/201307/25093644-7a3394d041e448649d2a9dce3606261a.jpg', '/8/show/99', '　　经过五年的高速增长，智能手机行业俨然已经进入一个平稳期，这一年营收规模达 2 万亿的高端智能手机市场不得不面对销量下降的现实。　　近日路透社撰文分析称，在未来几年移动生态系统的重心可能将从美国和西欧转向亚洲。　　IDC 此前发布的数据显示，今年 1 月至 3 月，欧洲智能手机出货量仅同比增长 12%，这是 IDC 自 2004 年追踪这一数据以来增幅最小的一个季度。路透社认为，运营商的手机补贴', '2013-07-25 07:34:41'),
(210, 20, 'Lumia 1020 全体验，诺基亚最强非你莫属', '', 'http://images.cnitblog.com/news/66372/201307/25093318-390013bf94024437a87b2e73b2fe32f5.jpg', '/8/show/98', '　　Lumia 1020 在前不久正式发布之后，外媒已经陆续拿到真机了，评测也先后新鲜出炉，对于一部手机来说，Lumia 1020 可供批判的不多，其综合实力无愧于诺基亚最强的称号。作为一部相机来说，Lumia 1020 也是完全合格的。好了，来看一下&nbsp;The Verge 给出的完全评测。　　多见仍倾心的外形　　如果说 Lumia 925 是诺基亚 Lumia 旗舰中的娇小姐的话，那么 ', '2013-07-25 07:35:03'),
(211, 22, '北京1名男子因停车争执当街摔死2岁女童(图)', '', 'http://img1.gtimg.com/news/pics/hv1/66/143/1378/89640981.jpg', '/7/show/96', '　　事发地点已被清理干净。京华时报记者赵思衡摄　　男子当街摔女童警方18小时擒凶　　女童送医路上死亡 嫌犯为刑满释放人员　　前晚8点50分左右，大兴区庑殿路西侧一公交站旁，两名驾车男子与一手推载有两岁女童的童车的女子发生争执，一男子动手殴打该女子，随后，男子又将女童从推车中抱出，重摔在地，并随后驾车逃离现场。事发后，女童在送医路上被确认死亡。　　女童熟睡被摔在地　　事发大兴区旧宫镇庑殿路西侧，72', '2013-07-25 07:35:28');

-- --------------------------------------------------------

--
-- 表的结构 `blog_block_category`
--

CREATE TABLE IF NOT EXISTS `blog_block_category` (
  `id` int(11) NOT NULL AUTO_INCREMENT,
  `namecn` varchar(80) CHARACTER SET utf8 NOT NULL,
  PRIMARY KEY (`id`)
) ENGINE=InnoDB  DEFAULT CHARSET=gbk AUTO_INCREMENT=3 ;

--
-- 转存表中的数据 `blog_block_category`
--

INSERT INTO `blog_block_category` (`id`, `namecn`) VALUES
(1, '默认分类'),
(2, '首页频道碎片');

-- --------------------------------------------------------

--
-- 表的结构 `blog_blog`
--

CREATE TABLE IF NOT EXISTS `blog_blog` (
  `id` int(11) NOT NULL,
  `avatar` varchar(80) CHARACTER SET utf8 DEFAULT ' ',
  `domain` varchar(200) CHARACTER SET utf8 NOT NULL,
  `title` varchar(200) CHARACTER SET utf8 NOT NULL,
  `description` varchar(200) CHARACTER SET utf8 NOT NULL,
  `keywords` varchar(200) CHARACTER SET utf8 NOT NULL,
  `about` varchar(500) CHARACTER SET utf8 NOT NULL,
  `announcement` varchar(500) CHARACTER SET utf8 NOT NULL,
  `types` varchar(200) CHARACTER SET utf8 DEFAULT NULL,
  `listenchannels` varchar(200) CHARACTER SET utf8 DEFAULT NULL,
  `modules` varchar(1000) CHARACTER SET utf8 NOT NULL,
  `template` varchar(50) CHARACTER SET utf8 NOT NULL,
  `css` varchar(500) CHARACTER SET utf8 NOT NULL,
  `headhtml` varchar(500) CHARACTER SET utf8 NOT NULL,
  `footerhtml` varchar(500) CHARACTER SET utf8 NOT NULL,
  `follows` int(11) DEFAULT '0' COMMENT '关注的人数',
  `befollows` int(11) DEFAULT '0' COMMENT '被关注数量（粉丝数）',
  `todayviews` int(11) NOT NULL,
  `totalviews` int(11) NOT NULL,
  `articles` int(11) NOT NULL,
  `comments` int(11) NOT NULL,
  `suggestes` int(11) DEFAULT '0',
  `lastsuggesttime` datetime DEFAULT NULL,
  `createtime` datetime NOT NULL,
  PRIMARY KEY (`id`)
) ENGINE=InnoDB DEFAULT CHARSET=gbk;

--
-- 转存表中的数据 `blog_blog`
--

INSERT INTO `blog_blog` (`id`, `avatar`, `domain`, `title`, `description`, `keywords`, `about`, `announcement`, `types`, `listenchannels`, `modules`, `template`, `css`, `headhtml`, `footerhtml`, `follows`, `befollows`, `todayviews`, `totalviews`, `articles`, `comments`, `suggestes`, `lastsuggesttime`, `createtime`) VALUES
(1, 'blog/avatar/000/00/01.gif', '', 'admin的博客', 'dddaa', 'test', ' aaaa', 'aaaa', '1,12,13,', '', 'profile,hotarticlelist,hotcommentlist', 'default', '', '', '', 9, 0, 197, 197, 4, 0, 0, NULL, '2013-06-21 06:34:56'),
(2, 'blog/avatar/000/00/02.jpg', 'daaa', 'uublog的博客a', 'aa', 'bb', 'cc', 'dd', '2,3,', '', 'profile,category,search,hotuserlist,newuserlist,hotarticlelist,followbloglist,hotcommentlist,badarticlelist,befollowbloglist,goodcommentlist,archive,newarticlelist,newcommentlist,goodarticlelist,bevisitbloglist,badcommentlist,tags,', 'default', 'av', 'bv', 'cv', 2, 0, 284, 284, 16, 6, 2, '2013-07-04 04:35:36', '2013-06-21 06:47:09'),
(3, 'blog/avatar/000/00/03.jpg', '', 'test5的博客', 'test5的博客test5的博客test5的博客test5的博客', '', '', '', '1,8,18,', '8,10,13,', 'profile,hotcommentlist,hotarticlelist,followbloglist,befollowbloglist', 'default', '', '', '', 4, 0, 98, 98, 3, 2, 4, '2013-07-06 12:15:29', '2013-06-28 04:55:23'),
(4, 'blog/avatar/000/00/04.gif', '', 'test6的博客', '', '', '', '', '1,3,11,17,23,', '', 'profile,hotarticlelist,hotcommentlist', 'default', '', '', '', 3, 0, 52, 52, 2, 0, 1, '2013-07-03 12:25:39', '2013-06-28 06:21:42'),
(5, 'blog/avatar/000/00/05.jpg', '', 'xiaohuang的博客', '', '', '', '', '1,5,13,24,', '1,2,', 'profile,category,befollowbloglist,hotarticlelist,hotcommentlist,followbloglist', 'default', '', '', '', 2, 0, 81, 81, 1, 0, 0, NULL, '2013-06-29 10:37:36'),
(6, 'blog/avatar/000/00/06.jpg', '', 'dd的博客', '', '', '', '', '1,6,19,', '', 'profile,category,hotcommentlist,hotarticlelist,followbloglist,bevisitbloglist,', 'default', '', '', '', 4, 0, 75, 75, 1, 0, 0, NULL, '2013-06-30 12:46:42'),
(7, 'blog/avatar/000/00/07.jpg', '', 'kongjian1的博客', '欢迎来我的博客', '', '', '', '1,18,', '67,', 'profile,befollowbloglist,hotcommentlist,hotarticlelist,bevisitbloglist,', 'default', '', '', '', 3, 0, 47, 47, 2, 0, 0, NULL, '2013-06-30 12:55:25'),
(8, '', '', 'kongjian2的博客', '', '', '', '', '', '', 'profile,hotarticlelist,hotcommentlist', 'default', '', '', '', 2, 0, 16, 16, 2, 0, 2, '2013-07-02 05:19:51', '2013-06-30 12:55:35'),
(9, '', '', 'kongjian3的博客', '', '', '', '', '', '', 'profile,hotarticlelist,hotcommentlist', 'default', '', '', '', 2, 0, 16, 16, 5, 0, 0, NULL, '2013-06-30 12:55:45'),
(10, 'blog/avatar/000/00/10.jpg', '', 'kongjian4的博客', '', '', '', '', '2,6,21,', '', 'profile,category,hotcommentlist,hotarticlelist,followbloglist', 'default', '', '', '', 6, 2, 95, 95, 1, 0, 6, '2013-07-12 11:09:16', '2013-06-30 12:55:55'),
(11, 'blog/avatar/000/00/11.jpg', '', 'qiqi的博客', '', '', '', '', '1,4,17,', '', 'profile,category,hotarticlelist,hotcommentlist,followbloglist', 'default', '', '', '', 2, 0, 18, 18, 1, 1, 1, '2013-07-02 04:21:38', '2013-06-30 13:06:58'),
(12, 'blog/avatar/000/00/12.jpg', '', '悠悠闲云', '凤凰论坛高级写手。天涯名博', 'asdf', 'aaa', 'dddd', '1,19,', '', 'profile,category,befollowbloglist,hotarticlelist,followbloglist,hotcommentlist,goodarticlelist,bevisitbloglist,', 'default', '', '', '', 4, 4, 149, 149, 2, 6, 5, '2013-07-03 12:46:00', '2013-07-01 04:49:44'),
(14, '', '', 'ddd的博客', '', '', '', '', '', '', 'profile,category,hotarticlelist,hotcommentlist,followbloglist', 'default', '', '', '', 0, 1, 7, 7, 0, 0, 0, '2013-07-02 15:34:16', '2013-07-02 15:34:17'),
(15, '', '', 'ccc的博客', '', '', '', '', '', '', 'profile,category,hotarticlelist,hotcommentlist,followbloglist', 'default', '', '', '', 1, 0, 20, 20, 0, 0, 0, '2013-07-03 01:10:44', '2013-07-03 01:11:03'),
(16, '', '', 'ttt的博客', 'ttt的博客ttt的博客', '', '', '', '', '', 'profile,category,hotarticlelist,hotcommentlist,followbloglist', 'default', '', '', '', 0, 0, 87, 87, 0, 0, 0, '2013-07-03 12:19:23', '2013-07-03 12:20:06'),
(17, '', '', 'aaa的博客', '', '', '', '', '', '', 'profile,category,hotarticlelist,hotcommentlist,followbloglist', 'default', '', '', '', 0, 0, 7, 7, 0, 0, 0, '2013-07-06 12:07:34', '2013-07-06 12:08:33'),
(18, 'blog/avatar/000/00/18.png', '', 'night的博客', '欢迎来night的博客', '', '', '', '2,3,', '', 'profile,category,hotarticlelist,hotcommentlist,followbloglist', 'default', '', '', '', 1, 0, 22, 22, 0, 0, 0, '2013-07-06 14:38:15', '2013-07-06 14:46:00'),
(19, '', '', 'one的博客', '欢迎来one的博客', 'one', '', '', '1,2,', '', 'profile,category,hotarticlelist,hotcommentlist,followbloglist,bevisitbloglist', 'default', '', '', '', 1, 1, 72, 72, 8, 0, 1, '2013-07-16 09:37:23', '2013-07-08 06:23:16'),
(20, '', '', 'ni的博客', '欢迎来ni的博客', 'ni', '', '', '', '', 'profile,category,hotarticlelist,hotcommentlist,followbloglist,bevisitbloglist', 'default', '', '', '', 1, 0, 5, 5, 0, 0, 0, '2013-07-08 13:10:58', '2013-07-08 13:11:38'),
(22, '', '', 'gg的博客', '欢迎来gg的博客', 'gg', '', '', '', '', 'profile,category,hotarticlelist,hotcommentlist,followbloglist,bevisitbloglist', 'default', '', '', '', 0, 0, 2, 2, 0, 0, 0, '2013-07-09 12:41:35', '2013-07-09 12:48:55'),
(23, '', '', 'tt的博客', '欢迎来tt的博客', 'tt', '', '', '', '', 'profile,category,hotarticlelist,hotcommentlist,followbloglist,bevisitbloglist', 'default', '', '', '', 0, 0, 6, 6, 0, 0, 0, '2013-07-09 13:45:34', '2013-07-09 14:13:29'),
(28, '', '', 'aa的博客', '欢迎来aa的博客', 'aa', '', '', '', '', 'profile,category,hotarticlelist,hotcommentlist,followbloglist,bevisitbloglist', 'default', '', '', '', 0, 1, 4, 4, 0, 0, 0, '2013-07-10 04:59:34', '2013-07-10 05:06:42'),
(30, 'blog/avatar/000/00/30.jpg', 'aaa', 'aab的博客', '欢迎来aab的博客', 'aab', ' ', '', '1,2,19,', '', 'profile,category,hotarticlelist,hotcommentlist,followbloglist,bevisitbloglist', 'temp1', '', '', '', 4, 1, 259, 259, 45, 1, 0, '2013-07-10 05:12:23', '2013-07-10 06:45:16'),
(31, '', '', 'jianjian的博客', '欢迎来jianjian的博客', 'jianjian', '', '', '', '', 'profile,category,hotarticlelist,hotcommentlist,followbloglist,bevisitbloglist', 'default', '', '', '', 0, 1, 19, 19, 1, 0, 0, '2013-07-21 12:44:41', '2013-07-21 12:48:27');

-- --------------------------------------------------------

--
-- 表的结构 `blog_blogtype`
--

CREATE TABLE IF NOT EXISTS `blog_blogtype` (
  `id` int(11) NOT NULL AUTO_INCREMENT,
  `blog_id` int(11) DEFAULT NULL,
  `type_id` int(11) DEFAULT NULL,
  PRIMARY KEY (`id`)
) ENGINE=InnoDB  DEFAULT CHARSET=gbk AUTO_INCREMENT=43 ;

--
-- 转存表中的数据 `blog_blogtype`
--

INSERT INTO `blog_blogtype` (`id`, `blog_id`, `type_id`) VALUES
(1, 3, 1),
(2, 3, 6),
(3, 3, 11),
(4, 4, 15),
(5, 4, 1),
(6, 4, 2),
(7, 4, 3),
(8, 4, 6),
(9, 4, 4),
(10, 4, 18),
(11, 2, 1),
(12, 2, 14),
(16, 2, 18),
(18, 2, 12),
(21, 2, 6),
(22, 2, 10),
(25, 2, 11),
(27, 2, 17),
(29, 2, 24),
(30, 2, 26),
(31, 2, 22),
(32, 2, 20),
(33, 2, 23),
(34, 2, 19),
(35, 2, 25),
(36, 3, 12),
(37, 3, 20),
(38, 3, 26),
(39, 3, 5),
(40, 3, 21),
(41, 3, 22),
(42, 3, 25);

-- --------------------------------------------------------

--
-- 表的结构 `blog_blog_widget`
--

CREATE TABLE IF NOT EXISTS `blog_blog_widget` (
  `id` int(11) NOT NULL AUTO_INCREMENT,
  `blog_id` int(11) NOT NULL,
  `widget_id` varchar(80) CHARACTER SET utf8 NOT NULL DEFAULT ' ',
  `title` varchar(80) CHARACTER SET utf8 NOT NULL DEFAULT ' ',
  `params` varchar(200) CHARACTER SET utf8 DEFAULT NULL,
  `attvalues` varchar(2000) CHARACTER SET utf8 DEFAULT NULL,
  `datavalues` varchar(2000) CHARACTER SET utf8 DEFAULT NULL,
  `sortnum` int(11) NOT NULL DEFAULT '0',
  PRIMARY KEY (`id`),
  KEY `blog_blog_widget_6f33f001` (`widget_id`)
) ENGINE=InnoDB  DEFAULT CHARSET=gbk AUTO_INCREMENT=91 ;

--
-- 转存表中的数据 `blog_blog_widget`
--

INSERT INTO `blog_blog_widget` (`id`, `blog_id`, `widget_id`, `title`, `params`, `attvalues`, `datavalues`, `sortnum`) VALUES
(1, 1, 'archive', '归档', '{"uid":1}', '', '', 8),
(2, 1, 'badarticlelist', '鄙视文章', '{"uid":1}', '', '', 0),
(3, 1, 'category', '分类aaa', '{"uid":1}', '', '', 9),
(4, 30, 'followbloglist', 'Ta关注的', '{"uid":30}', '', '', 0),
(5, 30, 'hotcommentlist', '热门评论', NULL, '', '', 0),
(6, 30, 'hotarticlelist', '热门文章', NULL, '', '', 0),
(7, 30, 'test', 'test 测试模块', NULL, '{"test_height": "20", "test_width": "100", "test_name": "aaa"}', '[{"test_linkurl": "1", "test_linkname": "a"}, {"test_linkurl": "2", "test_linkname": "b"}, {"test_linkurl": "3", "test_linkname": "c"}, {"test_linkurl": "dd", "test_linkname": "cc"}]', 0),
(8, 30, 'customhtml', '自我介绍', NULL, '', '我叫xxx', 0),
(9, 30, 'customlist', '友情连接', NULL, '', '[{"customlist_linkdescp": "c", "customlist_linkimg": "d", "customlist_linkurl": "b", "customlist_linkname": "a"}, {"customlist_linkdescp": "3", "customlist_linkimg": "4", "customlist_linkurl": "2", "customlist_linkname": "1"}, {"customlist_linkdescp": "c", "customlist_linkimg": "eee", "customlist_linkurl": "b", "customlist_linkname": "a"}, {"customlist_linkdescp": "sddddddddd", "customlist_linkimg": "sddsdsd", "customlist_linkurl": "asfddsfdsf", "customlist_linkname": "asdfasfd"}]', 0),
(10, 30, 'customurl', 'url组件', NULL, '', 'aaaaaaaaaaa', 0),
(11, 30, 'customlist', '友情链接2', NULL, '', '[{"customlist_linkdescp": "c", "customlist_linkimg": "d", "customlist_linkurl": "b", "customlist_linkname": "a"}, {"customlist_linkdescp": "3", "customlist_linkimg": "4", "customlist_linkurl": "2", "customlist_linkname": "1"}, {"customlist_linkdescp": "ccc", "customlist_linkimg": "ddd", "customlist_linkurl": "bbb", "customlist_linkname": "aaa"}]', 0),
(12, 30, 'archive', '归档', '{"uid":30}', '', '', 0),
(13, 30, 'archive', '5月份归档', '{"uid":30}', '', '', 10),
(14, 30, 'badcommentlist', '鄙视评论', '{"uid":30}', '', '', 0),
(15, 1, 'customlist', '自定义列表组件', NULL, '', '[{"customlist_linkdescp": "c", "customlist_linkimg": "d", "customlist_linkurl": "b", "customlist_linkname": "a"}, {"customlist_linkdescp": "3", "customlist_linkimg": "4", "customlist_linkurl": "2", "customlist_linkname": "1"}]', 0),
(16, 1, 'blocktest', 'blocktest', '', '', '', 0),
(17, 1, 'profile', '个人资料', '{"uid":1}', '', NULL, 200),
(18, 30, 'profile', '个人资料', '{"uid":30}', '', NULL, 20),
(19, 1, 'customhtml', '自定义文本组件', '', '', 'aaaaaaaa', 0),
(20, 1, 'customurl', '自定义Url组件', '', '', 'http://www.baidu.com', 0),
(21, 10, 'profile', '个人资料', '{"uid":10}', '', NULL, 0),
(22, 10, 'befollowbloglist', '关注Ta的', '{"uid":10}', '', NULL, 0),
(23, 10, 'followbloglist', 'Ta关注的', '{"uid":10}', '', NULL, 0),
(24, 10, 'hotarticlelist', '热门文章', '{"uid":10}', '', '', 0),
(25, 10, 'customhtml', '个人介绍', '', '', '大家好，我叫你好吗', 0),
(26, 31, 'profile', '个人资料', '{"uid":31}', '', NULL, 0),
(27, 31, 'category', '分类', '{"uid":31}', '', NULL, 0),
(28, 31, 'hotarticlelist', '热门文章', '{"uid":31}', '', '', 0),
(29, 31, 'hotcommentlist', '热门评论', '{"uid":31}', '', NULL, 0),
(30, 31, 'followbloglist', 'Ta关注的', '{"uid":31}', '', NULL, 0),
(31, 31, 'bevisitbloglist', '最近访客', '{"uid":31}', '', NULL, 0),
(32, 1, 'test', 'test', '', '{"test_height": "", "test_width": "", "test_name": ""}', NULL, 0),
(33, 2, 'profile', '个人资料', '{"uid":2}', '', NULL, 0),
(34, 2, 'category', '分类', '{"uid":2}', '', NULL, 0),
(35, 2, 'hotarticlelist', '热门文章', '{"uid":2}', '', '', 0),
(36, 2, 'hotcommentlist', '热门评论', '{"uid":2}', '', NULL, 0),
(37, 2, 'befollowbloglist', '关注Ta的', '{"uid":2}', '', NULL, 0),
(38, 2, 'followbloglist', 'Ta关注的', '{"uid":2}', '', NULL, 0),
(39, 2, 'bevisitbloglist', '最近访客', '{"uid":2}', '', NULL, 0),
(40, 3, 'profile', '个人资料', '{"uid":3}', '', NULL, 0),
(41, 3, 'category', '分类', '{"uid":3}', '', NULL, 0),
(42, 3, 'hotarticlelist', '热门文章', '{"uid":3}', '', '', 0),
(43, 3, 'hotcommentlist', '热门评论', '{"uid":3}', '', NULL, 0),
(44, 3, 'befollowbloglist', '关注Ta的', '{"uid":3}', '', NULL, 0),
(45, 3, 'followbloglist', 'Ta关注的', '{"uid":3}', '', NULL, 0),
(46, 4, 'profile', '个人资料', '{"uid":4}', '', NULL, 0),
(47, 4, 'category', '分类', '{"uid":4}', '', NULL, 0),
(48, 4, 'hotarticlelist', '热门文章', '{"uid":4}', '', '', 0),
(49, 4, 'hotcommentlist', '热门评论', '{"uid":4}', '', NULL, 0),
(50, 4, 'bevisitbloglist', '最近访客', '{"uid":4}', '', NULL, 0),
(51, 5, 'profile', '个人资料', '{"uid":5}', '', NULL, 0),
(52, 5, 'category', '分类', '{"uid":5}', '', NULL, 0),
(53, 5, 'hotarticlelist', '热门文章', '{"uid":5}', '', '', 0),
(54, 5, 'hotcommentlist', '热门评论', '{"uid":5}', '', NULL, 0),
(55, 5, 'followbloglist', 'Ta关注的', '{"uid":5}', '', NULL, 0),
(56, 5, 'bevisitbloglist', '最近访客', '{"uid":5}', '', NULL, 0),
(57, 6, 'profile', '个人资料', '{"uid":6}', '', NULL, 0),
(58, 6, 'search', '搜索', '{"uid":6}', '', NULL, 0),
(59, 6, 'category', '分类', '{"uid":6}', '', NULL, 0),
(60, 6, 'tags', 'Tags', '{"uid":6}', '', NULL, 0),
(61, 6, 'archive', '归档', '{"uid":6}', '', NULL, 0),
(62, 6, 'newarticlelist', '最新文章', '{"uid":6}', '', NULL, 0),
(63, 6, 'hotarticlelist', '热门文章', '{"uid":6}', '', '', 0),
(64, 6, 'goodarticlelist', '推荐文章', '{"uid":6}', '', NULL, 0),
(65, 6, 'badarticlelist', '鄙视文章', '{"uid":6}', '', NULL, 0),
(66, 6, 'newcommentlist', '最新评论', '{"uid":6}', '', NULL, 0),
(67, 6, 'hotcommentlist', '热门评论', '{"uid":6}', '', NULL, 0),
(68, 6, 'goodcommentlist', '推荐评论', '{"uid":6}', '', NULL, 0),
(69, 6, 'badcommentlist', '鄙视评论', '{"uid":6}', '', NULL, 0),
(70, 6, 'newuserlist', '最新用户', '{"uid":6}', '', NULL, 0),
(71, 6, 'hotuserlist', '热门用户', '{"uid":6}', '', NULL, 0),
(72, 6, 'befollowbloglist', '关注Ta的', '{"uid":6}', '', NULL, 0),
(73, 6, 'followbloglist', 'Ta关注的', '{"uid":6}', '', NULL, 0),
(74, 6, 'bevisitbloglist', '最近访客', '{"uid":6}', '', NULL, 0),
(75, 6, 'customurl', '自定义Url组件', '', '', 'http://www.baidu.com', 0),
(76, 6, 'customhtml', '自定义文本组件', '', '', NULL, 0),
(77, 6, 'customlist', '自定义列表组件', '', '', NULL, 0),
(78, 7, 'profile', '个人资料', '{"uid":7}', '', NULL, 0),
(79, 7, 'category', '分类', '{"uid":7}', '', NULL, 0),
(80, 7, 'newarticlelist', '最新文章', '{"uid":7}', '', NULL, 0),
(81, 7, 'followbloglist', 'Ta关注的', '{"uid":7}', '', NULL, 0),
(82, 8, 'profile', '个人资料', '{"uid":8}', '', NULL, 0),
(83, 8, 'category', '分类', '{"uid":8}', '', NULL, 0),
(84, 8, 'hotarticlelist', '热门文章', '{"uid":8}', '', '', 0),
(85, 8, 'newcommentlist', '最新评论', '{"uid":8}', '', NULL, 0),
(86, 8, 'followbloglist', 'Ta关注的', '{"uid":8}', '', NULL, 0),
(87, 8, 'bevisitbloglist', '最近访客', '{"uid":8}', '', NULL, 0),
(88, 9, 'profile', '个人资料', '{"uid":9}', '', NULL, 0),
(89, 9, 'hotarticlelist', '热门文章', '{"uid":9}', '', '', 0),
(90, 9, 'followbloglist', 'Ta关注的', '{"uid":9}', '', NULL, 0);

-- --------------------------------------------------------

--
-- 表的结构 `blog_category`
--

CREATE TABLE IF NOT EXISTS `blog_category` (
  `id` int(11) NOT NULL AUTO_INCREMENT,
  `name` varchar(80) CHARACTER SET utf8 NOT NULL,
  `sortnum` int(11) NOT NULL,
  `articles` int(11) NOT NULL,
  `isnav` tinyint(1) NOT NULL DEFAULT '1',
  `user_id` int(11) NOT NULL,
  PRIMARY KEY (`id`)
) ENGINE=InnoDB  DEFAULT CHARSET=gbk AUTO_INCREMENT=41 ;

--
-- 转存表中的数据 `blog_category`
--

INSERT INTO `blog_category` (`id`, `name`, `sortnum`, `articles`, `isnav`, `user_id`) VALUES
(1, '未分类', -1, -1, 1, -1),
(2, '明星', 1, 12, 1, 2),
(3, '分类1', 1, 0, 1, 3),
(4, '分类2', 2, 0, 1, 3),
(5, '分类3', 3, 1, 1, 3),
(6, '分类4', 4, 0, 1, 3),
(7, '分类5', 5, 2, 1, 3),
(8, '个人', 1, 0, 1, 5),
(9, '工作', 4, 1, 1, 5),
(10, 'wuwu', 1, 0, 1, 6),
(11, '电影', 2, 0, 1, 6),
(12, '电视', 4, 0, 1, 6),
(13, '音乐', 5, 1, 1, 6),
(14, 'tttt', 1, 0, 1, 10),
(15, 'eee', 3, 0, 1, 10),
(16, 'asfd', 3, 0, 1, 10),
(17, 'asdfddd6', 5, 1, 1, 10),
(18, 'ddd', 2, 0, 1, 11),
(19, 'ttt', 5, 1, 1, 11),
(20, 'hjhhhh', 7, 0, 1, 11),
(21, 'oooo', 1, 0, 1, 7),
(22, 'yyyy', 8, 2, 1, 7),
(23, '自然', 2, 2, 1, 12),
(24, '式', 3, 2, 1, 2),
(25, 'aa', 2, 0, 1, 2),
(28, 'aa', 3, 0, 1, 18),
(29, 'eee', 2, 0, 1, 18),
(30, 'afdas', 4, 0, 1, 18),
(31, '分类1', 1, 0, 1, 19),
(32, '工作', 2, 1, 1, 19),
(33, '生活', 5, 7, 1, 19),
(34, '新闻', 1, 1, 1, 30),
(35, '资讯', 3, 1, 1, 30),
(36, '评论', 5, 43, 1, 30),
(37, 'ccc', 3, 0, 1, 31),
(38, 'ddd', 5, 1, 1, 31),
(39, 'aaa', 3, 0, 1, 31),
(40, 'bbb', 3, 3, 1, 1);

-- --------------------------------------------------------

--
-- 表的结构 `blog_channel`
--

CREATE TABLE IF NOT EXISTS `blog_channel` (
  `id` int(11) NOT NULL AUTO_INCREMENT,
  `parent_id` int(11) NOT NULL DEFAULT '0',
  `name` varchar(80) CHARACTER SET utf8 NOT NULL,
  `namecn` varchar(80) CHARACTER SET utf8 DEFAULT NULL,
  `sortnum` int(11) DEFAULT '0',
  `articles` int(11) DEFAULT '0',
  `isenable` tinyint(1) NOT NULL DEFAULT '1',
  PRIMARY KEY (`id`)
) ENGINE=InnoDB  DEFAULT CHARSET=gbk AUTO_INCREMENT=147 ;

--
-- 转存表中的数据 `blog_channel`
--

INSERT INTO `blog_channel` (`id`, `parent_id`, `name`, `namecn`, `sortnum`, `articles`, `isenable`) VALUES
(1, 0, '文化', NULL, 0, 7, 1),
(2, 0, '体育', NULL, 0, 24, 1),
(3, 0, '娱乐', NULL, 0, 8, 1),
(4, 0, '美食', NULL, 0, 20, 1),
(5, 0, '股票', NULL, 0, 22, 1),
(6, 0, 'IT', NULL, 0, 36, 1),
(7, 0, '军事', NULL, 0, 37, 1),
(8, 0, '杂谈', NULL, 0, 40, 1),
(9, 0, '游戏', NULL, 0, 45, 1),
(10, 0, '教育', NULL, 0, 42, 1),
(11, 0, '育儿', NULL, 0, 0, 1),
(12, 0, '旅游', NULL, 0, 0, 1),
(13, 0, '房产', NULL, 0, 0, 1),
(14, 0, '汽车', NULL, 0, 0, 1),
(15, 0, '星座', NULL, 0, 2, 1),
(16, 0, '时尚', NULL, 0, 2, 1),
(17, 0, '家居', NULL, 0, 2, 1),
(18, 0, '健康', NULL, 0, 4, 1),
(19, 0, '休闲', NULL, 0, 0, 1),
(20, 0, '情感', NULL, 0, 0, 1),
(21, 0, '校园', NULL, 0, 0, 1),
(22, 0, '财经', NULL, 0, 0, 1),
(23, 0, '自然', NULL, 0, 0, 1),
(24, 0, '插画', NULL, 0, 0, 1),
(25, 0, '明星', NULL, 0, 75, 1),
(26, 0, '资讯', NULL, 0, 80, 1),
(27, 0, '生活', NULL, 0, 0, 1),
(29, 15, '笑话百科', NULL, 0, 0, 1),
(30, 15, '各种萌', NULL, 0, 0, 1),
(31, 15, '调侃趣多多', NULL, 0, 0, 1),
(32, 15, '其他搞笑', NULL, 0, 0, 1),
(33, 6, '服饰搭配', NULL, 0, 0, 1),
(34, 6, '鞋包配饰', NULL, 0, 0, 1),
(35, 6, '奢侈品', NULL, 0, 0, 1),
(36, 6, '美容美发', NULL, 0, 0, 1),
(37, 6, '美体瘦身', NULL, 0, 0, 1),
(38, 6, '购物社区', NULL, 0, 0, 1),
(39, 6, '其他时尚', NULL, 0, 0, 1),
(40, 26, '热点资讯', NULL, 0, 0, 1),
(41, 26, '时事', NULL, 0, 0, 1),
(42, 26, '军事', NULL, 0, 0, 1),
(43, 26, '科技数码', NULL, 0, 0, 1),
(44, 26, '汽车', NULL, 0, 0, 1),
(45, 26, '体育', NULL, 0, 0, 1),
(46, 26, '财经', NULL, 0, 0, 1),
(47, 26, '其他资讯', NULL, 0, 0, 1),
(48, 2, '国内游', NULL, 0, 2, 1),
(49, 2, '国外游', NULL, 0, 0, 1),
(50, 2, '主题游', NULL, 0, 0, 1),
(51, 2, '人在旅途', NULL, 0, 0, 1),
(52, 2, '其他旅行', NULL, 0, 0, 1),
(53, 3, '美味食谱', NULL, 0, 0, 1),
(54, 3, '烘焙甜品', NULL, 0, 0, 1),
(55, 3, '美酒饮品', NULL, 0, 0, 1),
(56, 3, '天下吃货', NULL, 0, 0, 1),
(57, 3, '其他美食', NULL, 0, 0, 1),
(58, 10, '电影', NULL, 0, 10, 1),
(59, 10, '热播剧', NULL, 0, 0, 1),
(60, 10, '视频', NULL, 0, 0, 1),
(61, 10, '游戏', NULL, 0, 0, 1),
(62, 10, '啪啪·唱吧', NULL, 0, 0, 1),
(63, 10, '音乐', NULL, 0, 0, 1),
(64, 10, '其他娱乐', NULL, 0, 0, 1),
(65, 14, '动漫名作', NULL, 0, 0, 1),
(66, 14, '动漫风格', NULL, 0, 0, 1),
(67, 14, '动漫达人', NULL, 0, 0, 1),
(68, 1, '人文历史', NULL, 0, 1, 1),
(69, 1, '原创文学', NULL, 0, 0, 1),
(70, 1, '书籍评论', NULL, 0, 0, 1),
(71, 1, '文化评论', NULL, 0, 0, 1),
(72, 2, '篮球风云', NULL, 0, 0, 1),
(73, 2, '天下足球', NULL, 0, 2, 1),
(74, 2, '综合体育', NULL, 0, 0, 1),
(75, 3, '明星日志', NULL, 0, 0, 1),
(76, 3, '八卦爆料', NULL, 0, 0, 1),
(77, 3, '影音评论', NULL, 0, 0, 1),
(78, 3, '粉丝心情', NULL, 0, 0, 1),
(79, 4, '美食推介', NULL, 0, 0, 1),
(80, 4, '餐厅品鉴', NULL, 0, 0, 1),
(81, 4, '食谱大全', NULL, 0, 0, 1),
(82, 5, '行情汇报', NULL, 0, 0, 1),
(83, 5, '走势分析', NULL, 0, 0, 1),
(84, 5, '股票心得', NULL, 0, 0, 1),
(85, 6, '数码科技', NULL, 0, 12, 1),
(86, 6, 'IT评论', NULL, 0, 12, 1),
(87, 6, '科技动态', NULL, 0, 6, 1),
(88, 7, '军事热点', NULL, 0, 0, 1),
(89, 7, '军情揭秘', NULL, 0, 0, 1),
(90, 7, '军史回顾', NULL, 0, 0, 1),
(91, 7, '军事装备', NULL, 0, 0, 1),
(92, 8, '随笔感悟', NULL, 0, 0, 1),
(93, 8, '生活记录', NULL, 0, 8, 1),
(94, 8, '综合评论', NULL, 0, 0, 1),
(95, 9, '游戏新闻', NULL, 0, 0, 1),
(96, 9, '评论杂谈', NULL, 0, 0, 1),
(97, 9, '游戏介绍', NULL, 0, 0, 1),
(98, 9, '游戏cosplay', NULL, 0, 0, 1),
(99, 9, '攻略心得', NULL, 0, 0, 1),
(100, 10, '教育时评', NULL, 0, 0, 1),
(101, 10, '考试资料', NULL, 0, 0, 1),
(102, 10, '教育交流', NULL, 0, 0, 1),
(103, 11, '亲子孕育', NULL, 0, 0, 1),
(104, 11, '怀孕生子', NULL, 0, 0, 1),
(105, 11, '婴幼教育', NULL, 0, 0, 1),
(106, 11, '温馨家庭', NULL, 0, 0, 1),
(107, 12, '旅游景点', NULL, 0, 0, 1),
(108, 12, '路线推介', NULL, 0, 0, 1),
(109, 12, '交通住宿', NULL, 0, 0, 1),
(110, 12, '游记散文', NULL, 0, 0, 1),
(111, 13, '地产行情', NULL, 0, 0, 1),
(112, 13, '房屋推介', NULL, 0, 0, 1),
(113, 13, '租住日记', NULL, 0, 0, 1),
(114, 14, '行业评论', NULL, 0, 0, 1),
(115, 14, '业界动态', NULL, 0, 0, 1),
(116, 14, '汽车产品', NULL, 0, 0, 1),
(117, 14, '精彩旅程', NULL, 0, 0, 1),
(118, 15, '星座命运', NULL, 0, 0, 1),
(119, 15, '预测生肖', NULL, 0, 0, 1),
(120, 15, '占卜测试', NULL, 0, 0, 1),
(121, 16, '美丽潮流', NULL, 0, 16, 1),
(122, 16, '流行服饰', NULL, 0, 0, 1),
(123, 16, '时尚杂志', NULL, 0, 0, 1),
(124, 17, '家装设计', NULL, 0, 34, 1),
(125, 17, '家居生活', NULL, 0, 0, 1),
(126, 17, '装修点滴', NULL, 0, 0, 1),
(127, 18, '健康资讯', NULL, 0, 0, 1),
(128, 18, '寻医问药', NULL, 0, 0, 1),
(129, 18, '保健养生', NULL, 0, 0, 1),
(130, 18, '心理卫生', NULL, 0, 0, 1),
(131, 18, '美容瘦身', NULL, 0, 0, 1),
(132, 19, '私人生活', NULL, 0, 0, 1),
(133, 19, '休闲方式', NULL, 0, 0, 1),
(134, 19, '减压放松', NULL, 0, 19, 1),
(135, 19, '家中宠物', NULL, 0, 0, 1),
(136, 20, '情感故事', NULL, 0, 0, 1),
(137, 20, '青春随想', NULL, 0, 0, 1),
(138, 20, '血缘亲情', NULL, 0, 0, 1),
(139, 20, '同志爱人', NULL, 0, 0, 1),
(140, 21, '校园生活', NULL, 0, 0, 1),
(141, 21, '青春梦想', NULL, 0, 0, 1),
(142, 21, '留学就业', NULL, 0, 0, 1),
(143, 22, '证券理财', NULL, 0, 0, 1),
(144, 22, '理财技巧', NULL, 0, 0, 1),
(145, 22, '产经发展', NULL, 0, 0, 1),
(146, 22, '经济管理', NULL, 0, 0, 1);

-- --------------------------------------------------------

--
-- 表的结构 `blog_comment`
--

CREATE TABLE IF NOT EXISTS `blog_comment` (
  `id` int(11) NOT NULL AUTO_INCREMENT,
  `article_id` int(11) NOT NULL,
  `user_id` int(11) NOT NULL,
  `username` varchar(80) CHARACTER SET utf8 NOT NULL,
  `content` longtext CHARACTER SET utf8 NOT NULL,
  `createtime` datetime NOT NULL,
  `goods` int(11) NOT NULL,
  `bads` int(11) NOT NULL,
  `reply_id` int(11) NOT NULL,
  PRIMARY KEY (`id`),
  KEY `UUBlog_comment_e669cc35` (`article_id`)
) ENGINE=InnoDB  DEFAULT CHARSET=gbk AUTO_INCREMENT=17 ;

--
-- 转存表中的数据 `blog_comment`
--

INSERT INTO `blog_comment` (`id`, `article_id`, `user_id`, `username`, `content`, `createtime`, `goods`, `bads`, `reply_id`) VALUES
(1, 1, 2, 'uublog', 'asdfafds', '2013-06-21 09:38:51', 0, 0, 0),
(2, 9, 2, 'uublog', '残酷的竞争中杀出一条血路。\r\n　　中国内互联网企业的厮杀也异常激烈，大企业瞬间复制模仿你，秒杀你，2004年9月，QQ游戏平台将联众赶下了中国第一休闲游戏门户的宝座。我记得那个时候室友还在上面玩游戏，现在联众早已被网民遗忘，以至于记得当时的新闻是，"多年以后，在北京知春路的一家咖啡馆，联众创始人鲍岳桥谈起当年腾讯对联众的围剿和逼迫，仍然耿耿于怀。在两个小时的采访中，他连续抽了两包烟"。20', '2013-06-22 05:24:02', 0, 0, 0),
(3, 26, 2, 'uublog', 'gggg', '2013-07-02 12:29:56', 0, 0, 0),
(4, 26, 2, 'uublog', 'gggg', '2013-07-02 12:30:10', 0, 0, 0),
(5, 9, 2, 'uublog', 'FFFF', '2013-07-02 12:39:47', 0, 0, 0),
(6, 15, 16, 'ttt', '磊', '2013-07-03 13:12:44', 0, 0, 0),
(7, 26, 15, 'username', 'content', '2013-07-04 14:03:58', 0, 0, 0),
(8, 26, 15, 'username', 'content', '2013-07-04 14:04:18', 0, 0, 0),
(9, 26, 2, 'uublog', 'adfsadeee', '2013-07-05 08:54:40', 0, 0, 0),
(10, 26, 2, 'uublog', '胁要泼硫酸，则证明了中国的某些狗粉们已经沦落到了与恶狗为伍的地步，本来狗只是通人性的动物，爱狗人士总喜欢以狗对主人忠诚而将狗比作比人类还高尚，但狗忠诚主人并不意味着它们不咬别人，这种高尚就算成立也是自私的。相反目前一些狗粉们动辄极端的个人言行却彰显出确实比狗还低劣，谩骂加暴力，与西方在对待狗的态度上崇尚的爱心可谓南辕北辙。\r\n', '2013-07-05 08:56:07', 0, 0, 0),
(11, 15, 2, 'uublog', '里面拍产品照，结果看见两个新娘进来拍照。\r\n我们老大很惊奇地问，这是怎么回事呢？新郎呢？\r\n然后摄影师说，她们拍得是闺蜜', '2013-07-05 08:58:30', 0, 0, 0),
(12, 24, 2, 'uublog', '面试我，这次终于也当了一次面试官。这次才真正体会到，其实面试官有时候可能比求职者，要付出更多时间来准', '2013-07-05 09:01:08', 0, 0, 0),
(13, 28, 2, 'uublog', '近平会见西班牙众议长', '2013-07-06 02:54:13', 0, 0, 0),
(14, 11, 2, 'uublog', '者提问\r\n　　（1）对我们团队，对我们公司，有什么需要，或者感兴趣想了解的？\r\n　　结尾\r\n　　OK，那就先到这里，如果有后续面试的话，再通知你。拜拜。\r\n　　面试别人的收获总结：\r\n　　（1）在面试的过', '2013-07-06 03:29:06', 0, 0, 0),
(15, 8, 2, 'uublog', 'stone Preview 的截图出现在网上，如果图片并非伪造，那它就可能是微软将于 6 月 26 日发布的 Windows 8.1 公开预览版（也就是 Beta 公测版）。', '2013-07-06 03:30:03', 0, 0, 0),
(16, 73, 1, 'admin', '   asdf', '2013-07-24 14:40:06', 0, 0, 0);

-- --------------------------------------------------------

--
-- 表的结构 `blog_follow`
--

CREATE TABLE IF NOT EXISTS `blog_follow` (
  `id` int(11) NOT NULL AUTO_INCREMENT,
  `blog_id` int(11) DEFAULT NULL,
  `follow_blog_id` int(11) DEFAULT '0',
  PRIMARY KEY (`id`)
) ENGINE=InnoDB  DEFAULT CHARSET=gbk AUTO_INCREMENT=103 ;

--
-- 转存表中的数据 `blog_follow`
--

INSERT INTO `blog_follow` (`id`, `blog_id`, `follow_blog_id`) VALUES
(43, 5, 3),
(44, 5, 2),
(45, 5, 5),
(46, 3, 2),
(47, 6, 3),
(48, 6, 2),
(49, 6, 5),
(50, 10, 3),
(51, 7, 2),
(52, 7, 6),
(53, 7, 3),
(54, 7, 7),
(55, 7, 5),
(56, 7, 4),
(57, 5, 6),
(58, 7, 12),
(59, 7, 10),
(60, 7, 1),
(61, 3, 10),
(62, 3, 8),
(63, 12, 6),
(64, 12, 11),
(65, 12, 8),
(66, 12, 10),
(67, 12, 1),
(68, 12, 3),
(69, 2, 12),
(70, 2, 10),
(71, 6, 10),
(72, 12, 7),
(73, 12, 2),
(74, 12, 4),
(75, 12, 9),
(76, 12, 9),
(77, 3, 12),
(78, 16, 4),
(79, 16, 3),
(80, 16, 10),
(81, 16, 12),
(82, 16, 1),
(83, 16, 2),
(84, 16, 11),
(85, 16, 15),
(86, 16, 6),
(87, 16, 7),
(88, 12, 5),
(89, 17, 3),
(90, 12, 18),
(91, 19, 12),
(92, 20, 12),
(93, 30, 10),
(94, 30, 28),
(95, 1, 12),
(96, 1, 30),
(97, 30, 12),
(98, 1, 19),
(99, 30, 30),
(100, 1, 14),
(101, 1, 10),
(102, 1, 31);

-- --------------------------------------------------------

--
-- 表的结构 `blog_suggest`
--

CREATE TABLE IF NOT EXISTS `blog_suggest` (
  `id` int(11) NOT NULL AUTO_INCREMENT,
  `blog_id` int(11) DEFAULT NULL,
  `suggest_blog_id` int(11) DEFAULT '0',
  PRIMARY KEY (`id`)
) ENGINE=InnoDB  DEFAULT CHARSET=gbk AUTO_INCREMENT=81 ;

--
-- 转存表中的数据 `blog_suggest`
--

INSERT INTO `blog_suggest` (`id`, `blog_id`, `suggest_blog_id`) VALUES
(48, 6, 2),
(50, 10, 3),
(55, 7, 5),
(60, 7, 10),
(61, 7, 3),
(62, 3, 10),
(63, 3, 8),
(64, 12, 11),
(65, 12, 10),
(66, 12, 8),
(67, 12, 3),
(68, 2, 12),
(69, 2, 12),
(70, 2, 12),
(71, 2, 10),
(72, 2, 12),
(73, 16, 4),
(74, 16, 12),
(75, 16, 3),
(76, 16, 2),
(77, 12, 2),
(78, 17, 3),
(79, 30, 10),
(80, 1, 19);

-- --------------------------------------------------------

--
-- 表的结构 `blog_type`
--

CREATE TABLE IF NOT EXISTS `blog_type` (
  `id` int(11) NOT NULL AUTO_INCREMENT,
  `parent_id` int(11) NOT NULL DEFAULT '0',
  `name` varchar(80) CHARACTER SET utf8 NOT NULL,
  `namecn` varchar(80) CHARACTER SET utf8 DEFAULT NULL,
  `sortnum` int(11) NOT NULL DEFAULT '0',
  `blogs` int(11) NOT NULL DEFAULT '0',
  `isenable` tinyint(1) NOT NULL DEFAULT '1',
  PRIMARY KEY (`id`)
) ENGINE=InnoDB  DEFAULT CHARSET=gbk AUTO_INCREMENT=28 ;

--
-- 转存表中的数据 `blog_type`
--

INSERT INTO `blog_type` (`id`, `parent_id`, `name`, `namecn`, `sortnum`, `blogs`, `isenable`) VALUES
(1, 0, '摄影', NULL, 0, 2, 1),
(2, 0, '旅游', NULL, 0, 0, 1),
(3, 0, '美食', NULL, 0, 2, 1),
(4, 0, '宠物', NULL, 0, 0, 1),
(5, 0, '家居', NULL, 0, 0, 1),
(6, 0, '时尚', NULL, 0, 0, 1),
(7, 0, '文学', NULL, 0, 0, 1),
(8, 0, '艺术', NULL, 0, 0, 1),
(9, 0, '创意', NULL, 0, 0, 1),
(10, 0, '影视', NULL, 0, 0, 1),
(11, 0, '美女', NULL, 0, 0, 1),
(12, 0, '音乐', NULL, 0, 0, 1),
(13, 0, '游戏', NULL, 0, 0, 1),
(14, 0, '动漫', NULL, 0, 0, 1),
(15, 0, '搞笑', NULL, 0, 0, 1),
(16, 0, '星座', NULL, 0, 0, 1),
(17, 0, '恋物', NULL, 0, 0, 1),
(18, 0, '体育', NULL, 0, 0, 1),
(19, 0, '数码', NULL, 0, 0, 1),
(20, 0, '科学', NULL, 0, 0, 1),
(21, 0, '育儿', NULL, 0, 0, 1),
(22, 0, '心情', NULL, 0, 0, 1),
(23, 0, '自然', NULL, 0, 0, 1),
(24, 0, '插画', NULL, 0, 0, 1),
(25, 0, '明星', NULL, 0, 0, 1),
(26, 0, '资讯', NULL, 0, 0, 1),
(27, 0, '生活', NULL, 0, 0, 1);

-- --------------------------------------------------------

--
-- 表的结构 `blog_visit`
--

CREATE TABLE IF NOT EXISTS `blog_visit` (
  `id` int(11) NOT NULL AUTO_INCREMENT,
  `blog_id` int(11) DEFAULT NULL,
  `visit_blog_id` int(11) DEFAULT '0',
  `lastvisittime` datetime DEFAULT NULL,
  PRIMARY KEY (`id`)
) ENGINE=InnoDB  DEFAULT CHARSET=gbk AUTO_INCREMENT=99 ;

--
-- 转存表中的数据 `blog_visit`
--

INSERT INTO `blog_visit` (`id`, `blog_id`, `visit_blog_id`, `lastvisittime`) VALUES
(1, 12, 11, '2013-07-02 09:09:20'),
(2, 7, 11, '2013-07-02 09:09:20'),
(3, 7, 7, '2013-07-02 09:09:20'),
(4, 12, 7, '2013-07-02 09:09:20'),
(5, 7, 3, '2013-07-02 09:09:20'),
(6, 12, 6, '2013-07-02 09:14:07'),
(7, 7, 6, '2013-07-02 09:15:03'),
(8, 6, 6, '2013-07-02 09:15:44'),
(9, 2, 10, '2013-07-02 12:00:48'),
(10, 2, 12, '2013-07-02 12:22:54'),
(11, 2, 7, '2013-07-02 12:32:08'),
(12, 12, 4, '2013-07-02 13:26:40'),
(13, 12, 3, '2013-07-02 13:26:47'),
(14, 6, 12, '2013-07-02 15:15:55'),
(15, 12, 15, '2013-07-03 04:28:41'),
(16, 12, 8, '2013-07-03 04:29:00'),
(17, 12, 10, '2013-07-03 04:29:13'),
(18, 3, 6, '2013-07-03 06:16:36'),
(19, 12, 5, '2013-07-03 09:07:17'),
(20, 16, 4, '2013-07-03 12:21:14'),
(21, 16, 3, '2013-07-03 12:26:26'),
(22, 16, 10, '2013-07-03 12:29:42'),
(23, 16, 12, '2013-07-03 12:47:22'),
(24, 16, 6, '2013-07-03 13:11:01'),
(25, 3, 10, '2013-07-03 13:46:40'),
(26, 16, 7, '2013-07-03 14:07:20'),
(27, 16, 2, '2013-07-03 14:08:31'),
(28, 12, 2, '2013-07-04 04:35:33'),
(29, 15, 2, '2013-07-04 08:02:38'),
(30, 15, 10, '2013-07-04 12:38:40'),
(31, 15, 7, '2013-07-04 12:49:31'),
(32, 15, 12, '2013-07-04 13:03:34'),
(33, 2, 5, '2013-07-05 07:58:53'),
(34, 2, 3, '2013-07-05 08:58:24'),
(35, 2, 11, '2013-07-05 09:01:03'),
(36, 2, 16, '2013-07-06 03:16:47'),
(37, 2, 1, '2013-07-06 03:16:54'),
(38, 2, 8, '2013-07-06 03:16:57'),
(39, 2, 4, '2013-07-06 03:37:25'),
(40, 2, 14, '2013-07-06 04:38:12'),
(41, 17, 2, '2013-07-06 12:09:57'),
(42, 17, 6, '2013-07-06 12:10:00'),
(43, 17, 3, '2013-07-06 12:15:22'),
(44, 18, 12, '2013-07-07 00:53:51'),
(45, 18, 6, '2013-07-07 00:54:22'),
(46, 18, 3, '2013-07-07 03:52:03'),
(47, 18, 5, '2013-07-07 03:52:26'),
(48, 18, 11, '2013-07-07 07:21:49'),
(49, 12, 18, '2013-07-08 04:34:20'),
(50, 19, 12, '2013-07-08 09:22:03'),
(51, 20, 12, '2013-07-08 13:13:00'),
(52, 19, 2, '2013-07-09 05:36:28'),
(53, 19, 20, '2013-07-09 06:20:40'),
(54, 19, 18, '2013-07-09 12:46:51'),
(55, 30, 10, '2013-07-10 07:47:42'),
(56, 30, 7, '2013-07-10 07:57:15'),
(57, 30, 28, '2013-07-10 09:55:33'),
(58, 30, 18, '2013-07-10 09:55:39'),
(59, 30, 14, '2013-07-10 09:55:40'),
(60, 30, 3, '2013-07-10 09:55:41'),
(61, 30, 19, '2013-07-10 09:55:43'),
(62, 30, 17, '2013-07-10 09:55:44'),
(63, 30, 22, '2013-07-10 09:55:45'),
(64, 30, 2, '2013-07-10 09:55:47'),
(65, 30, 20, '2013-07-10 09:55:49'),
(66, 30, 16, '2013-07-10 09:55:50'),
(67, 30, 1, '2013-07-10 15:01:45'),
(68, 30, 5, '2013-07-11 04:53:22'),
(69, 30, 12, '2013-07-11 08:22:40'),
(70, 30, 9, '2013-07-12 11:04:58'),
(71, 30, 15, '2013-07-12 11:12:15'),
(72, 30, 11, '2013-07-12 23:21:35'),
(73, 30, 4, '2013-07-13 00:10:21'),
(74, 30, 8, '2013-07-13 00:16:45'),
(75, 1, 30, '2013-07-14 00:41:04'),
(76, 1, 12, '2013-07-14 08:35:54'),
(77, 1, 10, '2013-07-14 13:21:41'),
(78, 1, 14, '2013-07-16 06:24:03'),
(79, 1, 2, '2013-07-16 07:06:25'),
(80, 1, 19, '2013-07-16 09:37:06'),
(81, 1, 3, '2013-07-16 10:06:03'),
(82, 19, 1, '2013-07-17 09:14:19'),
(83, 30, 23, '2013-07-18 02:17:24'),
(84, 19, 3, '2013-07-21 10:37:19'),
(85, 1, 31, '2013-07-22 12:46:40'),
(86, 1, 18, '2013-07-24 06:23:43'),
(87, 1, 6, '2013-07-24 12:12:46'),
(88, 19, 30, '2013-07-24 13:14:38'),
(89, 1, 17, '2013-07-25 01:57:23'),
(90, 9, 12, '2013-07-25 04:27:27'),
(91, 9, 4, '2013-07-27 05:46:14'),
(92, 9, 3, '2013-07-27 06:16:44'),
(93, 9, 30, '2013-07-27 13:06:04'),
(94, 9, 20, '2013-07-27 13:06:07'),
(95, 9, 14, '2013-07-27 13:06:10'),
(96, 9, 2, '2013-07-27 13:06:12'),
(97, 9, 15, '2013-07-27 13:06:15'),
(98, 9, 10, '2013-07-27 13:06:16');

-- --------------------------------------------------------

--
-- 表的结构 `blog_widget`
--

CREATE TABLE IF NOT EXISTS `blog_widget` (
  `name` varchar(80) CHARACTER SET utf8 NOT NULL,
  `title` varchar(80) CHARACTER SET utf8 NOT NULL,
  `attdef` varchar(2000) CHARACTER SET utf8 NOT NULL DEFAULT ' ',
  `datafrom` varchar(20) CHARACTER SET utf8 NOT NULL DEFAULT 'json',
  `func` varchar(256) CHARACTER SET utf8 DEFAULT NULL,
  `params` varchar(256) CHARACTER SET utf8 DEFAULT NULL,
  `sql` varchar(512) CHARACTER SET utf8 DEFAULT NULL,
  `block` varchar(256) CHARACTER SET utf8 DEFAULT NULL,
  `defaultdata` varchar(2000) CHARACTER SET utf8 DEFAULT NULL,
  `jsondef` varchar(2000) CHARACTER SET utf8 DEFAULT NULL,
  `canedit` tinyint(1) NOT NULL DEFAULT '0',
  `render` varchar(2000) CHARACTER SET utf8 NOT NULL,
  `issys` tinyint(1) NOT NULL DEFAULT '1',
  `sortnum` int(11) NOT NULL DEFAULT '1000',
  PRIMARY KEY (`name`)
) ENGINE=InnoDB DEFAULT CHARSET=gbk;

--
-- 转存表中的数据 `blog_widget`
--

INSERT INTO `blog_widget` (`name`, `title`, `attdef`, `datafrom`, `func`, `params`, `sql`, `block`, `defaultdata`, `jsondef`, `canedit`, `render`, `issys`, `sortnum`) VALUES
('archive', '归档', ' ', 'func', 'ArchiveModule', NULL, NULL, NULL, NULL, NULL, 0, '', 1, 50),
('badarticlelist', '鄙视文章', ' ', 'func', 'BadArticleListModule', NULL, NULL, NULL, NULL, NULL, 0, '', 1, 130),
('badcommentlist', '鄙视评论', ' ', 'func', 'BadCommentListModule', NULL, NULL, NULL, NULL, NULL, 0, '', 1, 230),
('befollowbloglist', '关注Ta的', ' ', 'func', 'BeFollowBlogListModule', NULL, NULL, NULL, NULL, NULL, 0, '', 1, 500),
('bevisitbloglist', '最近访客', ' ', 'func', 'BeVisitBlogListModule', NULL, NULL, NULL, NULL, NULL, 0, '', 1, 550),
('blocktest', 'blocktest', '', 'block', '', '', '', 'index_aaa', '', '', 0, '<div id="module_Archive" class="border tbox">     <div class="hd">         <h2>{{widget.title}}</h2>     </div>     <div class="bd">         <ul>             {% for articleInfo in widget.datas %}             <li><{{articleInfo.title}}</li>             {% endfor %}         </ul>     </div>     <div class="ft"></div> </div>', 1, 2000),
('category', '分类', ' ', 'func', 'CategoryModule', NULL, NULL, NULL, NULL, NULL, 0, '', 1, 30),
('customhtml', '自定义文本组件', ' ', 'html', NULL, NULL, NULL, NULL, NULL, NULL, 1, '', 1, 1010),
('customlist', '自定义列表组件', ' ', 'json', NULL, NULL, NULL, NULL, NULL, ' [{"name":"customlist_linkname","label":"连接名称","form":"text"},{"name":"customlist_linkurl","label":"连接地址","form":"text"},{"name":"customlist_linkdescp","label":"描述","form":"text"},{"name":"customlist_linkimg","label":"图片","form":"text"}]', 1, '', 0, 1020),
('customurl', '自定义Url组件', ' ', 'url', NULL, NULL, NULL, NULL, 'http://www.baidu.com', NULL, 1, '', 0, 1000),
('followbloglist', 'Ta关注的', ' ', 'func', 'FollowBlogListModule', NULL, NULL, NULL, NULL, NULL, 0, '', 1, 510),
('goodarticlelist', '推荐文章', ' ', 'func', 'GoodArticleListModule', NULL, NULL, NULL, NULL, NULL, 0, '', 1, 120),
('goodcommentlist', '推荐评论', ' ', 'func', 'GoodCommentListModule', NULL, NULL, NULL, NULL, NULL, 0, '', 1, 220),
('hotarticlelist', '热门文章', ' ', 'func', 'HotArticleListModule', '', '', '', '', '', 0, '', 1, 110),
('hotcommentlist', '热门评论', ' ', 'func', 'HotCommentListModule', NULL, NULL, NULL, NULL, NULL, 0, '', 1, 210),
('hotuserlist', '热门用户', ' ', 'func', 'HotUserListModule', NULL, NULL, NULL, NULL, NULL, 0, '', 1, 310),
('newarticlelist', '最新文章', ' ', 'func', 'NewArticleListModule', NULL, NULL, NULL, NULL, NULL, 0, '', 1, 100),
('newcommentlist', '最新评论', ' ', 'func', 'NewCommentListModule', NULL, NULL, NULL, NULL, NULL, 0, '', 1, 200),
('newuserlist', '最新用户', ' ', 'func', 'NewUserListModule', NULL, NULL, NULL, NULL, NULL, 0, '', 1, 300),
('profile', '个人资料', ' ', 'func', 'ProfileModule', NULL, NULL, NULL, NULL, NULL, 0, '', 1, 10),
('search', '搜索', ' ', 'func', 'SearchModule', NULL, NULL, NULL, NULL, NULL, 0, '', 1, 20),
('tags', 'Tags', ' ', 'func', 'TagsModule', NULL, NULL, NULL, NULL, NULL, 0, '', 1, 40),
('test', 'test', ' [{"name":"test_name","label":"文本","form":"select","value":"aaa,bbb,ccc"},{"name":"test_width","label":"宽度","form":"text","value":"200"},{"name":"test_height","label":"高度","form":"text","value":"500"}]', 'json', NULL, NULL, NULL, NULL, NULL, '[{"name":"test_linkname","label":"连接名称","form":"text"},{"name":"test_linkurl","label":"连接地址","form":"text"}]', 1, '<div id="module_NewCommentList" class="border tbox">     <div class="hd">         <h2>{{widget.title}}</h2>     </div>     <div class="bd">         <ul>         {% for data in widget.datas %}         <li>{{data.test_linkname}}</li>         {% endfor %}             </ul>     </div>     <div class="ft"></div> </div>', 0, 2000);

-- --------------------------------------------------------

--
-- 表的结构 `django_admin_log`
--

CREATE TABLE IF NOT EXISTS `django_admin_log` (
  `id` int(11) NOT NULL AUTO_INCREMENT,
  `action_time` datetime NOT NULL,
  `user_id` int(11) NOT NULL,
  `content_type_id` int(11) DEFAULT NULL,
  `object_id` longtext,
  `object_repr` varchar(200) NOT NULL,
  `action_flag` smallint(5) unsigned NOT NULL,
  `change_message` longtext NOT NULL,
  PRIMARY KEY (`id`),
  KEY `django_admin_log_6340c63c` (`user_id`),
  KEY `django_admin_log_37ef4eb4` (`content_type_id`)
) ENGINE=InnoDB  DEFAULT CHARSET=gbk AUTO_INCREMENT=130 ;

--
-- 转存表中的数据 `django_admin_log`
--

INSERT INTO `django_admin_log` (`id`, `action_time`, `user_id`, `content_type_id`, `object_id`, `object_repr`, `action_flag`, `change_message`) VALUES
(1, '2013-07-13 14:23:00', 1, 16, '1', 'Block object', 1, ''),
(2, '2013-07-13 14:27:51', 1, 17, '1', 'Block1 object', 1, ''),
(3, '2013-07-13 14:30:10', 1, 16, '2', '首页频道1', 1, ''),
(4, '2013-07-14 00:58:44', 1, 16, '3', 'Block object', 1, ''),
(5, '2013-07-14 00:59:02', 1, 16, '4', 'Block object', 1, ''),
(6, '2013-07-20 13:24:06', 1, 16, '4', '动态a(静态碎片)', 2, 'Changed type.'),
(7, '2013-07-20 13:24:14', 1, 16, '2', '首页频道1(静态碎片)', 2, 'Changed type.'),
(8, '2013-07-20 13:29:42', 1, 16, '6', '代码碎片(静态碎片)', 1, ''),
(9, '2013-07-20 13:42:53', 1, 17, '1', 'Block1 object', 2, 'Changed block.'),
(10, '2013-07-20 14:29:31', 1, 17, '3', 'Block1 object', 1, ''),
(11, '2013-07-21 02:11:22', 1, 21, 'hotarticlelist', 'Widget object', 2, 'No fields changed.'),
(12, '2013-07-21 02:13:27', 1, 21, 'blocktest', 'Widget object', 1, ''),
(13, '2013-07-21 02:25:16', 1, 21, 'blocktest', 'Widget object', 2, 'Changed render.'),
(14, '2013-07-21 13:13:22', 1, 16, '7', '文化(静态碎片,channel_1)', 1, ''),
(15, '2013-07-21 13:13:43', 1, 16, '8', '体育(静态碎片,channel_2)', 1, ''),
(16, '2013-07-21 13:14:02', 1, 16, '9', '娱乐(静态碎片,channel_3)', 1, ''),
(17, '2013-07-21 13:14:28', 1, 16, '10', '美食(静态碎片,channel_4)', 1, ''),
(18, '2013-07-21 13:14:44', 1, 16, '11', 'channel_5(静态碎片,channel_5)', 1, ''),
(19, '2013-07-21 13:14:56', 1, 16, '12', 'channel_6(静态碎片,channel_6)', 1, ''),
(20, '2013-07-21 13:15:03', 1, 16, '13', 'channel_7(静态碎片,channel_7)', 1, ''),
(21, '2013-07-21 13:15:10', 1, 16, '14', 'channel_8(静态碎片,channel_8)', 1, ''),
(22, '2013-07-21 13:15:20', 1, 16, '15', 'channel_9(静态碎片,channel_9)', 1, ''),
(23, '2013-07-21 13:15:28', 1, 16, '16', 'channel_10(静态碎片,channel_10)', 1, ''),
(24, '2013-07-21 13:15:35', 1, 16, '17', 'channel_11(静态碎片,channel_11)', 1, ''),
(25, '2013-07-21 13:15:41', 1, 16, '18', 'channel_12(静态碎片,channel_12)', 1, ''),
(26, '2013-07-21 13:15:48', 1, 16, '19', 'channel_13(静态碎片,channel_13)', 1, ''),
(27, '2013-07-21 13:15:55', 1, 16, '20', 'channel_14(静态碎片,channel_14)', 1, ''),
(28, '2013-07-21 13:16:02', 1, 16, '21', 'channel_15(静态碎片,channel_15)', 1, ''),
(29, '2013-07-21 13:16:09', 1, 16, '22', 'channel_16(静态碎片,channel_16)', 1, ''),
(30, '2013-07-21 13:16:18', 1, 16, '23', 'channel_17(静态碎片,channel_17)', 1, ''),
(31, '2013-07-21 13:16:27', 1, 16, '24', 'channel_18(静态碎片,channel_18)', 1, ''),
(32, '2013-07-21 13:16:34', 1, 16, '25', 'channel_19(静态碎片,channel_19)', 1, ''),
(33, '2013-07-21 13:16:41', 1, 16, '26', 'channel_20(静态碎片,channel_20)', 1, ''),
(34, '2013-07-21 13:16:48', 1, 16, '27', 'channel_21(静态碎片,channel_21)', 1, ''),
(35, '2013-07-21 13:16:54', 1, 16, '28', 'channel_22(静态碎片,channel_22)', 1, ''),
(36, '2013-07-21 13:17:00', 1, 16, '29', 'channel_23(静态碎片,channel_23)', 1, ''),
(37, '2013-07-21 13:17:07', 1, 16, '30', 'channel_24(静态碎片,channel_24)', 1, ''),
(38, '2013-07-21 13:17:14', 1, 16, '31', 'channel_25(静态碎片,channel_25)', 1, ''),
(39, '2013-07-21 13:17:21', 1, 16, '32', 'channel_26(静态碎片,channel_26)', 1, ''),
(40, '2013-07-21 13:17:29', 1, 16, '33', 'channel_27(静态碎片,channel_27)', 1, ''),
(41, '2013-07-21 13:17:36', 1, 16, '34', 'channel_28(静态碎片,channel_28)', 1, ''),
(42, '2013-07-21 13:17:47', 1, 16, '35', 'channel_29(静态碎片,channel_29)', 1, ''),
(43, '2013-07-21 13:17:56', 1, 16, '36', 'channel_30(静态碎片,channel_30)', 1, ''),
(44, '2013-07-21 13:18:05', 1, 16, '37', 'channel_31(静态碎片,channel_31)', 1, ''),
(45, '2013-07-21 13:18:13', 1, 16, '38', 'channel_32(静态碎片,channel_32)', 1, ''),
(46, '2013-07-21 13:18:20', 1, 16, '39', 'channel_33(静态碎片,channel_33)', 1, ''),
(47, '2013-07-21 13:18:27', 1, 16, '40', 'channel_34(静态碎片,channel_34)', 1, ''),
(48, '2013-07-21 13:18:33', 1, 16, '41', 'channel_35(静态碎片,channel_35)', 1, ''),
(49, '2013-07-21 13:18:43', 1, 16, '42', 'channel_36(静态碎片,channel_36)', 1, ''),
(50, '2013-07-21 13:18:51', 1, 16, '43', 'channel_37(静态碎片,channel_37)', 1, ''),
(51, '2013-07-21 13:18:58', 1, 16, '44', 'channel_38(静态碎片,channel_38)', 1, ''),
(52, '2013-07-21 13:19:07', 1, 16, '45', 'channel_39(静态碎片,channel_39)', 1, ''),
(53, '2013-07-21 13:19:14', 1, 16, '46', 'channel_40(静态碎片,channel_40)', 1, ''),
(54, '2013-07-21 13:19:22', 1, 16, '47', 'channel_41(静态碎片,channel_41)', 1, ''),
(55, '2013-07-21 13:19:30', 1, 16, '48', 'channel_42(静态碎片,channel_42)', 1, ''),
(56, '2013-07-21 13:19:37', 1, 16, '49', 'channel_43(静态碎片,channel_43)', 1, ''),
(57, '2013-07-21 13:19:44', 1, 16, '50', 'channel_44(静态碎片,channel_44)', 1, ''),
(58, '2013-07-21 13:19:54', 1, 16, '51', 'channel_45(静态碎片,channel_45)', 1, ''),
(59, '2013-07-21 13:20:04', 1, 16, '52', 'channel_46(静态碎片,channel_46)', 1, ''),
(60, '2013-07-21 13:20:17', 1, 16, '53', 'channel_47(静态碎片,channel_47)', 1, ''),
(61, '2013-07-21 13:21:18', 1, 16, '8', '文化_图片(静态碎片,channel_1_pic)', 2, 'Changed name and namecn.'),
(62, '2013-07-21 13:21:59', 1, 16, '9', '体育(静态碎片,channel_2)', 2, 'Changed name and namecn.'),
(63, '2013-07-21 13:22:14', 1, 16, '10', '体育_图片(静态碎片,channel_2_pic)', 2, 'Changed name and namecn.'),
(64, '2013-07-21 13:22:43', 1, 16, '11', '娱乐(静态碎片,channel_3)', 2, 'Changed name and namecn.'),
(65, '2013-07-21 13:22:57', 1, 16, '12', '娱乐_图片(静态碎片,channel_3_pic)', 2, 'Changed name and namecn.'),
(66, '2013-07-21 13:23:12', 1, 16, '13', '美食(静态碎片,channel_4)', 2, 'Changed name and namecn.'),
(67, '2013-07-21 13:23:26', 1, 16, '14', '美食_图片(静态碎片,channel_4_pic)', 2, 'Changed name and namecn.'),
(68, '2013-07-21 13:23:42', 1, 16, '15', '股票(静态碎片,channel_5)', 2, 'Changed name and namecn.'),
(69, '2013-07-21 13:23:57', 1, 16, '16', '股票_图片(静态碎片,channel_5_pic)', 2, 'Changed name and namecn.'),
(70, '2013-07-21 13:24:12', 1, 16, '17', 'IT(静态碎片,channel_6)', 2, 'Changed name and namecn.'),
(71, '2013-07-21 13:24:30', 1, 16, '18', 'IT_图片(静态碎片,channel_6_pic)', 2, 'Changed name and namecn.'),
(72, '2013-07-21 13:24:46', 1, 16, '19', '军事(静态碎片,channel_7)', 2, 'Changed name and namecn.'),
(73, '2013-07-21 13:25:01', 1, 16, '20', '军事_图片(静态碎片,channel_7_pic)', 2, 'Changed name and namecn.'),
(74, '2013-07-21 13:25:17', 1, 16, '21', '杂谈(静态碎片,channel_8)', 2, 'Changed name and namecn.'),
(75, '2013-07-21 13:25:32', 1, 16, '22', '杂谈_图片(静态碎片,channel_8_pic)', 2, 'Changed name and namecn.'),
(76, '2013-07-21 13:25:51', 1, 16, '23', '游戏(静态碎片,channel_9)', 2, 'Changed name and namecn.'),
(77, '2013-07-21 13:26:11', 1, 16, '24', '游戏_图片(静态碎片,channel_9_pic)', 2, 'Changed name and namecn.'),
(78, '2013-07-21 13:26:28', 1, 16, '25', '教育(静态碎片,channel_10)', 2, 'Changed name and namecn.'),
(79, '2013-07-21 13:26:42', 1, 16, '26', '教育_图片(静态碎片,channel_10_pic)', 2, 'Changed name and namecn.'),
(80, '2013-07-21 13:26:57', 1, 16, '27', '育儿(静态碎片,channel_11)', 2, 'Changed name and namecn.'),
(81, '2013-07-21 13:27:11', 1, 16, '28', '育儿_图片(静态碎片,channel_11_pic)', 2, 'Changed name and namecn.'),
(82, '2013-07-21 13:28:09', 1, 16, '29', '旅游(静态碎片,channel_12)', 2, 'Changed name and namecn.'),
(83, '2013-07-21 13:28:26', 1, 16, '30', '旅游_图片(静态碎片,channel_12_pic)', 2, 'Changed name and namecn.'),
(84, '2013-07-21 13:28:41', 1, 16, '31', '房产(静态碎片,channel_13)', 2, 'Changed name and namecn.'),
(85, '2013-07-21 13:29:18', 1, 16, '32', '房产_图片(静态碎片,channel_13_pic)', 2, 'Changed name and namecn.'),
(86, '2013-07-21 13:29:40', 1, 16, '33', '汽车(静态碎片,channel_14)', 2, 'Changed name and namecn.'),
(87, '2013-07-21 13:30:03', 1, 16, '34', '汽车_图片(静态碎片,channel_14_pic)', 2, 'Changed name and namecn.'),
(88, '2013-07-21 13:30:20', 1, 16, '35', '星座(静态碎片,channel_15)', 2, 'Changed name and namecn.'),
(89, '2013-07-21 13:30:43', 1, 16, '36', '星座_图片(静态碎片,channel_15_pic)', 2, 'Changed name and namecn.'),
(90, '2013-07-21 13:31:01', 1, 16, '37', '时尚(静态碎片,channel_16)', 2, 'Changed name and namecn.'),
(91, '2013-07-21 13:31:16', 1, 16, '38', '时尚_图片(静态碎片,channel_16_pic)', 2, 'Changed name and namecn.'),
(92, '2013-07-21 13:31:32', 1, 16, '39', '家居(静态碎片,channel_17)', 2, 'Changed name and namecn.'),
(93, '2013-07-21 13:31:52', 1, 16, '40', '家居_图片(静态碎片,channel_17_pic)', 2, 'Changed name and namecn.'),
(94, '2013-07-21 13:32:10', 1, 16, '41', '健康(静态碎片,channel_18)', 2, 'Changed name and namecn.'),
(95, '2013-07-21 13:32:24', 1, 16, '42', '健康_图片(静态碎片,channel_18_pic)', 2, 'Changed name and namecn.'),
(96, '2013-07-21 13:32:57', 1, 16, '43', '休闲(静态碎片,channel_19)', 2, 'Changed name and namecn.'),
(97, '2013-07-21 13:33:12', 1, 16, '44', '休闲_图片(静态碎片,channel_19_pic)', 2, 'Changed name and namecn.'),
(98, '2013-07-21 13:33:28', 1, 16, '45', '情感(静态碎片,channel_20)', 2, 'Changed name and namecn.'),
(99, '2013-07-21 13:33:42', 1, 16, '46', '情感_图片(静态碎片,channel_20_pic)', 2, 'Changed name and namecn.'),
(100, '2013-07-21 13:34:00', 1, 16, '47', '校园(静态碎片,channel_21)', 2, 'Changed name and namecn.'),
(101, '2013-07-21 13:34:14', 1, 16, '48', '校园_图片(静态碎片,channel_21_pic)', 2, 'Changed name and namecn.'),
(102, '2013-07-21 13:34:28', 1, 16, '49', '财经(静态碎片,channel_22)', 2, 'Changed name and namecn.'),
(103, '2013-07-21 13:34:44', 1, 16, '50', '财经_图片(静态碎片,channel_22_pic)', 2, 'Changed name and namecn.'),
(104, '2013-07-21 13:34:58', 1, 16, '51', '自然(静态碎片,channel_23)', 2, 'Changed name and namecn.'),
(105, '2013-07-21 13:35:12', 1, 16, '52', '自然_图片(静态碎片,channel_23_pic)', 2, 'Changed name and namecn.'),
(106, '2013-07-21 13:35:35', 1, 16, '53', '插画(静态碎片,channel_24)', 2, 'Changed name and namecn.'),
(107, '2013-07-21 13:36:44', 1, 16, '54', '插画_图片(静态碎片,channel_24_pic)', 1, ''),
(108, '2013-07-21 13:37:21', 1, 16, '55', '明星(静态碎片,channel_25)', 1, ''),
(109, '2013-07-21 13:37:37', 1, 16, '56', '明星_图片(静态碎片,channel_25_pic)', 1, ''),
(110, '2013-07-21 13:37:58', 1, 16, '57', '资讯(静态碎片,channel_26)', 1, ''),
(111, '2013-07-21 13:38:13', 1, 16, '58', '资讯_图片(静态碎片,channel_26_pic)', 1, ''),
(112, '2013-07-21 13:38:29', 1, 16, '59', '生活(静态碎片,channel_27)', 1, ''),
(113, '2013-07-21 13:38:44', 1, 16, '60', '生活_图片(静态碎片,channel_27_pic)', 1, ''),
(114, '2013-07-21 13:39:27', 1, 16, '61', '保留(静态碎片,channel_28)', 1, ''),
(115, '2013-07-21 13:39:42', 1, 16, '62', '保留_图片(静态碎片,channel_28_pic)', 1, ''),
(116, '2013-07-21 13:39:54', 1, 16, '63', '保留(静态碎片,channel_29)', 1, ''),
(117, '2013-07-21 13:40:10', 1, 16, '64', '保留_图片(静态碎片,channel_29_pic)', 1, ''),
(118, '2013-07-21 13:40:20', 1, 16, '65', '保留(静态碎片,channel_30)', 1, ''),
(119, '2013-07-21 13:40:34', 1, 16, '66', '保留_图片(静态碎片,channel_30_pic)', 1, ''),
(120, '2013-07-22 01:05:04', 1, 22, '2', '首页频道碎片', 1, ''),
(121, '2013-07-22 01:05:57', 1, 16, '66', '保留_图片(静态碎片,channel_30_pic)', 2, 'Changed blockcategory.'),
(122, '2013-07-22 10:05:16', 1, 16, '65', '保留(静态碎片,channel_30)', 2, 'Changed blockcategory.'),
(123, '2013-07-23 13:27:35', 1, 16, '67', '首页Flash(静态碎片,index_flash)', 1, ''),
(124, '2013-07-23 13:29:07', 1, 20, '197', 'Block2 object', 1, ''),
(125, '2013-07-23 13:30:10', 1, 20, '198', 'Block2 object', 1, ''),
(126, '2013-07-23 13:30:43', 1, 20, '199', 'Block2 object', 1, ''),
(127, '2013-07-23 13:31:19', 1, 20, '200', 'Block2 object', 1, ''),
(128, '2013-07-23 13:31:56', 1, 20, '201', 'Block2 object', 1, ''),
(129, '2013-07-23 13:44:42', 1, 20, '5', 'Block2 object', 3, '');

-- --------------------------------------------------------

--
-- 表的结构 `django_content_type`
--

CREATE TABLE IF NOT EXISTS `django_content_type` (
  `id` int(11) NOT NULL AUTO_INCREMENT,
  `name` varchar(100) NOT NULL,
  `app_label` varchar(100) NOT NULL,
  `model` varchar(100) NOT NULL,
  PRIMARY KEY (`id`),
  UNIQUE KEY `app_label` (`app_label`,`model`)
) ENGINE=InnoDB  DEFAULT CHARSET=gbk AUTO_INCREMENT=23 ;

--
-- 转存表中的数据 `django_content_type`
--

INSERT INTO `django_content_type` (`id`, `name`, `app_label`, `model`) VALUES
(1, 'permission', 'auth', 'permission'),
(2, 'group', 'auth', 'group'),
(3, 'user', 'auth', 'user'),
(4, 'content type', 'contenttypes', 'contenttype'),
(5, 'session', 'sessions', 'session'),
(6, 'site', 'sites', 'site'),
(7, 'log entry', 'admin', 'logentry'),
(8, 'poll', 'polls', 'poll'),
(9, 'choice', 'polls', 'choice'),
(10, 'category', 'UUBlog', 'category'),
(11, 'article', 'UUBlog', 'article'),
(12, 'comment', 'UUBlog', 'comment'),
(13, 'user profile', 'UUBlog', 'userprofile'),
(14, 'blog', 'UUBlog', 'blog'),
(15, 'user profile', 'Accounts', 'userprofile'),
(16, 'block', 'blog', 'block'),
(17, 'block1', 'blog', 'block1'),
(18, 'article', 'blog', 'article'),
(19, 'channel', 'blog', 'channel'),
(20, 'block2', 'blog', 'block2'),
(21, 'widget', 'blog', 'widget'),
(22, 'block category', 'blog', 'blockcategory');

-- --------------------------------------------------------

--
-- 表的结构 `django_session`
--

CREATE TABLE IF NOT EXISTS `django_session` (
  `session_key` varchar(40) NOT NULL,
  `session_data` longtext NOT NULL,
  `expire_date` datetime NOT NULL,
  PRIMARY KEY (`session_key`),
  KEY `django_session_b7b81f0c` (`expire_date`)
) ENGINE=InnoDB DEFAULT CHARSET=gbk;

--
-- 转存表中的数据 `django_session`
--

INSERT INTO `django_session` (`session_key`, `session_data`, `expire_date`) VALUES
('0cwoelnb1xzo3ntbrx9zfwh2si1aji8f', 'N2FkMWY0OGJiNzQ5YjZlNGQxZDJmYjZlMmUwODY4YTMwNDI0OGQ5MTqAAn1xAShVEl9hdXRoX3VzZXJfYmFja2VuZHECVSlkamFuZ28uY29udHJpYi5hdXRoLmJhY2tlbmRzLk1vZGVsQmFja2VuZHEDVQ1fYXV0aF91c2VyX2lkcQSKAQN1Lg==', '2013-07-14 00:16:29'),
('c9k8gse46yahfe9xbdvvzjy548dk2cyv', 'MTE2MTI2OGEyMTg2Y2U2MjM4YmI1MTRhZWM4OWZiYzU2NTI0MjcwYzqAAn1xAShVEl9hdXRoX3VzZXJfYmFja2VuZHECVSlkamFuZ28uY29udHJpYi5hdXRoLmJhY2tlbmRzLk1vZGVsQmFja2VuZHEDVQ1fYXV0aF91c2VyX2lkcQSKAQl1Lg==', '2013-08-08 04:26:35'),
('d8swek4p9m80laudzamwfqr5c72bw6kn', 'MjNmODE5Y2U3MDRkNGQyNzAxMDNjNTJjYmFlNTVmYWRjNjcxMWZjYTqAAn1xAShVEl9hdXRoX3VzZXJfYmFja2VuZHECVSlkamFuZ28uY29udHJpYi5hdXRoLmJhY2tlbmRzLk1vZGVsQmFja2VuZHEDVQ1fYXV0aF91c2VyX2lkcQSKARB1Lg==', '2013-07-17 12:20:20'),
('e76dn1l1gvs2us05l8p2uus76ioz8vx5', 'OTQ3MWUxNzZhYTY0OTkyYzA4M2FjMzA2NTQyZmZmN2ExNTcyNzRmZjqAAn1xAShVEl9hdXRoX3VzZXJfYmFja2VuZHECVSlkamFuZ28uY29udHJpYi5hdXRoLmJhY2tlbmRzLk1vZGVsQmFja2VuZHEDVQ1fYXV0aF91c2VyX2lkcQSKAR91Lg==', '2013-08-04 12:48:40'),
('ghwbzft65jnkn6ahskj2wa9b019ipqrj', 'ODdmNTA3M2M4YTc1MWIwMTI4M2E1ZGViOTA2YzJhY2ZjZmFiNGNhMzqAAn1xAS4=', '2013-07-22 13:15:47'),
('jyrrjd6zxrgfydeobz0daltcsxyzoyyt', 'ODdmNTA3M2M4YTc1MWIwMTI4M2E1ZGViOTA2YzJhY2ZjZmFiNGNhMzqAAn1xAS4=', '2013-07-12 13:24:48'),
('l555d99wbp9cgv1tlj1krq3kby1r1o0b', 'ODdmNTA3M2M4YTc1MWIwMTI4M2E1ZGViOTA2YzJhY2ZjZmFiNGNhMzqAAn1xAS4=', '2013-07-20 12:05:38'),
('oqoer8suvzbn6k4atkykr6bjuyxz0ua1', 'ZDE5MWY4Y2YwOTQ3OGMzZGQyM2NjMjQxNjhjYWY3MTVjMTYzYmQyYjqAAn1xAShVEl9hdXRoX3VzZXJfYmFja2VuZHECVSlkamFuZ28uY29udHJpYi5hdXRoLmJhY2tlbmRzLk1vZGVsQmFja2VuZHEDVQ1fYXV0aF91c2VyX2lkcQSKARN1Lg==', '2013-07-31 08:03:36'),
('w5zllw84niajjhqqhovk6f4a7gi60oa6', 'YTcyMWU2ZWQzYTA5ODM4ZjhhMGU2ZGVmNGVkMDU2YjcwMmMwMjc4ZTqAAn1xAShVEl9hdXRoX3VzZXJfYmFja2VuZHECVSlkamFuZ28uY29udHJpYi5hdXRoLmJhY2tlbmRzLk1vZGVsQmFja2VuZHEDVQ1fYXV0aF91c2VyX2lkcQSKAQF1Lg==', '2013-08-03 13:44:51');

-- --------------------------------------------------------

--
-- 表的结构 `django_site`
--

CREATE TABLE IF NOT EXISTS `django_site` (
  `id` int(11) NOT NULL AUTO_INCREMENT,
  `domain` varchar(100) NOT NULL,
  `name` varchar(50) NOT NULL,
  PRIMARY KEY (`id`)
) ENGINE=InnoDB  DEFAULT CHARSET=gbk AUTO_INCREMENT=2 ;

--
-- 转存表中的数据 `django_site`
--

INSERT INTO `django_site` (`id`, `domain`, `name`) VALUES
(1, 'example.com', 'example.com');

--
-- 限制导出的表
--

--
-- 限制表 `auth_permission`
--
ALTER TABLE `auth_permission`
  ADD CONSTRAINT `content_type_id_refs_id_d043b34a` FOREIGN KEY (`content_type_id`) REFERENCES `django_content_type` (`id`);

--
-- 限制表 `auth_user_groups`
--
ALTER TABLE `auth_user_groups`
  ADD CONSTRAINT `group_id_refs_id_274b862c` FOREIGN KEY (`group_id`) REFERENCES `auth_group` (`id`),
  ADD CONSTRAINT `user_id_refs_id_40c41112` FOREIGN KEY (`user_id`) REFERENCES `auth_user` (`id`);

--
-- 限制表 `auth_user_user_permissions`
--
ALTER TABLE `auth_user_user_permissions`
  ADD CONSTRAINT `permission_id_refs_id_35d9ac25` FOREIGN KEY (`permission_id`) REFERENCES `auth_permission` (`id`),
  ADD CONSTRAINT `user_id_refs_id_4dc23c39` FOREIGN KEY (`user_id`) REFERENCES `auth_user` (`id`);

--
-- 限制表 `django_admin_log`
--
ALTER TABLE `django_admin_log`
  ADD CONSTRAINT `content_type_id_refs_id_93d2d1f8` FOREIGN KEY (`content_type_id`) REFERENCES `django_content_type` (`id`),
  ADD CONSTRAINT `user_id_refs_id_c0d12874` FOREIGN KEY (`user_id`) REFERENCES `auth_user` (`id`);
